developer_id,name,country,founding_year,size,is_closed,continent
1,!CyberApex (SkagoGames),France,1976,indie,False,Europe
2,&y,USA,1983,indie,False,America
3,((no-end-parens Studio,Canada,2009,indie,False,America
4,(주)펀웨이브,Japan,1976,indie,False,Asia
5,.M.Y.W.,USA,2013,indie,True,America
6,.ez Games,USA,2016,indie,False,America
7,0 Deer Soft,UK,2003,mid,False,Europe
8,0-Game Studios,Russia,1975,indie,False,Europe
9,1 Look Games,USA,2002,indie,False,America
10,1 Simple Game,USA,1996,indie,False,America
11,1 w programmer,UK,1997,indie,False,Europe
12,10 games studios,France,1977,mid,False,Europe
13,100 Cats,Germany,1999,mid,False,Europe
14,1000-REKA,USA,2015,indie,False,America
15,10101 Software,Poland,2011,indie,False,Europe
16,1029studio,USA,2017,indie,False,America
17,1047 Games,USA,1980,indie,False,America
18,10tons Ltd,Poland,1999,aaa,False,Europe
19,10x10 Room,France,1998,indie,False,Europe
20,11 bit studios,UK,2017,indie,False,Europe
21,1122 Industries,Sweden,2016,indie,False,Europe
22,11Sheep,France,2009,indie,False,Europe
23,1337 Game Design,USA,1999,indie,False,America
24,160dev,Sweden,2019,indie,False,Europe
25,17-BIT,Canada,1978,indie,False,America
26,1812 Productions (PC Port),USA,1995,indie,False,America
27,1984pxls,USA,2011,indie,False,America
28,1MP,UK,2016,indie,False,Europe
29,1kcal,Sweden,2016,indie,False,Europe
30,2 Cubs Studio,USA,1990,indie,False,America
31,2 Devi LLC,Germany,2022,indie,False,Europe
32,2 Hit Studio,Sweden,2000,indie,False,Europe
33,2112Games,Australia,1983,indie,False,Oceania
34,221GAMES,USA,1978,indie,False,America
35,23:23 Team,USA,1985,indie,False,America
36,2645Interactive,Japan,1979,indie,False,Asia
37,26horses,Germany,2004,indie,False,Europe
38,29Ninja,Australia,1975,indie,False,Oceania
39,29x,USA,2009,indie,False,America
40,2A T.E.,Russia,1996,indie,False,Europe
41,2Bit Studios,Japan,2004,indie,True,Asia
42,2Chance Projects,Canada,2021,indie,False,America
43,2D Heroes,Japan,1986,indie,False,Asia
44,2Hyper,USA,2015,indie,False,America
45,2K Australia,France,2013,mid,False,Europe
46,2K Boston,UK,1985,indie,False,Europe
47,2K Czech,Russia,2008,indie,False,Europe
48,2KG GAMING,Germany,2006,indie,True,Europe
49,2Z,Sweden,1994,indie,False,Europe
50,2ev1l,USA,2011,mid,False,America
51,2humanstudiowo,USA,2006,indie,False,America
52,2nd Best Games,Australia,2009,indie,False,Oceania
53,2ndUp Studios,USA,2005,indie,False,America
54,2nek,USA,2008,indie,False,America
55,2xDal,Japan,1988,indie,False,Asia
56,2xN Studios,Russia,2019,indie,False,Europe
57,3 Feet From Gold Games,UK,2017,indie,False,Europe
58,3 Gnomes Games,Japan,2008,indie,False,Asia
59,3 Sprockets,USA,1979,mid,False,America
60,3000AD,Germany,1989,mid,False,Europe
61,3000Studio,USA,2020,indie,False,America
62,333Ba,USA,1977,indie,False,America
63,3D FACTORY,USA,1990,indie,False,America
64,3D Realms,Japan,2009,indie,False,Asia
65,3D Talo Finland Ltd.,Sweden,2011,indie,False,Europe
66,3DI LLC,USA,2005,indie,False,America
67,3DIQ,USA,1981,indie,False,America
68,3Division,UK,2001,indie,False,Europe
69,3MA Studios,Canada,2018,indie,False,America
70,3Mind Games,France,1978,indie,False,Europe
71,3dm_live_wallpapers,UK,1981,mid,False,Europe
72,3lb Games,USA,2003,indie,False,America
73,3rd eye project,USA,2004,indie,False,America
74,3y3.net,Sweden,2003,indie,False,Europe
75,4 Gladiators Studio,Poland,1981,indie,False,Europe
76,430Games,Australia,1975,indie,False,Oceania
77,43N34S,Sweden,1990,indie,False,Europe
78,480 Games,Japan,1988,indie,False,Asia
79,"4DAYS LAB Co., Ltd.",Sweden,1985,indie,False,Europe
80,4Friends Games,Australia,1991,indie,False,Oceania
81,4H StudioLab,Russia,1993,indie,False,Europe
82,4th Foundation,Australia,2010,indie,False,Oceania
83,5 Hours of Sleep,Japan,1987,indie,False,Asia
84,5K studios,Australia,2012,indie,False,Oceania
85,5minlab Corp.,USA,1995,indie,False,America
86,5pb,Germany,2007,indie,False,Europe
87,616 GAMES,Germany,1978,indie,False,Europe
88,626 Interactive,USA,1986,indie,False,America
89,6Zeri,USA,1990,indie,False,America
90,727 Not Hound,Australia,2011,indie,False,Oceania
91,"74 Ninjas, LLC",Germany,2014,indie,False,Europe
92,74games,France,2011,indie,False,Europe
93,7Games,Sweden,1988,indie,False,Europe
94,7Levels,UK,1991,indie,False,Europe
95,"8-Bit Productions, LLC",Canada,1994,mid,False,America
96,8BitSkull,Sweden,1979,indie,True,Europe
97,8bit,France,2011,indie,False,Europe
98,8floor,USA,1988,aaa,False,America
99,96Brothers,USA,1997,indie,False,America
100,98 INTERACTIVE,Sweden,1998,indie,False,Europe
101,9gyar,Japan,2009,indie,False,Asia
102,@CarlosGameDev,France,2016,indie,False,Europe
103,A Few Dragons,France,2010,indie,False,Europe
104,A Gramps Thing,France,1983,indie,False,Europe
105,A Little More Games,Sweden,2022,indie,False,Europe
106,A Maniacal Game LP,USA,2013,indie,False,America
107,A Memory of Eternity,UK,2018,indie,False,Europe
108,A Nostru,USA,2006,mid,False,America
109,A Shell in the Pit,Sweden,1978,indie,False,Europe
110,A. Hagen,Japan,1992,indie,True,Asia
111,A.StrangeDev,UK,1983,indie,False,Europe
112,A9,USA,2022,indie,False,America
113,A9019,Canada,2010,indie,True,America
114,A:TroY,USA,2019,indie,False,America
115,AAD Productions,Germany,1998,indie,False,Europe
116,AB SOFT,USA,1983,indie,True,America
117,ACQUIRE Corp.,UK,1977,mid,False,Europe
118,AC_GameDev,USA,1990,mid,False,America
119,ACreativeGame Studio,UK,2010,indie,False,Europe
120,ADELTA,UK,2014,indie,False,Europe
121,AECRNIA,Sweden,1990,mid,False,Europe
122,AEL Entertainment,Australia,1986,indie,False,Oceania
123,AFBIK Studio,USA,2022,indie,False,America
124,AG media,Russia,2001,indie,False,Europe
125,AGO Games,Poland,1990,indie,False,Europe
126,AHEARTFULOFGAMES,Russia,1981,indie,False,Europe
127,AHui.Game,USA,2005,indie,False,America
128,AIHASTO,Poland,2004,indie,False,Europe
129,AIKUN,Poland,1989,indie,False,Europe
130,AIO_Games,France,2000,indie,False,Europe
131,AIXLAB,Poland,1992,indie,False,Europe
132,AJ Kolenc,Japan,2018,indie,False,Asia
133,AK Studio,Germany,1976,indie,False,Europe
134,ALFINA GAMERS,Australia,1986,indie,False,Oceania
135,ALI AL-ABBOODI,Australia,1977,indie,False,Oceania
136,ALICE IN DISSONANCE,Japan,2021,indie,False,Asia
137,ALIEN studio,Japan,2007,indie,False,Asia
138,ALOOF PROJECT,Sweden,1987,indie,False,Europe
139,ALPHY,Canada,1975,mid,False,America
140,ALVION Inc.,Russia,2018,indie,False,Europe
141,ALcot,Russia,2017,indie,False,Europe
142,AMAX Interactive,Japan,2017,mid,False,Asia
143,AMG GAMES,France,2017,mid,False,Europe
144,AMMC,Canada,1994,indie,False,America
145,AMPLITUDE Studios,France,1995,indie,False,Europe
146,"AN GAMES Co.,Ltd",USA,1983,indie,False,America
147,ANAGRAM,France,1999,indie,False,Europe
148,ANAS ASKARI,Sweden,2014,indie,False,Europe
149,ANEMONA GAMES,UK,1975,indie,False,Europe
150,ANFWorks,USA,2012,indie,False,America
151,AO Games,UK,2003,indie,False,Europe
152,APGames,USA,2005,indie,False,America
153,APOGAMES,Australia,2022,indie,False,Oceania
154,AQUAPLUS,USA,2007,indie,False,America
155,ARANJA GAMES,France,1980,indie,False,Europe
156,ARCSTONE GAMES,Russia,2018,indie,False,Europe
157,ARES Inc.,Russia,1984,indie,True,Europe
158,ARGames,USA,2005,indie,False,America
159,ART2.team,Russia,2004,indie,False,Europe
160,ARTWARE Multimedia,France,1987,indie,False,Europe
161,ARVORE,UK,2000,indie,False,Europe
162,ARZEST Corp.,France,1975,indie,False,Europe
163,ASMR Game Labs,Poland,1981,indie,False,Europe
164,ASOBI,USA,2019,indie,False,America
165,ASTRO PORT,USA,1990,indie,False,America
166,ATLUS,USA,1983,mid,False,America
167,ATOMIC AGE CULTURE,France,2010,indie,False,Europe
168,AURORA STUDIO,Australia,2003,indie,False,Oceania
169,AUSTERK PRODUCTIONS,Canada,2007,indie,False,America
170,AVAKE,Sweden,2003,indie,False,Europe
171,AVANTGARDE,Russia,2005,indie,False,Europe
172,AVI Games,Russia,2015,indie,False,Europe
173,AX-GAME,Russia,2006,indie,False,Europe
174,AXR-STUDIOS,USA,1979,indie,False,America
175,AZARASHI SOFTWARE,USA,1996,mid,False,America
176,Aardman Animations,Germany,1983,indie,False,Europe
177,Aarjvark,UK,1984,indie,False,Europe
178,Aaron Bales,USA,2001,indie,False,America
179,Aaron Bruno,Japan,1978,indie,False,Asia
180,Aaron Cochrane,Japan,2012,indie,False,Asia
181,Aaron Dodo,USA,2011,mid,False,America
182,Aaron Kunkle,USA,1997,indie,False,America
183,Aaron Steed,UK,2001,indie,False,Europe
184,Abbey Games,Canada,2013,indie,False,America
185,Abdulaziz Mjawer,Japan,1992,indie,False,Asia
186,Abdulkerim YILDIRIM,USA,1996,indie,False,America
187,Abdullah,Russia,2021,indie,False,Europe
188,Abdullah Al Bajjali,Japan,1983,indie,False,Asia
189,Abdulrahman Alshahrani,Germany,2000,indie,False,Europe
190,Abiding Bridge,France,1980,indie,False,Europe
191,Abii Studio Ltd.,USA,2004,indie,False,America
192,Abnormal Software,USA,1995,indie,False,America
193,Abolish,UK,1999,indie,False,Europe
194,AboveTuna,Australia,2001,indie,False,Oceania
195,Absolutely Cookage,USA,1976,indie,False,America
196,Absorb Reality,USA,1997,indie,False,America
197,Absorbed Studios,USA,2016,indie,True,America
198,AbstrCAT,USA,1990,indie,False,America
199,Abstract Dream Games,USA,1984,indie,False,America
200,Abstract Software Inc.,Japan,1982,indie,False,Asia
201,AbstractArt,USA,2019,mid,False,America
202,Abstraction Games,UK,2013,indie,False,Europe
203,AbsurdPoncho,Russia,1982,indie,False,Europe
204,Abyid Studio,USA,1994,indie,False,America
205,Abylight Barcelona,USA,1994,indie,False,America
206,Abyscon,Sweden,1999,mid,False,Europe
207,Abyss,Canada,1979,indie,False,America
208,Accenthd,Poland,1990,indie,False,Europe
209,Accessed None,Russia,2018,indie,False,Europe
210,Accolade,USA,2011,indie,False,America
211,Ace X,UK,2002,indie,False,Europe
212,Acerola,USA,2016,mid,False,America
213,Acetate123,Poland,2006,indie,False,Europe
214,Achisoft,Australia,2015,indie,False,Oceania
215,Achpile,Japan,1984,mid,False,Asia
216,Acke Hallgren,Canada,2016,indie,False,America
217,"Acme Nerd Games, LLC",Russia,2009,indie,False,Europe
218,Acram Digital,Japan,2021,indie,False,Asia
219,Action Square(STUDIO HG),UK,1990,indie,False,Europe
220,Active Games,USA,2003,indie,False,America
221,Active Up Games,Japan,2014,indie,False,Asia
222,Activision Shanghai,UK,2006,indie,False,Europe
223,Actual Nerds,USA,1988,indie,False,America
224,Actuator Games,USA,1992,indie,False,America
225,Acutis Games,Canada,1992,indie,False,America
226,Adage Games,Japan,1987,indie,False,Asia
227,Adam Avramov,Canada,2006,indie,False,America
228,Adam Bradley,USA,2005,mid,False,America
229,Adam Creations,Japan,1976,indie,False,Asia
230,Adam DeLease,USA,2019,indie,False,America
231,Adam Edwards,France,1998,indie,False,Europe
232,Adam Horvath,Germany,2002,indie,False,Europe
233,Adam Mowery,Germany,1997,indie,False,Europe
234,Adam Soutar,USA,1991,indie,False,America
235,Adam Stępiński,Canada,1995,mid,False,America
236,Adam Thompson,Germany,2019,indie,False,Europe
237,Adamsauce,USA,2005,indie,False,America
238,Adamvision Studios,Germany,2008,mid,False,Europe
239,Addictive 247 Games,Australia,1987,indie,False,Oceania
240,Adeeemmm,UK,1994,indie,True,Europe
241,Adelante LTD,Germany,1992,indie,True,Europe
242,Adem Kaya RockAKGames,USA,1993,indie,False,America
243,Adham Jaber,USA,2006,indie,False,America
244,Admia,USA,1993,indie,False,America
245,Adriaan de Jongh,Japan,1986,indie,False,Asia
246,Adrian Phuong,USA,2005,indie,False,America
247,Adrian-Robert Baluta,USA,2006,indie,False,America
248,Adrien Pierret,France,1978,indie,False,Europe
249,Adrift Team,Poland,1994,indie,False,Europe
250,Adult4Fun,USA,2010,indie,False,America
251,Adventure Islands,France,2014,mid,False,Europe
252,Aegon Games,Germany,2003,indie,False,Europe
253,Aegon Games Ltd,USA,2012,indie,False,America
254,Aeneas Middleton,UK,2014,indie,False,Europe
255,Aerilon Studios,Australia,1981,indie,False,Oceania
256,Aesir Interactive,USA,1988,indie,False,America
257,Aestronauts,USA,1990,indie,False,America
258,Aeternum Game Studios S.L,USA,1975,indie,False,America
259,Affliction Networks LLC,Canada,2005,indie,False,America
260,Afil Games,USA,2020,mid,False,America
261,African boy Keita studio,Poland,1979,indie,False,Europe
262,Afterburn,Sweden,2015,indie,False,Europe
263,AgeOfGames,Russia,1987,indie,False,Europe
264,Aggroblakh,Germany,2016,indie,False,Europe
265,Agostta Games,USA,1984,indie,False,America
266,Ahmet Ünal TEKİN,USA,1994,indie,False,America
267,"Aidan ""AJ"" James Ramsey",Poland,1993,indie,False,Europe
268,Aidan Andrews,Japan,1994,indie,False,Asia
269,Aidan Barcia-Bacon,Australia,2007,indie,False,Oceania
270,Aidan Fushimi,Japan,2013,indie,True,Asia
271,Aiden Bradley,Japan,1995,indie,False,Asia
272,Aidil,USA,1989,indie,False,America
273,Aikio,Poland,2011,indie,False,Europe
274,Aineko Games,USA,2018,indie,False,America
275,Airem,Germany,1986,mid,False,Europe
276,Ais Kacang Studio,France,1992,indie,False,Europe
277,Ajay Arora Games,Germany,2015,indie,False,Europe
278,AjayMadeThis,Australia,2005,indie,False,Oceania
279,AkDang Games,UK,2017,indie,False,Europe
280,Akabaka,USA,2001,indie,False,America
281,Akamado Factory,USA,2000,indie,False,America
282,Akedo Studio,Germany,2004,indie,False,Europe
283,Akella,USA,1982,indie,False,America
284,Akeshy (Akakiy Petrushkin),UK,2007,indie,False,Europe
285,Akhir Pekan Studio,USA,2009,indie,False,America
286,Akira Kojima (studio APU),USA,2008,indie,False,America
287,Akiragoya,Russia,2015,indie,False,Europe
288,AkriGames,USA,1992,indie,False,America
289,Akselerasi Games Indonesia,Sweden,2003,indie,False,Europe
290,Akuu22a,Japan,1976,indie,False,Asia
291,AlPixel Games,France,1990,indie,False,Europe
292,Alain jaffrelot,UK,1975,indie,False,Europe
293,Alan,USA,1982,indie,False,America
294,Alan Bourhis,USA,1984,indie,False,America
295,Alan Buechner,Canada,2007,indie,False,America
296,Alan Guan,UK,2005,indie,False,Europe
297,Alan Hazelden,USA,2010,indie,False,America
298,Alan Zucconi,USA,2013,indie,False,America
299,Alan “AG” Gordon,Sweden,1979,indie,False,Europe
300,Alarming Ladder Studios,Russia,2001,indie,False,Europe
301,Alastair John Jack,Russia,1992,indie,False,Europe
302,Alastair Low,USA,1994,indie,False,America
303,Alastair Low - Art / Game Design,Germany,2017,indie,False,Europe
304,Alawar,USA,2009,mid,False,America
305,Alawar Casual,UK,2009,indie,False,Europe
306,Alawar Entertainment,Sweden,1987,mid,False,Europe
307,Albert Espín,USA,1999,indie,False,America
308,Albert Fernandez,Russia,1977,indie,False,Europe
309,Albert Stirner Games,Japan,1999,indie,False,Asia
310,Albin Bernhardsson,France,2016,indie,False,Europe
311,Alcedo Games,Japan,1977,indie,False,Asia
312,Alchemy Sheep,Australia,1996,indie,False,Oceania
313,AlchemyBlue,Sweden,2003,indie,False,Europe
314,Alda Games,Sweden,1975,indie,False,Europe
315,Alder Games,UK,2016,mid,False,Europe
316,Aldorlea,USA,1991,indie,False,America
317,Aldorlea Games,Canada,2016,mid,False,America
318,AleCubicSoft,UK,2018,mid,False,Europe
319,Alec Smith,UK,1995,indie,False,Europe
320,Alejandro Hervella,Sweden,2006,indie,False,Europe
321,Aleksander Ciesielski,USA,1979,indie,False,America
322,Aleksander Vargas,Canada,1993,mid,False,America
323,Aleksandr Eronin,Russia,2002,indie,False,Europe
324,Aleksandr Golovkin,Russia,2020,mid,False,Europe
325,Aleksandr Mironov,Japan,2019,indie,False,Asia
326,Aleksandr Serdiuk,USA,1995,indie,False,America
327,Aleksandr Serzhantov,USA,1998,indie,False,America
328,Alekse,USA,2001,indie,False,America
329,Aleksey,Russia,1985,mid,False,Europe
330,Alekzandar Voynikov,France,1999,indie,False,Europe
331,Aleph=Null,USA,2012,indie,False,America
332,Alessandro Guzzo,Japan,1991,indie,False,Asia
333,Alevys,France,2004,indie,False,Europe
334,Alex & Aigo,Canada,1985,indie,False,America
335,Alex Crafts Bits,Australia,2012,indie,False,Oceania
336,Alex Le Mesurier,Australia,2019,indie,False,Oceania
337,Alex Loman,Poland,1987,indie,False,Europe
338,Alex SK,Poland,1981,indie,False,Europe
339,Alex VR,Germany,2011,indie,False,Europe
340,Alex8778,Canada,1976,indie,False,America
341,AlexHoratio,France,1992,indie,True,Europe
342,AlexSantosWorks,Poland,2022,indie,False,Europe
343,Alexander Bodén,Sweden,2022,indie,False,Europe
344,Alexander Bogdanov,Sweden,1993,indie,False,Europe
345,Alexander Bruce,USA,1997,indie,False,America
346,Alexander Chow,USA,1991,indie,False,America
347,Alexander Clark,Canada,2017,indie,False,America
348,Alexander Lahti,USA,1981,indie,False,America
349,Alexander MacLeod,France,1994,indie,False,Europe
350,Alexander Mirgorod,USA,1998,indie,False,America
351,Alexander Perrin,USA,1993,indie,False,America
352,Alexander Tavintsev,UK,1987,indie,False,Europe
353,AlexandrandRoman,Germany,1998,indie,False,Europe
354,Alexandre Gilotte,Sweden,1985,indie,False,Europe
355,Alexandre Martins Pereira,Poland,2005,indie,False,Europe
356,Alexandrina Svitsyna,USA,1996,indie,False,America
357,Alexey Bokulev,Japan,1979,indie,False,Asia
358,Alexey Chernov,Australia,2018,indie,False,Oceania
359,Alexey Odnorog,Australia,2010,indie,False,Oceania
360,Alexey Vershinin,Russia,1975,indie,False,Europe
361,Alexis Dean-Jones,USA,1998,indie,False,America
362,Alexis LOPEZ,Canada,2012,indie,False,America
363,Alfa Bravo Inc,France,1998,indie,False,Europe
364,Alfa System,USA,1976,indie,False,America
365,Algoji,Australia,1995,indie,False,Oceania
366,Ali Eslami,USA,1979,indie,False,America
367,Ali Geris,Japan,2019,indie,False,Asia
368,Ali Kaan Duman,UK,1983,indie,True,Europe
369,Ali101 Game Studio,USA,2006,indie,False,America
370,Alice & Smith,USA,2009,indie,False,America
371,Alice Games,Japan,2017,indie,False,Asia
372,Alien Science,Canada,2009,indie,False,America
373,AlienStudio,Russia,1984,indie,False,Europe
374,"Alienkingdom Co., Ltd.",France,2006,indie,False,Europe
375,Aligned Games,Sweden,1992,indie,True,Europe
376,AlikArt,UK,2003,indie,False,Europe
377,AliveIn Tech Ltd.,USA,1998,indie,False,America
378,Alkame Games,Canada,2009,mid,False,America
379,Alkemi,France,1978,indie,False,Europe
380,All Seeing Eye Games,USA,1982,indie,False,America
381,All Those Moments,Poland,1980,indie,False,Europe
382,All Yes Good,France,2013,indie,False,Europe
383,All in! Games,USA,1996,indie,False,America
384,Alley Catz Games,USA,2011,indie,False,America
385,Allied Games Inc.,Poland,2010,indie,False,Europe
386,Alligator Pit,USA,1989,indie,False,America
387,Almaz,USA,2013,indie,True,America
388,Almost Games,Poland,1984,mid,False,Europe
389,Almost Joe,Germany,1986,indie,False,Europe
390,Alongini,Poland,1983,indie,True,Europe
391,Alpha Foundation,Russia,1990,indie,False,Europe
392,Alpha Wave Entertainment,USA,1991,indie,False,America
393,AlphaNuts,Russia,2008,indie,False,Europe
394,Alright Peaches Studio,USA,2003,mid,False,America
395,Alt Space Games,Japan,1981,indie,False,Asia
396,Altabestudio,USA,2014,indie,True,America
397,Altaire,Russia,2017,indie,False,Europe
398,Altered Orbit Studios,Japan,1976,indie,False,Asia
399,Alternate Fantasy Gaming,Japan,2000,indie,False,Asia
400,Alternative Software Ltd,USA,2020,mid,False,America
401,Aluba Studio,USA,1980,indie,False,America
402,AlyStudio,USA,1983,indie,False,America
403,Amagumo Horn,France,2010,indie,False,Europe
404,Amand.Apps,UK,2013,indie,False,Europe
405,Amanita Design,Japan,2013,indie,False,Asia
406,Amanotes,Russia,1982,indie,False,Europe
407,"Amaranth Games, LLC",France,2010,indie,False,Europe
408,Amaterasu Software,USA,2003,indie,False,America
409,Amayadori Development,UK,2004,indie,False,Europe
410,Amber Casper,Canada,1995,indie,False,America
411,Amber S. Fiddlemouth,France,1998,indie,False,Europe
412,Ambitious Games,Canada,2005,indie,False,America
413,Amegami,Poland,1980,indie,False,Europe
414,Amelia Barnett,Russia,1998,indie,False,Europe
415,Amelie Berthome,Germany,2012,indie,False,Europe
416,Amelon360,Germany,2017,indie,False,Europe
417,Amendment One Games,UK,2017,indie,False,Europe
418,Amethyst Ram Studios,Japan,2021,indie,False,Asia
419,Amfib.io,USA,1994,indie,False,America
420,Amigo VR Studio,Germany,1988,indie,False,Europe
421,Amilton Neves,Japan,1981,indie,False,Asia
422,Amin Adukov,Germany,1982,indie,False,Europe
423,AmmashDev,Germany,2002,indie,False,Europe
424,Ammobox Studios,Australia,2014,indie,False,Oceania
425,Ammonite Design Studios Ltd,France,1976,mid,False,Europe
426,Amonesus Games,France,2019,indie,False,Europe
427,Among Giants,USA,2019,indie,False,America
428,Amped Horizon,Sweden,1997,indie,True,Europe
429,Amrita,Poland,2011,indie,False,Europe
430,Amrita Studio,USA,2022,indie,False,America
431,Amusitronix,USA,2022,indie,False,America
432,Amy Li,UK,2004,indie,False,Europe
433,Amy Nounou,UK,2021,indie,False,Europe
434,An Arachnophobe,Australia,2013,indie,False,Oceania
435,An Occasional Gamer,USA,1985,indie,False,America
436,An Otter Game Studio,USA,1980,indie,False,America
437,Anamik Majumdar,France,2006,aaa,False,Europe
438,Anarchy Interactive,UK,1988,indie,False,Europe
439,Anatoliy Loginovskikh,USA,2002,mid,False,America
440,Anawiki Games,Canada,2012,indie,False,America
441,Anaximanes Entertainment,France,1977,indie,False,Europe
442,Ancho,Australia,1978,indie,True,Oceania
443,Ancient Games DS,UK,1988,indie,False,Europe
444,Ancient Most High Games,Russia,1993,indie,False,Europe
445,Anden Studios,USA,2022,indie,False,America
446,AnderShi,USA,2009,indie,False,America
447,Andiks LTD.,Japan,2017,indie,False,Asia
448,Andonis Gaja,USA,2022,indie,True,America
449,Andras Beck,USA,1979,indie,False,America
450,Andrea Puglisi,Germany,2011,indie,False,Europe
451,Andreas Aust,France,1993,indie,False,Europe
452,Andreas Carlson,USA,1995,indie,False,America
453,Andreas Deters,Australia,2004,indie,False,Oceania
454,Andreas Gullberg Larsen,Sweden,1980,indie,False,Europe
455,Andrei Uvarov,USA,2002,indie,False,America
456,Andrew Connelly,Germany,2000,mid,False,Europe
457,Andrew Dowsett,Russia,1989,indie,False,Europe
458,Andrew Drumov,USA,2007,indie,False,America
459,Andrew French,Germany,1987,indie,False,Europe
460,Andrew Gardner,UK,2021,indie,False,Europe
461,Andrew Molina,France,1984,indie,False,Europe
462,Andrew Moran,USA,1987,indie,False,America
463,Andrew Piper,USA,2016,indie,False,America
464,Andrew Rodenhiser,Australia,2015,indie,False,Oceania
465,Andrew Rowe,Russia,2012,indie,False,Europe
466,Andrew Rybis,Sweden,2011,indie,False,Europe
467,Andrew Spalato,Australia,1995,indie,False,Oceania
468,Andrew Willman,France,1984,indie,False,Europe
469,Andrew Yip,Japan,2015,indie,False,Asia
470,Andrey Chegodaev,USA,1978,indie,False,America
471,Andrianov Kirill Viktorovich,USA,2004,indie,False,America
472,Andromede Studio,USA,1993,indie,False,America
473,András Nemes,Poland,1980,indie,False,Europe
474,André Facchinetti,Japan,2004,indie,False,Asia
475,André Reis,Australia,2022,indie,False,Oceania
476,Andy DiLallo,Japan,2011,indie,False,Asia
477,Andy Jurko,UK,2005,mid,False,Europe
478,Andy Schmitt,Australia,2003,indie,False,Oceania
479,Andy Schneider,Sweden,1996,indie,False,Europe
480,Ange Ruiz,USA,2016,indie,False,America
481,Angel Matrix,USA,2003,indie,False,America
482,Angel Torres,Germany,2014,indie,False,Europe
483,Angel Ñeco aka. NecoPlanet,UK,1993,indie,False,Europe
484,Angela Prager,Russia,2018,indie,False,Europe
485,Angelique Cooper,Russia,2016,indie,False,Europe
486,Angels Blue Digital Entertainment,UK,2010,indie,False,Europe
487,Angry Avocado,USA,2021,indie,False,America
488,Angry Demon Studio,Australia,2013,indie,False,Oceania
489,Angry Pixel,UK,2012,indie,False,Europe
490,Angry games,Sweden,1994,mid,False,Europe
491,Animal Mouth,Canada,2000,indie,False,America
492,Animal parkour,Canada,1980,indie,False,America
493,Animas Games,UK,1996,mid,False,Europe
494,Animation Elevated,Canada,2022,indie,False,America
495,Animation Logic Ltd,Sweden,1980,indie,False,Europe
496,Anime Works,Japan,1998,indie,True,Asia
497,Anime fashion show,UK,1988,indie,False,Europe
498,AnimeBomb,Russia,1987,indie,False,Europe
499,Animu Game,USA,1979,indie,False,America
500,Animyst Games,Russia,2007,indie,False,Europe
501,Ankake Spa,Poland,2008,indie,True,Europe
502,Ankama Studio,UK,2014,indie,False,Europe
503,Ankoya,UK,1985,indie,False,Europe
504,Anmol Virk,Canada,2014,indie,False,America
505,AnnaSeries,USA,2003,indie,True,America
506,AnomalyGuys,UK,2021,indie,False,Europe
507,Anoman Studio,Japan,1993,indie,False,Asia
508,Anonymous Games,Russia,1989,indie,False,Europe
509,Anorak On A Girl,UK,2005,indie,False,Europe
510,Another Kind of Blue,USA,2018,indie,False,America
511,Another Planet,Australia,2004,indie,False,Oceania
512,Another Reality,Russia,2007,indie,False,Europe
513,Another Slime Studio,Australia,1987,indie,False,Oceania
514,AnotherIndieGameDev,USA,1991,indie,False,America
515,Anothy,Japan,1998,indie,False,Asia
516,Anqa Game,USA,2008,indie,False,America
517,AnretanDEV,USA,1985,indie,False,America
518,Anselmo Noriega,Sweden,1984,indie,False,Europe
519,Antares Studio,USA,1989,indie,False,America
520,Anthony Polidura,Sweden,1976,indie,False,Europe
521,Anthony Rietkerk,UK,1998,indie,False,Europe
522,Anthony Septim,Australia,1998,indie,False,Oceania
523,Anthony Umemoto,UK,1981,indie,False,Europe
524,Antispace Studios,France,1984,indie,False,Europe
525,Antizero company,USA,2005,indie,False,America
526,Antoine Bilodeau,USA,2020,indie,False,America
527,Anton Shatalov,France,1980,indie,True,Europe
528,Antonio Clavaín,USA,1984,indie,False,America
529,AntonyStiv,Canada,2008,indie,False,America
530,Anura Bless,Russia,1990,indie,False,Europe
531,Anvate Games,USA,2001,indie,False,America
532,Any Button,France,1979,indie,False,Europe
533,AnythingGames,Sweden,2013,indie,False,Europe
534,Apar Games,France,2011,indie,False,Europe
535,ApeHardware,USA,2002,mid,True,America
536,Aperico Software,UK,2011,indie,False,Europe
537,Apexchimps,France,1980,indie,False,Europe
538,AploveStudio,UK,2008,indie,False,Europe
539,ApocVerse,Russia,2007,indie,False,Europe
540,Apollo Games Lab,UK,2005,indie,True,Europe
541,Apoptosis Games,UK,1998,indie,False,Europe
542,Appa's Papas,USA,1979,indie,False,America
543,Appeal Studio,Canada,2015,indie,False,America
544,Appeal Studios,Germany,1996,indie,False,Europe
545,Applava,UK,1996,indie,False,Europe
546,Apple Tart,USA,2018,indie,False,America
547,Appnori Inc.,Canada,2015,indie,False,America
548,Appvator Interactive,USA,2020,indie,False,America
549,Appy Monkeys Software Pvt. Ltd.,Japan,1993,indie,False,Asia
550,Apricot Heart,Russia,1977,indie,False,Europe
551,Apseren,UK,2000,indie,False,Europe
552,Apskeppet,Germany,1991,indie,True,Europe
553,Aqua Siren,France,1993,indie,False,Europe
554,AquaBomber,Russia,2016,indie,False,Europe
555,Aquatic Games,USA,1998,indie,False,America
556,Aquila Industrial,UK,2003,indie,False,Europe
557,Aquilon,UK,1986,indie,False,Europe
558,Aqviterra studio,Japan,2008,indie,False,Asia
559,Arachnid Games,USA,2002,indie,False,America
560,Arafkan Studio,France,1986,indie,False,Europe
561,Arai Koh Create Office,UK,1980,indie,False,Europe
562,Aranyhal Studio,USA,2003,indie,False,America
563,Arboreta Games,Japan,2019,indie,False,Asia
564,Arc System Works,Japan,2021,mid,False,Asia
565,Arcade Distillery,UK,2002,indie,False,Europe
566,Arcade Injection,Australia,1978,indie,False,Oceania
567,Arcadie & Utopie,France,1998,indie,False,Europe
568,Arcen Games,Russia,1985,indie,False,Europe
569,"Arcen Games, LLC",USA,2013,mid,False,America
570,ArchZoDo,Japan,1983,indie,False,Asia
571,ArchaeologyGames,Russia,1998,indie,False,Europe
572,Archangel Softworks,Australia,1977,indie,False,Oceania
573,Archmage Labs,Canada,1998,indie,False,America
574,Archor Wright,Russia,2011,aaa,False,Europe
575,Arcsteel Games,UK,1995,indie,False,Europe
576,Arctic Apes,USA,1982,indie,True,America
577,Arctic Arcade,USA,2008,indie,False,America
578,Arcupion Art,Germany,1991,indie,False,Europe
579,Are Dogs Real? Games,Canada,1988,indie,False,America
580,Are you fruits?,USA,2006,indie,False,America
581,Area 1,USA,1979,indie,False,America
582,Area VR,Sweden,2003,indie,False,Europe
583,ArenaDev,Poland,1995,indie,False,Europe
584,Arent,Canada,2010,indie,False,America
585,Areo Gaming,Sweden,1985,indie,False,Europe
586,Argali Entertainment,Sweden,2015,indie,False,Europe
587,Argent Games,UK,1989,indie,False,Europe
588,Ariel Spry,USA,1983,indie,False,America
589,Arif Games,Japan,1998,indie,False,Asia
590,Arik Games,UK,2010,indie,False,Europe
591,Arjan van Meerten,Sweden,1979,indie,False,Europe
592,Ark1nai,Australia,2021,indie,False,Oceania
593,Arkane Austin,UK,2001,indie,False,Europe
594,Arkane Studios,USA,1995,mid,False,America
595,ArkheTech Games,Japan,2018,indie,False,Asia
596,Arkhouse Telegraph,USA,2010,indie,False,America
597,Arli Tuominen,USA,1983,indie,False,America
598,Armando Rodrigues,Sweden,1978,indie,False,Europe
599,Arnaud De Bock,Japan,1994,indie,False,Asia
600,Arnaud Millot,UK,2020,indie,False,Europe
601,Arno van Zyl,Australia,2008,indie,False,Oceania
602,Ars Goetia,Poland,1991,indie,False,Europe
603,Art Games Studio S.A.,Australia,1992,indie,False,Oceania
604,Art Games Thesis,UK,2009,indie,False,Europe
605,Art of Imperfect Games,France,2012,indie,False,Europe
606,Art of The Rush,USA,2017,indie,False,America
607,Artax Games,Sweden,1996,indie,False,Europe
608,Artefacts Studio,Germany,1976,indie,False,Europe
609,Artem Lavrenyuk,Australia,2011,indie,False,Oceania
610,"Artemoose Games, LLC",USA,2011,indie,False,America
611,Artery Games,France,2006,indie,False,Europe
612,Artflux_Games,Germany,2016,indie,False,Europe
613,Arthur O'Keefe,Japan,2018,indie,False,Asia
614,Arthur Pernot,Japan,2019,indie,False,Asia
615,Artifex Mundi,Japan,2005,indie,False,Asia
616,Artificer Creator,UK,1984,indie,False,Europe
617,Artisan Studios,Canada,2021,indie,False,America
618,Artisiti,UK,2000,indie,False,Europe
619,Artisoft,UK,2010,indie,False,Europe
620,"Artix Entertainment, LLC",USA,1982,indie,False,America
621,Arttu Tuovinen,USA,1981,indie,False,America
622,Artur Rezende,Australia,2014,mid,False,Oceania
623,Arutaka,Australia,1985,indie,False,Oceania
624,Arvus Games,Sweden,2021,indie,False,Europe
625,As-key,Russia,2006,indie,False,Europe
626,Asantee Games,Japan,1994,indie,False,Asia
627,Ascension Interactive Media,USA,2000,indie,False,America
628,Ascent Gaming Studios,Australia,1988,indie,False,Oceania
629,Aserisoft,USA,1993,indie,False,America
630,Ash K,Sweden,2016,indie,False,Europe
631,Ashborne Games,USA,1975,indie,False,America
632,Ashley H.,Japan,1991,indie,False,Asia
633,AsicxArt,Russia,1998,mid,True,Europe
634,Askiisoft,USA,2010,indie,False,America
635,Askip Studio,Germany,1979,indie,False,Europe
636,Aslan Game Studio,Japan,2010,mid,False,Asia
637,Asmodev,Australia,2018,indie,False,Oceania
638,Asobo Studio,USA,1981,indie,False,America
639,Asocial Guarantee,Russia,1996,indie,False,Europe
640,Aspect,UK,1984,indie,False,Europe
641,Aspyr (Linux),Japan,2007,mid,True,Asia
642,Aspyr (Mac),USA,2020,mid,False,America
643,Aspyr Media (remastered version),Japan,2004,indie,False,Asia
644,Assemble Entertainment,Sweden,1983,indie,False,Europe
645,Asset Flip Studio,France,1985,mid,False,Europe
646,Associazione Audiogames,France,1994,indie,False,Europe
647,Assult,Japan,2007,indie,False,Asia
648,Asteristic Game Studio,Canada,1994,mid,False,America
649,Astra Games,USA,1996,indie,False,America
650,Astrasoft,Australia,2012,indie,False,Oceania
651,Astrid Pehrsson Ankarstrand,Sweden,2019,indie,False,Europe
652,AstroBunny,Germany,1991,indie,False,Europe
653,AstroChimps Games,Russia,2012,indie,False,Europe
654,AstroMonkey,Canada,2012,indie,False,America
655,Astroknight Games,Germany,2021,indie,False,Europe
656,Astroreef,Poland,1984,indie,False,Europe
657,Astrosimer,USA,2011,indie,False,America
658,Asuka Watanabe,USA,1976,indie,False,America
659,Asura Studios,UK,2001,indie,False,Europe
660,Asymmetric,UK,2014,indie,False,Europe
661,Aterdux Entertainment,Sweden,2022,indie,False,Europe
662,Aternix,Canada,2008,indie,False,America
663,Aticora Games,UK,2017,indie,False,Europe
664,Atlantic Infinity,UK,1986,indie,False,Europe
665,Atlas V,Germany,2009,mid,False,Europe
666,AtlasV,Russia,2021,indie,False,Europe
667,AtomTeam,Russia,1991,indie,False,Europe
668,Atomic Drop Games,USA,1990,indie,False,America
669,Atomic Elbow,USA,1994,indie,False,America
670,Atomic Games,Canada,2019,mid,False,America
671,Atomic Isotope Studios,UK,1997,indie,False,Europe
672,Atomic Jelly,Sweden,2021,mid,False,Europe
673,Atomic Kraken,USA,2018,indie,False,America
674,Atomic Raccoon Studio,Sweden,2000,indie,False,Europe
675,AtranonStudios,Australia,1984,indie,False,Oceania
676,Atreyu Games Pty. Ltd.,USA,2020,indie,False,America
677,Attila Vitez,Sweden,2016,indie,False,Europe
678,AudioJackGames,Japan,1987,indie,False,Asia
679,Augmented Evolution,USA,2010,indie,False,America
680,Augmented Irreality,USA,2014,indie,False,America
681,Augusto Gómez Eguíluz,USA,1978,indie,False,America
682,Auld Games,Germany,2015,indie,False,Europe
683,Aundre Rogers,USA,1996,indie,False,America
684,Aureal Studio,USA,1983,indie,True,America
685,Auroch Digital,Germany,1985,mid,False,Europe
686,Aurogon Shanghai,Sweden,2005,indie,False,Europe
687,Aurora,USA,1993,mid,False,America
688,AuroraCorp,France,1980,indie,False,Europe
689,AurumDust,USA,2022,indie,False,America
690,Austin Pereira,Sweden,1986,indie,False,Europe
691,Austin Welch-Brown,Poland,1977,indie,False,Europe
692,Authogin,UK,2006,indie,False,Europe
693,Autumn Moon,Russia,1993,indie,False,Europe
694,Autumn VR,USA,2011,indie,False,America
695,AvaXiang,Sweden,1996,indie,False,Europe
696,Avalanche Software,Australia,2009,indie,False,Oceania
697,Avalanche Studios,Sweden,1983,mid,False,Europe
698,Avalon Digital,Japan,1987,indie,False,Asia
699,Avalon Studio,UK,2021,indie,False,Europe
700,Avant Games,USA,1986,indie,True,America
701,Avelar Studios,UK,1993,indie,False,Europe
702,Avelog Games,Russia,1986,indie,False,Europe
703,Average Games,France,2000,mid,False,Europe
704,Average Winter Enjoyers,Japan,1980,indie,False,Asia
705,Avidya Studio,USA,1983,indie,False,America
706,Avisgames,Sweden,1975,mid,False,Europe
707,AvoCavo,USA,1992,mid,False,America
708,Avodhel,UK,2021,indie,False,Europe
709,Avrio Analytics,USA,1998,indie,False,America
710,AvvaNextGen,USA,1982,indie,False,America
711,Awarth,USA,2018,indie,False,America
712,Awesome Games Studio,Sweden,2020,indie,False,Europe
713,Axe Games,Canada,2015,mid,False,America
714,Axel Fox,USA,2014,indie,False,America
715,Axis Games,Australia,2005,indie,False,Oceania
716,Axis Granted Creations Team,Russia,2013,indie,False,Europe
717,Axon Genesis,Canada,2005,indie,False,America
718,Axxiomm,Russia,1988,indie,False,Europe
719,Axyos Games,Canada,2013,mid,False,America
720,Ayatsuji_San,USA,2003,indie,False,America
721,Ayberk Duzova,UK,2011,indie,False,Europe
722,Aydy,Poland,2007,indie,False,Europe
723,Azure,Germany,1985,indie,False,Europe
724,Azure Fire Games,Germany,1982,indie,False,Europe
725,Azure Moon Games Ltd.,Canada,2006,indie,False,America
726,B Michael B,Japan,1978,indie,False,Asia
727,B&W,Japan,2004,indie,False,Asia
728,B-Deshi Interactive,Germany,2018,indie,False,Europe
729,B-evil,Canada,2000,indie,False,America
730,B.Bit,USA,1988,indie,False,America
731,B392 Game Studio,USA,1997,indie,False,America
732,B4T Games,Germany,1978,indie,False,Europe
733,B7H team,USA,2005,indie,True,America
734,"BABAROGA, LLC",UK,1983,indie,False,Europe
735,BADGAMES,Australia,2016,indie,False,Oceania
736,BANDAI NAMCO Studios Inc.,UK,1999,mid,False,Europe
737,BAR GOG,Sweden,1999,indie,False,Europe
738,BAR Interactive,Canada,2017,indie,False,America
739,BAZOOKA STUDIO,USA,1997,indie,False,America
740,BBPond,Australia,2000,indie,False,Oceania
741,BBstudio Inc.,Canada,1989,indie,False,America
742,BCQT,Russia,1994,indie,False,Europe
743,BDAYGAME.COM,Canada,2002,indie,False,America
744,BEACHAM Games,Poland,1990,indie,False,Europe
745,BEACHBUM,USA,1987,indie,False,America
746,BEESWAX GAMES,Canada,1982,indie,True,America
747,BEST SIMULATORS CORP,France,2014,indie,False,Europe
748,BETTER QUESTS,Sweden,1976,indie,False,Europe
749,BGNB Studios,USA,2013,indie,True,America
750,BHPG,Germany,2020,indie,False,Europe
751,BIG ONE PARK,USA,1977,indie,False,America
752,BIG WOOD GAMES,USA,1988,indie,False,America
753,BIG4 Game Studio,Russia,1983,mid,False,Europe
754,BINGOBELL,USA,2021,indie,False,America
755,BIP Media,Germany,2018,mid,False,Europe
756,BLAZORS,USA,1984,indie,False,America
757,BLOCK 211,Germany,2001,mid,False,Europe
758,BLUE TORCH SOFTWARE,USA,2012,indie,False,America
759,BOMHAT and Ezyn,Sweden,2015,indie,False,Europe
760,BOV,Germany,1978,indie,False,Europe
761,BRANE,Australia,2017,indie,False,Oceania
762,BRAVEGIANT LTD,Germany,2019,indie,False,Europe
763,BRDs Games,USA,1999,indie,False,America
764,BRUTAL SOFTWARE,Germany,1990,indie,False,Europe
765,BT Studios,UK,2020,indie,False,Europe
766,BTNcafe,Japan,1978,indie,False,Asia
767,BUG-Studio,Australia,2010,indie,False,Oceania
768,BURRIK,UK,1991,indie,False,Europe
769,BWJ Studios,France,2003,indie,False,Europe
770,BWOM Games,USA,2021,indie,False,America
771,BWT Games,USA,1999,indie,False,America
772,BYKING Inc.,France,1979,indie,False,Europe
773,BYV GAMES Ltd,Russia,2021,indie,False,Europe
774,BYYONI Entertainment,USA,1988,indie,False,America
775,BaMa Media,UK,1975,indie,False,Europe
776,Baal Studio,USA,2022,indie,False,America
777,"Babaroga, LLC",Australia,2005,indie,False,Oceania
778,Bacchus,Canada,2020,indie,False,America
779,Back To Basics Gaming,Sweden,2010,indie,False,Europe
780,BackSnow Games,USA,2004,indie,False,America
781,Backstab Games,UK,1991,indie,False,Europe
782,Bacon Bandit Games,Sweden,2004,indie,False,Europe
783,Bacronym,Australia,2005,indie,False,Oceania
784,Bad Gravity,UK,1988,indie,False,Europe
785,BadWolf Games,UK,2011,mid,False,Europe
786,BadgerIndieDev,Russia,1976,indie,False,Europe
787,Badru,Sweden,2012,indie,False,Europe
788,Baekgeumdan,USA,1987,indie,False,America
789,BajoGames,UK,1990,indie,False,Europe
790,Baka Dog,France,2018,indie,False,Europe
791,Baka_energy_studios,Russia,2006,indie,False,Europe
792,Baked Games,France,2006,indie,False,Europe
793,Balazs Rozsa,Canada,1997,indie,False,America
794,Balbod,Canada,2006,indie,False,America
795,Balcony Softworks,Sweden,2016,indie,False,Europe
796,Ballistic Interactive,Germany,1979,indie,False,Europe
797,Ballistic Machine,France,1975,indie,False,Europe
798,Balti Calarasi,Poland,1989,mid,False,Europe
799,BamSam Game Studio,USA,1988,indie,False,America
800,"Bamboo Secrets Co.,Limited",UK,2014,indie,False,Europe
801,Banana Slime,Sweden,2005,indie,False,Europe
802,BananaDogGames,USA,2009,mid,False,America
803,BananaKing,USA,2008,mid,False,America
804,Bane Games,Germany,1993,indie,True,Europe
805,BangsFactory,Poland,2018,indie,False,Europe
806,Banned Mechanic Games,Sweden,1986,indie,False,Europe
807,Banthanor,USA,1984,indie,False,America
808,BanzaiProject,France,1991,indie,False,Europe
809,Baraonda,USA,2000,indie,False,America
810,Bardic Bytes LLC,Australia,2004,indie,False,Oceania
811,Barji,Australia,1989,indie,False,Oceania
812,Barlock Games,Poland,1980,indie,False,Europe
813,Barlow Studio,Poland,1977,indie,False,Europe
814,Baroque Decay,UK,2010,indie,False,Europe
815,Barque 42,France,2019,indie,False,Europe
816,Barribob,Japan,2002,indie,False,Asia
817,Bart Bonte,UK,1981,indie,False,Europe
818,Bart Mamzer,Sweden,1989,indie,False,Europe
819,Bartek Karczmarczyk,Poland,2011,indie,False,Europe
820,Bartosz Bialek,USA,1979,indie,False,America
821,BaseSon,USA,2009,indie,False,America
822,Based On The Play,USA,1995,indie,True,America
823,Basem Alasmar,USA,1984,indie,False,America
824,"Basileus Games, LLC",Canada,2000,indie,False,America
825,Bastien Ollivo,USA,2011,indie,False,America
826,Bastion Studios,Poland,1999,indie,False,Europe
827,Bat Byte,Germany,1999,indie,False,Europe
828,Batholith Entertainment,USA,2019,indie,False,America
829,Battenberg Software,Japan,1997,indie,False,Asia
830,BattleGoat Studios,Japan,1979,indie,False,Asia
831,Battlecruiser Games,Russia,2013,indie,False,Europe
832,Baumann Bergmann Pokinsson,Russia,1976,indie,False,Europe
833,Bawu Team,Russia,2003,indie,False,Europe
834,Bazare,UK,1999,indie,False,Europe
835,Bazitov Mikhail,Canada,2017,indie,False,America
836,Bazuro Games,Russia,1993,indie,False,Europe
837,BeBold,Canada,1980,indie,False,America
838,BeagleGames,UK,2015,indie,False,Europe
839,Bean Boy Games,UK,1998,indie,False,Europe
840,Bear Gears Studio,USA,1994,indie,False,America
841,Beard Envy,Russia,1981,indie,False,Europe
842,Bearded Eye,USA,2003,indie,False,America
843,Bearded Monkeys,Japan,1981,indie,True,Asia
844,"Beasts, Goblins and Hellfire Studios",UK,1980,indie,False,Europe
845,Beat Games,Russia,1999,indie,True,Europe
846,BeautiFun Games,UK,1980,indie,False,Europe
847,Because Because Games,Germany,1990,indie,False,Europe
848,Becca Bear,USA,1999,indie,False,America
849,BecomeANobody,USA,1992,indie,False,America
850,Bedrock Fungi Games,USA,2002,indie,False,America
851,Bedtime Phobias,USA,1979,indie,False,America
852,Beefware,Australia,2021,indie,False,Oceania
853,Beem Media,Germany,1987,indie,False,Europe
854,Beenox,USA,1975,indie,False,America
855,"Beep Games, Inc.",UK,2014,indie,False,Europe
856,Beepsterr,Poland,2003,indie,False,Europe
857,Beethoven Street Studios,Poland,2016,indie,False,Europe
858,BefuddleBug,USA,1995,indie,False,America
859,Befun Studio,Canada,2005,indie,False,America
860,BehaUlas,Australia,1995,indie,False,Oceania
861,Behaviour Interactive Inc.,Canada,2006,indie,False,America
862,Behold Studios,Russia,1995,indie,False,Europe
863,"Beijing Crazy Sports Industry Management Co., Ltd",Poland,2000,indie,False,Europe
864,"Beijing Elysium Interactive Technology Co.,Ltd.",Sweden,1987,indie,False,Europe
865,"Beijing Gravitational Waves VR technology co.,LTD",Germany,2018,indie,False,Europe
866,"Beijing Hydra Technology Co., Ltd.",USA,2021,indie,False,America
867,Bekho Team,Canada,2003,indie,False,America
868,Belaniax,Poland,1979,indie,False,Europe
869,Belgerum,Russia,2001,mid,False,Europe
870,BelleGames Ltd.,USA,1994,indie,False,America
871,Bellosoft,France,2020,indie,False,Europe
872,Bemami,UK,2003,indie,False,Europe
873,Bemmu,Japan,2000,indie,False,Asia
874,Ben 'Yahtzee' Croshaw,Sweden,2019,indie,False,Europe
875,Ben Byford,USA,1998,indie,False,America
876,Ben Dookram,Poland,2013,indie,False,Europe
877,Ben Geselbracht,USA,1990,indie,False,America
878,Ben Hendel-Doying,UK,2016,indie,False,Europe
879,Ben Outram,Germany,2016,indie,False,Europe
880,Ben Phillips,UK,1996,indie,False,Europe
881,Ben Shattock,Japan,1975,indie,False,Asia
882,Ben Vista Ltd.,USA,2022,indie,False,America
883,Benchmark,Germany,2011,indie,False,Europe
884,Bendegúz Anisics,UK,2004,indie,False,Europe
885,BendySlayer X YT,Germany,2007,indie,False,Europe
886,Benjamin Briggs,Australia,2005,indie,False,Oceania
887,Benjamin Daly,UK,1980,indie,False,Europe
888,Benjamin Dixon,Australia,1984,indie,False,Oceania
889,Benjamin Grosse,UK,1988,indie,False,Europe
890,Benjamin Mccormick,UK,1981,indie,False,Europe
891,Benjamin Parisi,Canada,1995,indie,False,America
892,Benjamin Schade,USA,2020,indie,False,America
893,Benjamin Staugaard,Poland,2016,indie,False,Europe
894,Benjamin Welch-Brown,Russia,2022,indie,False,Europe
895,Benjy Bates,USA,1985,indie,False,America
896,Bennett Foddy,Japan,2004,indie,False,Asia
897,Benoit Dereau,UK,1986,indie,False,Europe
898,"Bent Nail Studios, LLC",France,2000,indie,True,Europe
899,Bento-Studio,France,1987,indie,False,Europe
900,Benzitczo Studio,Japan,1975,indie,False,Asia
901,Berg Games,USA,2020,indie,False,America
902,Berkay KOSMA,USA,1981,indie,False,America
903,Bernhard Potuzak,Germany,1998,indie,False,Europe
904,Berry Berry Niceu,Japan,1991,indie,False,Asia
905,BerryCrew5,Japan,2015,indie,False,Asia
906,Berzah Games,UK,2000,indie,False,Europe
907,Berzerk Studio,UK,2004,mid,False,Europe
908,Beshbarmak games,Poland,2020,indie,False,Europe
909,Best Bit Studios,Sweden,2012,indie,False,Europe
910,Best Way,USA,1982,indie,False,America
911,Betulasoft,USA,1998,indie,False,America
912,Bewolba Studios,Japan,2001,indie,False,Asia
913,Beyond Games,Germany,2002,indie,False,Europe
914,Bhelpuri Boyz,France,2019,indie,False,Europe
915,Bibiki,Sweden,1986,mid,False,Europe
916,Big Cheese Studio,Japan,1983,indie,False,Asia
917,Big City Lab,Poland,2014,indie,False,Europe
918,Big Cow Studios,UK,1975,indie,False,Europe
919,Big Cox Games,USA,1999,indie,False,America
920,Big Fish Games,Japan,2006,indie,False,Asia
921,Big Leaf Game,Japan,2020,indie,False,Asia
922,Big Robot Ltd,Japan,1980,mid,False,Asia
923,Big Stav,Russia,1989,indie,False,Europe
924,BigFrog Studios,USA,2009,indie,False,America
925,BigGuy Games,Russia,2011,indie,False,Europe
926,BigUpdate Games,Russia,2010,indie,False,Europe
927,BigWednesday,Germany,1992,indie,False,Europe
928,Bigfingers,Poland,1998,indie,False,Europe
929,Bigmoon Studios,Russia,2021,indie,False,Europe
930,Bigosaur,USA,2002,indie,False,America
931,Bilalaika,Poland,1990,indie,False,Europe
932,Bill Stanbrook,Australia,2003,indie,False,Oceania
933,Billy Goat Entertainment Ltd,Poland,1980,indie,False,Europe
934,Billyfighter,Australia,1990,indie,False,Oceania
935,Binary Logic,Canada,2019,indie,False,America
936,Binary Pulsar Ltd.,Canada,2015,indie,False,America
937,Bing,France,1988,indie,False,Europe
938,Binx.tv,Russia,2011,indie,False,Europe
939,BioWare Corporation,USA,2009,indie,False,America
940,Biodrone Studios,Australia,1993,indie,False,Oceania
941,Biohack Studio,USA,2007,indie,False,America
942,Biological Systems Modeling,Canada,1981,indie,False,America
943,Bison Kings Game Studios,Russia,2001,indie,False,Europe
944,Biswa Games,Australia,2016,indie,False,Oceania
945,Bit Gaming Studio,Poland,1990,indie,False,Europe
946,Bit Loom Games,UK,1990,indie,False,Europe
947,"Bit Planet Games, LLC",Canada,2006,indie,False,America
948,BitBarons GmbH,France,2015,indie,False,Europe
949,BitBreak I/S,Japan,2015,indie,False,Asia
950,BitShift_Games,Russia,2000,indie,False,Europe
951,Bitca,USA,1998,indie,False,America
952,Bitfall,Japan,2012,indie,True,Asia
953,Bithell Games,Russia,2021,mid,False,Europe
954,Bitmap Bureau,Australia,2015,indie,False,Oceania
955,Bitwave Games,UK,1979,indie,False,Europe
956,Bitwise Games,UK,2002,indie,False,Europe
957,Bjorn Nordenflyct,Japan,1995,indie,False,Asia
958,Björn Ståhl,UK,2011,indie,False,Europe
959,Bjørnar Prytz,Poland,1996,indie,False,Europe
960,Black Banshee Studios,Russia,1977,mid,False,Europe
961,Black Cardioid Games,Russia,2004,indie,True,Europe
962,Black Cat Entertainment,Sweden,1985,indie,False,Europe
963,Black Cat Studios,USA,2002,mid,False,America
964,Black Curtain Studio,Canada,1983,indie,False,America
965,Black Eye Games,UK,1992,indie,False,Europe
966,Black Forest Games,UK,1980,indie,False,Europe
967,Black Hand Studio,Sweden,1985,indie,False,Europe
968,Black Hole,France,2021,mid,False,Europe
969,Black Hole Games,USA,2016,indie,False,America
970,Black Ivy Games,USA,1988,indie,False,America
971,Black Jack Game Studios,USA,1989,indie,False,America
972,Black Lime Studio,Japan,1975,indie,False,Asia
973,Black Phoenix Studio,Poland,2002,indie,False,Europe
974,Black Potion,Japan,1989,indie,False,Asia
975,Black River Studios,Canada,1981,indie,False,America
976,Black Rock Studio,UK,1994,indie,False,Europe
977,Black Shell Media,Russia,1983,indie,False,Europe
978,Black Void Media,Canada,1979,indie,False,America
979,BlackHusHPuppy,USA,2016,indie,False,America
980,BlackMuffin,UK,1988,indie,False,Europe
981,BlackRobe,USA,2001,indie,False,America
982,BlackSharp,Japan,1988,indie,False,Asia
983,BlackThug,USA,1982,indie,False,America
984,Black_Tech6,UK,2002,indie,False,Europe
985,Blackbird Interactive,USA,1992,mid,False,America
986,Blackburne Games Yazılım A.Ş.,USA,2013,indie,False,America
987,Blackcan,France,2019,indie,True,Europe
988,Blackjard Softworks,Poland,1994,indie,False,Europe
989,Blacksmith Studios,France,1987,indie,False,Europe
990,Blackstaff Games,USA,1978,indie,False,America
991,Blackthorn Media Inc,Russia,1990,indie,False,Europe
992,Blaer Zhang,USA,2006,indie,False,America
993,Blake Fix,USA,1975,indie,False,America
994,Blake Gillman,Sweden,1983,mid,False,Europe
995,Blake W. Ford,Poland,2001,indie,False,Europe
996,Blam! Games,Canada,2005,mid,False,America
997,Blaster Games Studio,Russia,1976,indie,False,Europe
998,Blaze Epic,USA,1988,mid,True,America
999,Blazewing,USA,2000,indie,False,America
1000,Blazing Fanfish,France,2007,indie,False,Europe
1001,Blazing Griffin,Japan,2000,indie,False,Asia
1002,Blazing Stick,Germany,2014,indie,False,Europe
1003,Bleeding Edge Studio,USA,1980,mid,False,America
1004,Bleeding Leprechaun Studios,USA,1984,indie,False,America
1005,Bleeding Moon Studio,UK,2015,indie,False,Europe
1006,Bleeding Tapes,France,2016,indie,False,Europe
1007,Blender Games,Canada,2021,aaa,False,America
1008,Blessing Company,USA,1990,aaa,False,America
1009,Blight,Japan,2004,indie,False,Asia
1010,"Blind Eye Studios, LLC",USA,2017,indie,False,America
1011,Blind Mystics,Russia,1982,indie,True,Europe
1012,Blind Recluse,USA,1975,indie,False,America
1013,Blind Squirrel,Australia,2008,indie,False,Oceania
1014,"Blind Squirrel Entertainment, Inc.",Poland,1991,indie,False,Europe
1015,Blind Squirrel Games,USA,1992,indie,False,America
1016,Blindflug Studios AG,USA,1976,indie,False,America
1017,BlinkWorks Media,Japan,2008,indie,False,Asia
1018,Blinkmoon Games,Canada,2011,indie,False,America
1019,BlitWiz,Japan,2007,indie,False,Asia
1020,Blitworks,Japan,2011,indie,False,Asia
1021,Blitzball Inc.,USA,1981,indie,False,America
1022,Blitzball.Inc,Canada,1982,indie,False,America
1023,Blobfish,Japan,1977,indie,False,Asia
1024,Blocky World Games,USA,1977,indie,False,America
1025,Bloomside Studios,UK,1984,indie,False,Europe
1026,Blossom Legion,Australia,1977,indie,False,Oceania
1027,Bloxhill,Sweden,2022,indie,False,Europe
1028,BlqGms,USA,1990,indie,False,America
1029,BluBee Games,Canada,1992,indie,False,America
1030,BluSkie,Germany,1982,indie,False,Europe
1031,BluSped,Sweden,1986,indie,False,Europe
1032,Blue Aura Games,Japan,1977,indie,False,Asia
1033,Blue Butterfly,USA,2004,mid,False,America
1034,Blue Creazione,Russia,1994,indie,False,Europe
1035,Blue Giraffe,Germany,1975,indie,False,Europe
1036,Blue Isle Studios,USA,1994,indie,False,America
1037,Blue Muffin,USA,1998,indie,False,America
1038,Blue Ocean Games,Japan,1987,indie,False,Asia
1039,Blue Phoenix Games,Germany,1990,indie,False,Europe
1040,Blue Slayer Gaming,Sweden,1976,indie,False,Europe
1041,Blue Sunset Games,UK,2019,indie,False,Europe
1042,Blue Tang Studios Ltd,Australia,1975,indie,False,Oceania
1043,Blue Tea Games,UK,2022,mid,False,Europe
1044,Blue Tongue Entertainment,USA,2008,indie,False,America
1045,Blue9Fairy,UK,1978,indie,False,Europe
1046,BlueFireArts,USA,1992,indie,False,America
1047,BlueLantern,Sweden,2008,indie,False,Europe
1048,BlueLine Games,Sweden,2004,indie,False,Europe
1049,BlueNothing Games,USA,1981,indie,False,America
1050,BluePixel Games,France,2000,indie,False,Europe
1051,BluePlanetGames,Germany,2002,indie,False,Europe
1052,BluePlanetGames Sounds,USA,1993,indie,False,America
1053,Blueshift Media,UK,2000,indie,False,Europe
1054,Bluesuit,Canada,1995,indie,False,America
1055,Bluish-Green Productions,USA,1987,mid,False,America
1056,BlurryBit,Russia,1981,indie,False,Europe
1057,Blusagi Team,USA,2004,indie,False,America
1058,Blyts,USA,1997,indie,False,America
1059,Boatmeal Brothers,USA,1994,indie,False,America
1060,Bob,Poland,1980,indie,False,Europe
1061,Bob Game,Canada,2020,indie,False,America
1062,Bocary Studios,USA,1995,indie,False,America
1063,Boejunda LLC,Canada,1997,indie,False,America
1064,Bogdan Zigmund,USA,1994,indie,False,America
1065,Bohemia Interactive,Australia,1976,indie,False,Oceania
1066,Boing,Poland,2010,indie,False,Europe
1067,Bold Fish,USA,2004,indie,False,America
1068,Bolder Games,Russia,1982,mid,True,Europe
1069,Bolverk VR Games,Poland,1989,indie,False,Europe
1070,Bomb Jaguar,Poland,1998,indie,False,Europe
1071,Bon,Sweden,1980,indie,False,Europe
1072,Bondo Games,USA,1979,indie,True,America
1073,Bone Nail,USA,2016,indie,False,America
1074,BoneApps,USA,1996,indie,False,America
1075,BoneCracker Games,Australia,1978,indie,False,Oceania
1076,Bonfire Games,Germany,2021,indie,False,Europe
1077,BoninblueDesignLaboratory,USA,2018,indie,False,America
1078,Bonjourcoco,UK,1986,indie,False,Europe
1079,Bono Games,Japan,1984,indie,True,Asia
1080,Bontemps Games,France,1990,indie,False,Europe
1081,Boogygames Studios,Japan,2010,aaa,False,Asia
1082,Boolean,USA,1999,indie,False,America
1083,Boom Games,USA,2008,mid,False,America
1084,Boom Team,Australia,2009,indie,False,Oceania
1085,Boomzap Entertainment,Australia,2020,mid,False,Oceania
1086,Boomzap Inc,Germany,2006,mid,False,Europe
1087,Bootur Games,Germany,1995,mid,False,Europe
1088,"Boppy Games, LLC",USA,1995,indie,False,America
1089,Borderline Studios,USA,1992,indie,False,America
1090,Boreal Sun,Australia,2008,indie,False,Oceania
1091,Boreal View Studio,Germany,1989,indie,False,Europe
1092,Borealis,USA,2017,indie,False,America
1093,Boring Games,Germany,2022,indie,False,Europe
1094,Borington,Australia,1989,indie,False,Oceania
1095,Born Lucky Games,Australia,1999,indie,False,Oceania
1096,Borsuk Software,Poland,1986,indie,False,Europe
1097,Boru,Germany,2022,indie,False,Europe
1098,Bossa Studios,Sweden,1976,indie,False,Europe
1099,Both Good,UK,2011,indie,False,Europe
1100,Boujin 【棒陣】,Germany,1987,indie,False,Europe
1101,Bouncyrock Entertainment,Poland,2006,indie,False,Europe
1102,"Boundless Dynamics, LLC",USA,1977,indie,False,America
1103,Boundless Games,USA,1989,indie,True,America
1104,BoxFrog Games,Japan,1996,indie,False,Asia
1105,Boxcastle Games,USA,1983,indie,False,America
1106,BoxeS,USA,1995,indie,False,America
1107,Boyang Zhou,USA,2020,indie,False,America
1108,Brace Yourself Games,Russia,2008,mid,False,Europe
1109,Bracket Breakers,Australia,1998,indie,False,Oceania
1110,Brad Smith,France,2012,indie,False,Europe
1111,Brady Stanton - ThePhilly_,UK,1983,indie,False,Europe
1112,Brain Bug,Canada,2002,indie,False,America
1113,Brain Seal Ltd,Australia,2016,mid,False,Oceania
1114,Brain Syringe Studios LLC,Canada,2010,indie,False,America
1115,Brain-dead Rabbit Games,Sweden,1997,indie,False,Europe
1116,BrainStorming Team,Germany,1986,indie,False,Europe
1117,BrainSwapper,Canada,1993,indie,False,America
1118,BrainX Soft,Canada,2019,indie,False,America
1119,Brainbox Games,UK,2011,indie,True,Europe
1120,Braingame,France,2014,indie,False,Europe
1121,Brainloaf Studio,Germany,2006,indie,False,Europe
1122,Brainshape Games,Russia,1990,indie,False,Europe
1123,Brainwash Gang,UK,2015,indie,False,Europe
1124,Brandon Brizzi,USA,2020,indie,False,America
1125,Brandon Weeks,Canada,1996,indie,False,America
1126,BratAndronik,USA,1990,indie,False,America
1127,Brave Cat Games,UK,1981,indie,False,Europe
1128,Brave Giant LTD,USA,2003,mid,False,America
1129,Brave Lunch,Australia,2001,indie,False,Oceania
1130,Brave Men Games,UK,2009,indie,False,Europe
1131,Brayden Smith,Poland,2011,indie,False,Europe
1132,Bread On Board,Canada,1985,indie,False,America
1133,Break All Limits LLC,Russia,1977,indie,False,Europe
1134,Breaker Games,UK,1981,indie,False,Europe
1135,Breakfall,USA,1999,indie,False,America
1136,Brenntkopf Development,USA,1980,indie,False,America
1137,Brett Farkas,Australia,2005,indie,False,Oceania
1138,Brett Moody,Japan,2016,indie,False,Asia
1139,BrettspielWelt GmbH,Sweden,1985,indie,False,Europe
1140,Brewsterland Studios,UK,1987,indie,False,Europe
1141,Brian Gonnet,Germany,2021,indie,False,Europe
1142,BrickCream,France,1994,indie,False,Europe
1143,Bricky_cK,USA,2011,indie,False,America
1144,Bridget Hillje,Japan,1978,indie,False,Asia
1145,Bright Developers,Japan,1993,indie,False,Asia
1146,Bright at Midnight: A Game Studio,France,2005,indie,False,Europe
1147,Brimstone,USA,1985,indie,False,America
1148,Brit0nS,Australia,2005,indie,False,Oceania
1149,Britnet Media,UK,2000,indie,False,Europe
1150,Brkn Fixie Games,Sweden,1991,indie,False,Europe
1151,BrocBois,Germany,1986,indie,False,Europe
1152,Brogames,UK,1986,indie,False,Europe
1153,Broken Arrow Games,USA,2004,indie,False,America
1154,Broken Dream Studio,Poland,2011,indie,False,Europe
1155,Broken Pony Studios UG (haftungsbeschränkt),Russia,2017,indie,False,Europe
1156,Broken Simulation,France,2009,indie,False,Europe
1157,Broken Window Studios,Russia,1989,indie,False,Europe
1158,Broodling Studios,Poland,2008,indie,False,Europe
1159,Bros Ogon's,Germany,2005,indie,False,Europe
1160,Brotherly,USA,1994,indie,False,America
1161,Bruin Bear Games,Sweden,2020,indie,True,Europe
1162,Brutal Studio,Germany,2008,indie,False,Europe
1163,Brwarner Studios,Canada,2014,indie,False,America
1164,Bryan Gale,Australia,2003,indie,False,Oceania
1165,Bryce Bottegal,Australia,1988,indie,False,Oceania
1166,Bryce Summer,USA,2002,indie,False,America
1167,Bryn Oh,Canada,1987,indie,False,America
1168,Brytag Creative LLC,France,2013,indie,False,Europe
1169,Brøderbund,Sweden,1979,indie,False,Europe
1170,Bubblegum Home Entertainment,Germany,2010,indie,False,Europe
1171,Bubu,USA,2004,indie,False,America
1172,Buckwheat Software,USA,2019,indie,False,America
1173,Buffa Software,Germany,2001,indie,False,Europe
1174,Buffelo Games,USA,2011,indie,False,America
1175,BufoProject,Russia,1981,indie,False,Europe
1176,BugB Games,Germany,1981,indie,False,Europe
1177,BugBrains,Poland,1997,indie,False,Europe
1178,Bugarin-Horváth Boldizsár,USA,2016,indie,False,America
1179,Bugi Games,France,1977,indie,False,Europe
1180,Bugy Games,UK,2014,indie,False,Europe
1181,BuhoXx,Canada,1977,indie,False,America
1182,Builder7,Sweden,2019,indie,False,Europe
1183,Built In A Day Games,Russia,1992,indie,False,Europe
1184,BulatHard,USA,1994,mid,False,America
1185,Bullet Ant Games,Poland,2019,mid,False,Europe
1186,BunFan Games LLC,Australia,1989,indie,False,Oceania
1187,Bundem Games,Australia,2003,indie,False,Oceania
1188,Bundle Of Sticks Studios,UK,2021,indie,False,Europe
1189,Bunetto Michele Salvatore,France,1987,indie,False,Europe
1190,Bunkovsky Games,Sweden,2001,mid,False,Europe
1191,Burak Yücel,Russia,1998,indie,False,Europe
1192,Burning Daisies,Japan,1985,indie,False,Asia
1193,Burning Forest,Canada,2000,indie,False,America
1194,Burning Fur Productions,Poland,2011,indie,True,Europe
1195,ButtonX,USA,1987,indie,False,America
1196,Byking Inc.,USA,2004,mid,False,America
1197,ByteErrsLots Games,UK,1987,indie,False,Europe
1198,Bytebin,Poland,2007,indie,False,Europe
1199,Byzantine Games,Sweden,2018,indie,True,Europe
1200,C3B Games,UK,2013,indie,False,Europe
1201,C3i,Australia,2005,indie,False,Oceania
1202,CABO Studio,UK,1985,indie,False,Europe
1203,CAGE Studios,USA,2019,indie,False,America
1204,"CAPCOM Co., Ltd.",USA,1978,mid,False,America
1205,CARNAGE PRODUCTION STUDIOS,Germany,1988,indie,False,Europe
1206,CASGames,France,2018,indie,False,Europe
1207,CASH,France,2007,indie,True,Europe
1208,CAWEZ Studios,Russia,2018,indie,True,Europe
1209,CBGameDev,Sweden,2016,indie,False,Europe
1210,CCYY,Russia,1989,mid,False,Europe
1211,CDIS Lab.,Russia,1994,indie,False,Europe
1212,CFC Studio Games,Canada,1992,indie,False,America
1213,"CFK Co., Ltd.",UK,1997,mid,False,Europe
1214,CGA Studio,USA,1994,mid,False,America
1215,CGDC Community Game,Poland,2000,indie,False,Europe
1216,CGE Digital,USA,2017,indie,False,America
1217,CGGAMES,Poland,2010,indie,False,Europe
1218,CH757,France,1994,indie,False,Europe
1219,CHANGDONGSOFTWARE,Japan,1996,indie,False,Asia
1220,CHARK Studio,France,1992,indie,False,Europe
1221,CHARON,Canada,2016,indie,False,America
1222,CHICKEN SODA GAMES,USA,1990,indie,False,America
1223,CHONGYI,Russia,2013,indie,False,Europe
1224,CHRONOPHOBIA,UK,1983,indie,False,Europe
1225,CI Games,France,1993,indie,False,Europe
1226,CINEMAX GAMES,UK,1999,indie,False,Europe
1227,CITY CONNECTION,Germany,2011,mid,False,Europe
1228,CJWorks,UK,2020,indie,False,Europe
1229,CLEDU,Germany,2005,indie,False,Europe
1230,CLLGames,Canada,2007,indie,False,America
1231,CLO Virtual Fashion,USA,2017,indie,False,America
1232,"CM, Vinicius",USA,1981,indie,False,America
1233,CN Entertainment,Russia,2021,indie,False,Europe
1234,CO's Entertainment,Russia,1986,indie,False,Europe
1235,COAX-RF,Sweden,2016,indie,False,Europe
1236,CODE BELL,UK,2022,indie,False,Europe
1237,COKE,Japan,1996,indie,False,Asia
1238,COMPILE HEART,Germany,2004,mid,False,Europe
1239,COPIKAL,Japan,2015,indie,False,Asia
1240,COSDOTS,Australia,1979,indie,False,Oceania
1241,COWCAT,USA,1982,indie,False,America
1242,CRAFT,UK,1994,indie,False,Europe
1243,CREATIV GAME DEVELOPER LLC.,Sweden,1984,indie,False,Europe
1244,CREATIVE ASSEMBLY,USA,2001,indie,False,America
1245,CREATIVE VR3D,Sweden,2004,indie,False,Europe
1246,CRGames,Poland,1986,indie,False,Europe
1247,CRX Entertainment Pte Ltd.,Japan,2015,indie,False,Asia
1248,CS Squared Games,UK,1978,indie,True,Europe
1249,CSF Games Studio,USA,1985,indie,False,America
1250,CSM,USA,1980,mid,False,America
1251,CSTG-小光,Japan,2002,indie,False,Asia
1252,CUBUS GAMES SL,Australia,1999,indie,True,Oceania
1253,CUIWENPING,Germany,2021,mid,False,Europe
1254,CUTE ANIME GIRLS,USA,1995,mid,False,America
1255,CUTECAT,Germany,1976,indie,False,Europe
1256,CWDI GAMES,France,1990,indie,False,Europe
1257,"CXCY CO.,LTD",Sweden,1994,indie,False,Europe
1258,CYBERPHO,UK,2012,indie,False,Europe
1259,CaRacing Studio,USA,1977,indie,False,America
1260,Cactus VR Studios,USA,2021,indie,False,America
1261,CaffeineBoosterGames,Germany,2002,indie,False,Europe
1262,Caffinated Cauldron,Australia,1996,indie,False,Oceania
1263,Caicai Studio,Japan,1987,indie,False,Asia
1264,CakeEaterGames,Sweden,2000,indie,True,Europe
1265,Cakewalk,USA,1983,mid,False,America
1266,Cal,USA,2007,indie,False,America
1267,Calangames,UK,2016,indie,False,Europe
1268,Calappa Games,UK,2015,indie,False,Europe
1269,Calepin Studio,Germany,1978,indie,False,Europe
1270,Callback,USA,1981,indie,False,America
1271,Calm3D Pte Ltd,USA,2019,indie,False,America
1272,Calum Bowen,Japan,1982,indie,False,Asia
1273,Calvin Weibel,Japan,1984,indie,False,Asia
1274,CalypsoMini,Canada,1975,indie,False,America
1275,Camagames,France,2017,indie,False,Europe
1276,Camel 101,France,2019,mid,False,Europe
1277,"Cameron ""Kathryne"" Whitlock",Poland,1981,indie,False,Europe
1278,Cameron James Low,France,1993,indie,False,Europe
1279,Cameron Kostopoulos,USA,1987,indie,False,America
1280,Cameron Ladjevardi,Russia,2008,mid,False,Europe
1281,Cameron Ray,UK,2001,indie,False,Europe
1282,Campus ADN 2015-2016,USA,2006,indie,False,America
1283,Campus Cámara de Sevilla - Centro FP Superior,Canada,2005,indie,False,America
1284,Candlelight Studios,USA,2017,indie,False,America
1285,Candy games studios,USA,2011,mid,False,America
1286,Cantarella Massimiliano,USA,1980,indie,False,America
1287,Canuck Play Inc.,USA,2021,indie,False,America
1288,Canvas+Garden,USA,1989,mid,False,America
1289,Capitola VR,Australia,1991,indie,False,Oceania
1290,Caps Lock Solutions,USA,1986,indie,False,America
1291,Captain Fly Studio,Poland,1998,indie,False,Europe
1292,Capture Point Stone,UK,2022,indie,False,Europe
1293,Capucine Mahieux,Poland,1977,indie,True,Europe
1294,Capybara Games,USA,2016,mid,False,America
1295,Caracal Games,UK,2003,indie,False,Europe
1296,Caravel Games,USA,2021,mid,False,America
1297,Carbon Fiber Games LLC,Poland,1986,indie,False,Europe
1298,Cardboard Utopia,UK,2004,indie,False,Europe
1299,Careless Angels,UK,2005,indie,False,Europe
1300,Carlo D'Apostoli Projects,France,1985,indie,False,Europe
1301,CarlosGameDev,Canada,1978,indie,False,America
1302,Carly Hasson,Poland,1981,indie,False,Europe
1303,Carmelo Electronics,Germany,2011,indie,False,Europe
1304,Carnage Games,USA,1999,indie,False,America
1305,Carnality INC,France,2018,indie,False,Europe
1306,Carotaa,Canada,1983,indie,False,America
1307,Carrot Gaming Entertainment,Japan,2001,indie,False,Asia
1308,Carrot Studios,USA,2016,indie,False,America
1309,Carson Kompon,Canada,2018,mid,False,America
1310,Cartboard Games,Russia,2021,indie,False,Europe
1311,Carved Rabbit,Australia,2017,indie,False,Oceania
1312,CasGames,Japan,2019,mid,False,Asia
1313,Casket,USA,2017,indie,False,America
1314,CasketCheese,Japan,2017,indie,False,Asia
1315,Cassel Games,UK,2010,indie,False,Europe
1316,"Castle Pixel, LLC.",France,1975,indie,False,Europe
1317,CastleAbra Studios,USA,2005,indie,False,America
1318,CasuRae,Poland,1979,indie,False,Europe
1319,Casual Arts,UK,1996,mid,False,Europe
1320,Casual Brothers Ltd.,USA,1989,mid,False,America
1321,Casual Stuff,UK,1990,indie,False,Europe
1322,Cat Burglar Games,Japan,2011,indie,False,Asia
1323,Cat In A Jar Games,Poland,2003,indie,False,Europe
1324,Cat Paw Game,Australia,2022,indie,False,Oceania
1325,Cat Society,USA,2001,indie,True,America
1326,Cat5 Studios,Germany,1980,indie,False,Europe
1327,CatBellUnion,Australia,2015,indie,False,Oceania
1328,CatHut,Japan,1988,indie,False,Asia
1329,CatSaw,Japan,1996,indie,False,Asia
1330,CataStoica,USA,1989,mid,False,America
1331,Cataclysm Entertainment,UK,2014,mid,False,Europe
1332,Catalytic Studios,Canada,1998,indie,False,America
1333,Catapult Games,USA,2017,indie,False,America
1334,Catchweight Studio,UK,2015,indie,False,Europe
1335,Cateia Games,USA,2008,mid,False,America
1336,Catness Game Studios,USA,1985,indie,False,America
1337,Catnip studio,Poland,2022,indie,False,Europe
1338,Catowo,USA,2014,indie,False,America
1339,Causeway Studios,USA,2000,indie,False,America
1340,Cave Monsters,Poland,1987,indie,False,Europe
1341,CaveDave,USA,2001,indie,True,America
1342,Cavumono,France,2018,indie,False,Europe
1343,Ceiba Software and Arts,Russia,2003,indie,False,Europe
1344,Ceiling Games,Germany,2007,indie,False,Europe
1345,Celeritas Games,Japan,2008,mid,False,Asia
1346,Celery Emblem™,Germany,2002,indie,False,Europe
1347,Celestial Fuel,Japan,2007,indie,False,Asia
1348,Celianna,Sweden,2019,indie,False,Europe
1349,CelleC Games,Canada,1983,indie,False,America
1350,Celtaria Productions,France,2013,indie,False,Europe
1351,CenHangKai,Japan,1999,indie,False,Asia
1352,Ceri Williams,France,2019,indie,False,Europe
1353,Certeis Lirre,USA,1996,indie,False,America
1354,Certeis Lirre (Be Games Do Crimes),Japan,1983,indie,False,Asia
1355,Ceyhan Kapusuz,France,2022,indie,False,Europe
1356,ChainWave Games,Poland,2010,indie,False,Europe
1357,Chained-lily,Canada,2010,indie,False,America
1358,Chainsaw Development,USA,2014,indie,False,America
1359,Challenge Yourself Gaming,Canada,2018,indie,False,America
1360,Chandler Rounsley,Canada,1986,indie,False,America
1361,ChaoYe Liu,Canada,1995,indie,False,America
1362,Chaoclypse,Russia,2010,indie,False,Europe
1363,Chaos Cactus,Germany,2017,indie,False,Europe
1364,Chaos Cute Soft,Canada,2009,indie,False,America
1365,Chaos Minds,Poland,1975,indie,False,Europe
1366,Chaos Mysterious,USA,1984,indie,False,America
1367,Chaos Theory Games,USA,1992,indie,False,America
1368,Chaos Theory Studios Ltd.,USA,1993,indie,False,America
1369,ChaosForge,USA,1978,indie,False,America
1370,Chaotic Lab,USA,2009,indie,True,America
1371,Charan das,Poland,1981,indie,False,Europe
1372,Chard,Canada,2010,indie,False,America
1373,CharlyKuschel,Russia,2010,indie,False,Europe
1374,Charm Games,Japan,2019,indie,False,Asia
1375,ChaseFOX,France,1999,indie,False,Europe
1376,Chatty Pillow,Australia,2018,indie,False,Oceania
1377,Cheap Ramen Games,Germany,1975,indie,False,Europe
1378,Checkbox Interactive,USA,2003,indie,False,America
1379,Checkmark Games,Sweden,2020,indie,False,Europe
1380,Checkmaty,UK,2012,indie,False,Europe
1381,Cheeki Breeki Games,France,2021,indie,False,Europe
1382,Cheng Yong Xing,USA,1986,indie,False,America
1383,Chequered Ink Ltd.,USA,1986,mid,False,America
1384,Cherniukh Andrii,USA,1977,indie,False,America
1385,Cherry Beam,Germany,1983,indie,False,Europe
1386,Cherry Pick Games,Poland,1975,indie,False,Europe
1387,Cherry Pop Games,Canada,1984,indie,True,America
1388,ChessBase GmbH,Sweden,2013,mid,False,Europe
1389,Chewa,Sweden,2014,indie,False,Europe
1390,Chibig,UK,2011,indie,False,Europe
1391,Chicken Boolean,USA,2020,indie,False,America
1392,Chih-Hsuan Huang,USA,1986,indie,False,America
1393,ChildRude Studios,Russia,1985,indie,False,Europe
1394,Childish Things Ltd,Germany,1980,indie,False,Europe
1395,Chilla's Art,Sweden,2017,mid,False,Europe
1396,Chimera Coast Games,UK,1988,indie,False,Europe
1397,Chimera Entertainment,France,2005,indie,False,Europe
1398,Chimera Studios,Poland,2016,indie,True,Europe
1399,Chinesegamer,France,2003,indie,False,Europe
1400,Chinesegamer International Corp.,France,2014,indie,False,Europe
1401,Chlebek,USA,1995,indie,False,America
1402,Choice Provisions,Russia,1982,indie,False,Europe
1403,Choice of Games,Germany,1993,aaa,True,Europe
1404,Chokoty,Japan,1998,indie,False,Asia
1405,Chongqing Yan Wan network technology Co.Ltd.,Japan,2006,indie,True,Asia
1406,Chonky Games,Sweden,1987,indie,False,Europe
1407,Chonky Raccoon Studios,USA,1981,indie,False,America
1408,Chopin et al.,Australia,2009,indie,False,Oceania
1409,Chris Allen,France,1988,indie,False,Europe
1410,Chris Antoni,Russia,2018,mid,False,Europe
1411,Chris Castillo,USA,2009,indie,False,America
1412,Chris Charbonneau,Sweden,2022,mid,False,Europe
1413,Chris Danelon,France,1979,indie,False,Europe
1414,Chris Gray Enterprises Inc.,USA,2004,indie,False,America
1415,Chris Hanna,USA,1979,indie,False,America
1416,Chris Kerich,Russia,2010,indie,False,Europe
1417,Chris Mahoney,Poland,1991,indie,False,Europe
1418,Chris Norden,Japan,2000,indie,False,Asia
1419,Chris W.,USA,2018,indie,False,America
1420,Chris Zukowski,USA,2021,indie,False,America
1421,ChrisYU,Russia,2012,indie,True,Europe
1422,Christian Kahler,Poland,1997,indie,False,Europe
1423,Christian Lutnik,USA,2018,indie,False,America
1424,Christiane Snyder,USA,2003,indie,False,America
1425,Christophe Vanhille,Poland,1976,indie,False,Europe
1426,Christopher Entzenberg,Germany,1983,indie,False,Europe
1427,Christopher Evans,Russia,2009,indie,False,Europe
1428,Christopher Freeman,France,1994,indie,False,Europe
1429,Christopher Hyun,Sweden,2021,indie,False,Europe
1430,Christopher Lore,Australia,1975,indie,False,Oceania
1431,Christopher Null,Germany,1982,indie,True,Europe
1432,Christopher Rodrigues,Germany,2000,indie,False,Europe
1433,Christopher V. Costello,Australia,1994,indie,False,Oceania
1434,Chromatic Games,Russia,2021,indie,False,Europe
1435,Chrome Horizon 3D,UK,2016,indie,False,Europe
1436,Chronic Logic,USA,1986,indie,False,America
1437,Chronos Unterhaltungssoftware,Poland,1987,indie,False,Europe
1438,Chthonic Chrome Studio,Canada,2011,indie,False,America
1439,Chubby Pixel,Poland,2010,indie,False,Europe
1440,Chuck Productions,Germany,1993,indie,False,Europe
1441,Chui,USA,1987,indie,False,America
1442,Chumoran,Japan,1996,indie,False,Asia
1443,Chun Chun Games,Canada,1990,indie,False,America
1444,Ciaran Thistle,France,1987,indie,False,Europe
1445,Cicada_Dancing,Japan,2014,mid,False,Asia
1446,Cikoria Studio,Canada,1984,indie,False,America
1447,Cine Game Interactive Systems,UK,1995,indie,False,Europe
1448,Cintila Games,USA,1995,indie,False,America
1449,Cipher Games,USA,2022,indie,False,America
1450,Cipher Prime Studios,USA,1998,indie,False,America
1451,Circle Fairy Flower,Canada,2005,indie,False,America
1452,Circle Five Studios,UK,1994,indie,False,Europe
1453,Circle J,USA,2016,mid,False,America
1454,Circle Jerk(s),Poland,1983,indie,False,Europe
1455,Circle Poison,USA,2021,indie,False,America
1456,Circle TSUKIYAKI,USA,1979,indie,False,America
1457,CircleΣ,Poland,2015,indie,True,Europe
1458,Ciro Continisio,Germany,2000,indie,False,Europe
1459,City Interactive S.A.,USA,1977,indie,False,America
1460,Claire Medeiros,Germany,2009,indie,False,Europe
1461,Clapperheads,Russia,1998,indie,False,Europe
1462,Clara Lehenaff,Sweden,2012,indie,False,Europe
1463,Clarity Games,USA,2004,indie,False,America
1464,Clarus Victoria,USA,1998,mid,False,America
1465,Class of  2016-2017,France,2014,indie,False,Europe
1466,Classic Card Games Limited,Russia,1983,indie,False,Europe
1467,Classplash,USA,2011,indie,False,America
1468,Claw Mark Productions,Australia,2022,indie,False,Oceania
1469,ClearSky Studio,Sweden,1977,indie,False,Europe
1470,Cleaversoft,Japan,1979,indie,False,Asia
1471,Cleril Calamity Studios,USA,2017,indie,False,America
1472,Clever Simulation Entertainment,Sweden,1998,indie,False,Europe
1473,CleverRaven,Sweden,1977,indie,True,Europe
1474,Clickbait Studios,France,1981,indie,False,Europe
1475,Clickteam,Germany,1992,indie,False,Europe
1476,Climax Studios,USA,2009,mid,False,America
1477,Climax Studios Ltd.,UK,1999,indie,False,Europe
1478,"Clipstories, Inc",France,1979,indie,False,Europe
1479,"Clipstories, Inc.",UK,1989,indie,False,Europe
1480,Cloak and Dagger Games,UK,1997,indie,False,Europe
1481,Cloaz Studio,Japan,2013,indie,True,Asia
1482,ClockStone,Sweden,2003,indie,False,Europe
1483,Clockwork Bird,USA,2016,indie,False,America
1484,Cloud Sprout,USA,1985,indie,False,America
1485,CloudTheWolf Games,Canada,1982,indie,False,America
1486,Clovelt,UK,1996,indie,False,Europe
1487,"Cluck Games, LLC",Japan,2005,indie,False,Asia
1488,Coatsink,Germany,2016,mid,False,Europe
1489,Cobalt Code,USA,1977,indie,False,America
1490,Cobra Mobile,Germany,1983,indie,False,Europe
1491,Cococucumber,USA,2011,indie,False,America
1492,Code Avarice,USA,1986,indie,False,America
1493,Code Club AB,UK,2011,indie,False,Europe
1494,CodeBullet,Sweden,2021,indie,False,Europe
1495,CodeManu,USA,1980,indie,False,America
1496,CodeRenderX,France,2005,indie,False,Europe
1497,CodeThrower,USA,2001,indie,False,America
1498,Codeate,Russia,1986,indie,False,Europe
1499,Codeborn AB,Japan,1985,indie,False,Asia
1500,Codebrew Games Inc.,UK,2004,indie,False,Europe
1501,Codemasters,USA,1999,indie,False,America
1502,Codev Games,USA,1987,indie,False,America
1503,Code}{atch,Sweden,2018,indie,False,Europe
1504,Coding Duck,USA,1981,indie,False,America
1505,Coding Jar Studios Inc.,Sweden,2013,indie,True,Europe
1506,Coduar,Russia,2007,indie,False,Europe
1507,Cody Williams,USA,2017,indie,False,America
1508,Coffee Stain Studios,France,1975,indie,False,Europe
1509,Coffee Studio,Russia,2016,indie,False,Europe
1510,Cogent Education,Japan,1977,indie,False,Asia
1511,Cognitive Forge,Japan,2005,indie,False,Asia
1512,Cogoo,UK,2012,indie,False,Europe
1513,Cogware Games,Sweden,2019,indie,False,Europe
1514,Coin Operated Games,Japan,1991,indie,False,Asia
1515,CoinsDev,USA,1980,indie,False,America
1516,Cojokero Games,Sweden,2001,indie,False,Europe
1517,Coke Cat Studio,USA,2022,indie,False,America
1518,Cold Beam Games,Germany,1982,mid,False,Europe
1519,Cold-Dark Software™,UK,1988,indie,False,Europe
1520,Coldwild Games,UK,1998,mid,False,Europe
1521,Cole Andrews,Japan,2012,indie,False,Asia
1522,Coletivo Vaca Roxa,Poland,2002,indie,False,Europe
1523,Colibri Games,France,2018,indie,False,Europe
1524,Colin Hopkins,USA,2010,indie,False,America
1525,Colin Northway with art by Thomas Shahan,Japan,1998,indie,False,Asia
1526,Colin Ogren,Japan,1994,indie,False,Asia
1527,Colin Sanders,Russia,2000,indie,False,Europe
1528,Collector_collector,Poland,2017,indie,False,Europe
1529,Collision Studios,USA,2019,indie,False,America
1530,ColloseusX,USA,2007,indie,False,America
1531,Color Gray Games,UK,2010,indie,False,Europe
1532,Colossal Order Ltd.,Canada,1978,indie,False,America
1533,Colossal Wreck,Australia,1975,indie,False,Oceania
1534,Colossus Game Studio,Poland,2005,indie,False,Europe
1535,Colossus Interactive,Japan,1979,indie,False,Asia
1536,Colton Lathrop,UK,2013,indie,True,Europe
1537,Comag Game,UK,2000,indie,False,Europe
1538,Combat Wombat Studios,Germany,2020,indie,False,Europe
1539,Comfy Company,USA,1986,indie,False,America
1540,ComiNo Games,Japan,1987,indie,False,Asia
1541,Commandot Studio,Sweden,2008,indie,False,Europe
1542,Commotion Games Pty Ltd,USA,2013,indie,False,America
1543,Compile Heart,Canada,2014,indie,False,America
1544,Complicated Fish Games,USA,1990,indie,False,America
1545,Computer Aces,Australia,1980,indie,False,Oceania
1546,Computer Lunch,Russia,1997,indie,False,Europe
1547,Conabe Games,UK,1987,indie,False,Europe
1548,Conceptual Cage,Canada,1979,indie,False,America
1549,ConchShip Games,Germany,2021,indie,False,Europe
1550,Concrete Games,Sweden,1997,indie,False,Europe
1551,Confer Studios,Poland,1989,indie,False,Europe
1552,Confused Studios,USA,2000,indie,False,America
1553,Conglomerate 5,USA,2001,indie,False,America
1554,Conmtrast,Germany,2007,indie,False,Europe
1555,Connection,Australia,2007,indie,False,Oceania
1556,Conni'co,Sweden,2011,indie,False,Europe
1557,Connor Fahrenwald,Japan,1999,indie,False,Asia
1558,Conradical Games,Russia,1996,mid,False,Europe
1559,Constantly Bored Studio,Japan,2004,indie,False,Asia
1560,Cool Smithy Games,Poland,2005,indie,False,Europe
1561,CoolCraftGames,USA,2015,indie,False,America
1562,CoolDown Studio,USA,2019,indie,False,America
1563,Copperpick Studio,UK,1997,indie,False,Europe
1564,Cordless Games Studio,USA,1991,indie,False,America
1565,Cordylus,USA,2018,indie,False,America
1566,Core Design,UK,2010,indie,False,Europe
1567,Core Steel Game Studio,Japan,1997,indie,False,Asia
1568,Coredumping,Germany,1986,indie,False,Europe
1569,Corentin Lheriaud,Canada,1987,indie,False,America
1570,CoreyGameDev,USA,2022,indie,False,America
1571,Coriander Games,USA,1989,indie,False,America
1572,Corj Dev,USA,2014,indie,False,America
1573,Cornet Dev,Russia,1982,indie,False,Europe
1574,Cornutopia Software,Canada,2017,mid,False,America
1575,Correcture Games AB,USA,2009,indie,False,America
1576,Corrosive Studios LLC,Poland,1998,indie,False,Europe
1577,Cortex Code,Japan,2011,indie,False,Asia
1578,Corveda Games,Japan,2007,indie,False,Asia
1579,Coryphaeus Corp,USA,2011,indie,False,America
1580,CosCom Art Group,Germany,2002,indie,False,Europe
1581,Cosemen Gaming,Germany,2007,indie,False,Europe
1582,Cosmi,Poland,1986,indie,False,Europe
1583,Cosmo D,USA,2008,indie,False,America
1584,Cosmo Machia,Canada,1975,indie,False,America
1585,Cosmographic Software,UK,1981,indie,False,Europe
1586,Costa Blanca Studios,France,1991,indie,False,Europe
1587,Cosynook Games,USA,1992,indie,False,America
1588,Cotton Game,France,1998,mid,False,Europe
1589,Couch Cosmonauts LLC,Japan,2001,indie,False,Asia
1590,Couch in the Woods Interactive,UK,2000,indie,False,Europe
1591,CouchCompetitive,USA,1983,indie,False,America
1592,CountZero,Canada,1981,indie,False,America
1593,CounterParry,Russia,2010,indie,False,Europe
1594,Counterplay Games Inc,UK,1984,indie,False,Europe
1595,CoupleGames,Canada,2005,indie,False,America
1596,Courtney Chester,USA,2006,indie,False,America
1597,Cousins Factory,Sweden,2015,indie,False,Europe
1598,Cover Corp.,Canada,2006,indie,False,America
1599,Cow Corp.,Germany,2011,indie,True,Europe
1600,Cow Game,USA,1985,mid,False,America
1601,Cowboy Color,Poland,2005,indie,False,Europe
1602,Cozy Cloud Productions,USA,2022,indie,False,America
1603,Cozy Creeps Games,UK,2010,indie,False,Europe
1604,Cozy Marshmallow,Poland,1997,indie,True,Europe
1605,Cozy Script Productions,USA,2018,indie,False,America
1606,CozyStorm,USA,2011,indie,False,America
1607,Cptn_troll,Germany,1993,indie,False,Europe
1608,CrabDancer,Canada,2006,indie,False,America
1609,Crabby Team,Japan,1980,indie,False,Asia
1610,Crabeater Games,USA,2015,indie,False,America
1611,Crania Games,Poland,2015,indie,False,Europe
1612,Cranktrain,UK,2015,indie,False,Europe
1613,Crasleen Games,UK,1979,indie,False,Europe
1614,Crate Entertainment,UK,1995,indie,False,Europe
1615,Crayz,USA,1992,indie,False,America
1616,Crazy Cactus Entertainment,UK,2003,indie,False,Europe
1617,Crazy DEVs,Sweden,2022,indie,False,Europe
1618,Crazy Games,Australia,2001,mid,False,Oceania
1619,Crazy Pigeons,Poland,1983,indie,False,Europe
1620,Crazy Potato Game Studio,France,2022,indie,False,Europe
1621,Crazy Rooster Games,USA,1985,indie,False,America
1622,Crazy Viking Studios,USA,2005,indie,False,America
1623,CrazyKraken,USA,2000,indie,False,America
1624,CrazyLabs,Australia,1981,indie,False,Oceania
1625,CrazyMoo Games,USA,2016,indie,False,America
1626,CrazyPenguin0111,UK,1989,indie,False,Europe
1627,CrazySim,USA,2015,indie,False,America
1628,Creability,Germany,1985,indie,True,Europe
1629,Creaky Lantern Games,France,1995,indie,False,Europe
1630,Cream Meron,Japan,2009,indie,False,Asia
1631,Creashock studios,Germany,1983,indie,False,Europe
1632,Creat Studios Inc,Canada,1986,indie,False,America
1633,Create Something Interesting,Japan,2022,indie,False,Asia
1634,Creative Concepts,Germany,2008,indie,False,Europe
1635,Creative Games,Germany,1997,indie,False,Europe
1636,Creative Games Computer Graphics Corporation,USA,1980,indie,False,America
1637,Creative Oven Studio Group,UK,1991,indie,False,Europe
1638,Creative Storm Entertainment,USA,2008,mid,False,America
1639,CreativeForge Games,Poland,1997,indie,False,Europe
1640,Creator Tom,Germany,2019,indie,False,Europe
1641,Creed Games,Australia,2005,indie,False,Oceania
1642,Creepy Brothers,Russia,1993,mid,False,Europe
1643,Creepy Pixel Studio,Russia,2010,indie,False,Europe
1644,Crenetic,UK,2010,indie,False,Europe
1645,Crenetic GmbH Studios,USA,2020,indie,False,America
1646,Creobit,UK,1999,aaa,False,Europe
1647,CreptsyStudio,USA,2015,indie,False,America
1648,Crew Lab,Russia,2014,mid,False,Europe
1649,CrewLab,Canada,1993,indie,False,America
1650,Crimson Games Dev,Germany,1992,indie,False,Europe
1651,Crimson Leaf LLC,Poland,1986,mid,False,Europe
1652,Crimsonite Games,USA,2004,mid,False,America
1653,Criterion Games,USA,2014,indie,False,America
1654,Critical Hit Games,UK,1984,indie,True,Europe
1655,Crocodile and cactus,Germany,1986,indie,False,Europe
1656,Crop Lab,USA,1983,indie,False,America
1657,Cross Eaglet,Canada,1989,indie,False,America
1658,Cross Game Studio,USA,1988,indie,False,America
1659,Cross-Product,UK,2006,indie,False,Europe
1660,Crossplatform,Japan,1977,indie,False,Asia
1661,Croteam,Poland,1984,indie,False,Europe
1662,Croteam VR,Russia,1979,indie,False,Europe
1663,Crow's Key Studios,USA,1991,indie,False,America
1664,CrowNest Games,Poland,1982,indie,False,Europe
1665,Cruderocks,Canada,1999,indie,False,America
1666,Crunchy Leaf Games,Japan,2022,indie,False,Asia
1667,Crusade,USA,2022,indie,False,America
1668,Crynosaurs,Germany,1988,indie,False,Europe
1669,Cryo Interactive,Canada,1994,indie,False,America
1670,CryoDreams Interactive,USA,2021,indie,True,America
1671,Cryobolt Interactive,Sweden,2008,indie,False,Europe
1672,Crystal Box Team,Japan,1994,indie,False,Asia
1673,Crystal Dynamics,Sweden,2017,mid,False,Europe
1674,Crystal Empire Games,USA,2015,indie,False,America
1675,Crystal Game Works,USA,1992,indie,False,America
1676,Crystal Shard,UK,1990,indie,True,Europe
1677,Crystalline Green Ltd.,USA,2019,indie,False,America
1678,Cssiphy,Germany,1998,indie,False,Europe
1679,CubaoBITS,USA,2006,indie,False,America
1680,Cube Factory,France,2015,indie,False,Europe
1681,Cube of Cube,UK,1984,indie,False,Europe
1682,CubeCube Sports Ltd.,Russia,1983,indie,False,Europe
1683,CubeDeveloper,UK,2010,indie,False,Europe
1684,Cubicle Interactive,Russia,2003,indie,False,Europe
1685,CuckTale games,USA,1999,indie,False,America
1686,Cuco Code LLC,USA,1977,indie,False,America
1687,Cult Software,Japan,1993,indie,False,Asia
1688,Cultic Games,Japan,2011,indie,False,Asia
1689,Cumulo,UK,2021,indie,False,Europe
1690,Cunum Games,Poland,2013,indie,False,Europe
1691,CupCupMug,Germany,1979,mid,False,Europe
1692,Cupid's Ero Games,Japan,1991,indie,False,Asia
1693,Curiosity Computing,Japan,2015,indie,False,Asia
1694,Curious Fate,Canada,1976,indie,False,America
1695,Curious Planet,UK,2014,indie,False,Europe
1696,Curiouspark,Canada,2017,indie,False,America
1697,Curse Box Studios,Poland,1987,indie,False,Europe
1698,Cursed amulet,Japan,2010,indie,False,Asia
1699,Curtel Games,USA,2001,indie,False,America
1700,Curtis Scifres,USA,2008,indie,False,America
1701,Curvature Systems,USA,1983,indie,False,America
1702,Cut The Mines,USA,1981,indie,False,America
1703,Cute Cat Studios,USA,2011,indie,False,America
1704,Cute Hannah's Games,UK,2006,aaa,False,Europe
1705,Cute Pen Games,Canada,1991,mid,True,America
1706,Cutlass Boardgames,USA,2020,indie,False,America
1707,Cyanide Studio,Sweden,1988,mid,False,Europe
1708,Cyanide Studios,Sweden,1980,indie,False,Europe
1709,Cyanide Tea,France,1998,indie,False,Europe
1710,Cyber Eye,Sweden,2001,indie,False,Europe
1711,Cyber Keks,Russia,1978,aaa,False,Europe
1712,CyberConnect2,USA,1977,indie,False,America
1713,"CyberConnect2 Co., Ltd.",Poland,1979,indie,False,Europe
1714,CyberDream,Australia,1981,indie,False,Oceania
1715,CyberLight Game Studio,USA,1999,indie,False,America
1716,CyberRomance VR TEAM,Germany,1990,indie,False,Europe
1717,"CyberStep, Inc.",Australia,2010,aaa,False,Oceania
1718,Cyberframe Studios,UK,1981,indie,False,Europe
1719,Cyberkite Games,Germany,2018,indie,False,Europe
1720,Cybermask Studio,France,1981,indie,False,Europe
1721,Cyberzonegames,USA,2000,indie,False,America
1722,CycloneRidgeStudios,France,2009,indie,False,Europe
1723,Cyphen Productions,Japan,1997,indie,False,Asia
1724,Cyprus Games,Germany,1995,indie,False,Europe
1725,Cyra998,UK,2015,indie,False,Europe
1726,Cyril ANGHELIDI,Canada,2013,indie,False,America
1727,Cтрельба,Germany,1999,indie,False,Europe
1728,D Games,Sweden,1991,indie,False,Europe
1729,D!Gi productions,Japan,2000,indie,True,Asia
1730,D&K Games Studio,USA,1993,indie,False,America
1731,D. T. Games,Japan,1994,indie,True,Asia
1732,D.B PRODUCTIONS,Australia,1988,indie,False,Oceania
1733,D.D.dog,USA,2019,indie,False,America
1734,D.K.T. ltd,Sweden,2007,indie,False,Europe
1735,D.P.L.D.S,Sweden,1984,indie,False,Europe
1736,D.W.O Studios,Japan,1984,indie,False,Asia
1737,D3PUBLISHER,UK,2012,indie,False,Europe
1738,D4,USA,1994,indie,False,America
1739,D4F Games,UK,1988,indie,False,Europe
1740,DARKLID,Canada,2005,indie,False,America
1741,DC2S,Poland,2019,indie,False,Europe
1742,DCF Studios,Poland,1981,indie,False,Europe
1743,DE GAMES,UK,2021,indie,False,Europe
1744,DEADDEVICE,UK,1978,indie,False,Europe
1745,"DEEP SIGHT INTERACTIVE Tech Co., Ltd.",UK,2002,indie,False,Europe
1746,DEKLAZON,Poland,1989,indie,False,Europe
1747,DEODOO,Poland,1975,indie,False,Europe
1748,DEV TEAM,France,1978,indie,False,Europe
1749,DEVBOX,USA,2009,indie,False,America
1750,DGV-Games,UK,2019,indie,False,Europe
1751,DGames,USA,2021,indie,False,America
1752,DIEDEMOR STUDIO GAMES,Australia,2013,indie,False,Oceania
1753,DIG Publishing,USA,2002,indie,False,America
1754,DIGIDICED,UK,1983,mid,False,Europe
1755,DIGIFOX,Japan,2022,indie,True,Asia
1756,DIGITAL ART TEAM,UK,1980,indie,False,Europe
1757,DKat Games,Japan,2019,indie,False,Asia
1758,DM Games Pty Ltd,USA,2010,indie,False,America
1759,DMQuetzalli,UK,2011,indie,False,Europe
1760,DMU Software,France,2022,indie,False,Europe
1761,DNN,USA,1992,indie,False,America
1762,DNZY Games,UK,2011,indie,False,Europe
1763,DON'T NOD,Canada,2002,indie,False,America
1764,DONTNOD Entertainment,USA,1997,mid,False,America
1765,DOPPELGESICHT,USA,1994,indie,False,America
1766,DOVEINSKY,UK,2003,indie,False,Europe
1767,DP Corp,Japan,1989,indie,False,Asia
1768,DRAGO entertainment,UK,2021,indie,False,Europe
1769,DSGame,USA,1978,mid,False,America
1770,DT3 Digital,France,1984,indie,False,Europe
1771,DTDA Games,Poland,1975,indie,False,Europe
1772,DTP Games,Russia,1994,indie,False,Europe
1773,DU&I,USA,1988,mid,False,America
1774,DUCK,USA,2009,indie,False,America
1775,DW,USA,2005,indie,False,America
1776,DWGames,Australia,2019,indie,False,Oceania
1777,DXF Games,USA,2012,indie,False,America
1778,DYA Games,Germany,1991,indie,False,Europe
1779,DYSTANT Games,USA,2019,mid,False,America
1780,DadTax,USA,2016,indie,False,America
1781,DaeJin Jeong,USA,2017,indie,False,America
1782,Daedalic Entertainment,Poland,2017,mid,False,Europe
1783,Daemin N,USA,1993,indie,False,America
1784,Daemon Cat,France,1989,indie,False,Europe
1785,Dagger Games,Japan,2020,indie,False,Asia
1786,Dahku,UK,2013,indie,False,Europe
1787,Daigo Tech,USA,2007,indie,False,America
1788,Daily Magic Productions,Germany,2020,mid,True,Europe
1789,Daimen Gaming,USA,2008,indie,False,America
1790,Daisessen,Japan,2022,mid,False,Asia
1791,DakeCraft,UK,1997,mid,False,Europe
1792,Dakzky,UK,2007,indie,False,Europe
1793,Dale Coop - Code,USA,1991,indie,False,America
1794,Damyan Momchev,Sweden,1976,indie,False,Europe
1795,Dan  Walters,Australia,1989,indie,False,Oceania
1796,Dan Ferguson,Sweden,2017,indie,False,Europe
1797,Dan Goyette,Canada,2008,indie,False,America
1798,Dan Hathaway,France,2015,indie,False,Europe
1799,Dan Ruta,UK,2011,indie,False,Europe
1800,Dan Young,Australia,2013,indie,False,Oceania
1801,Dan Zaidan,Germany,1988,indie,False,Europe
1802,Dance studio mix,Germany,2018,indie,False,Europe
1803,Dancing Mango Games,Poland,1994,indie,False,Europe
1804,Dandover,Sweden,1983,indie,False,Europe
1805,Dandylion,Sweden,1984,indie,False,Europe
1806,DangerousBob Studio LLC,Germany,1985,mid,False,Europe
1807,Dani Corralez,Germany,2021,indie,False,Europe
1808,Dani Gas,UK,1984,indie,False,Europe
1809,Danicy,Russia,2001,indie,False,Europe
1810,Daniel Celemín,UK,2022,indie,False,Europe
1811,Daniel Dabdoub,Sweden,2022,indie,False,Europe
1812,Daniel Gallagher,Russia,1981,indie,False,Europe
1813,Daniel George,USA,2014,indie,False,America
1814,Daniel Gill,France,2014,indie,False,Europe
1815,Daniel Guachamin,USA,2018,indie,True,America
1816,Daniel Jenikovský,USA,2005,indie,False,America
1817,Daniel Martínez Martínez-Pardo,Poland,2005,indie,False,Europe
1818,Daniel Meredith,UK,1999,indie,False,Europe
1819,Daniel Paul Griffin,USA,1987,indie,False,America
1820,Daniel Richter,UK,1975,indie,False,Europe
1821,Daniel Rychlý,Australia,1989,indie,False,Oceania
1822,Daniel Siqueira Abdelnur,Australia,1988,indie,False,Oceania
1823,Daniele Doesn't Matter,Sweden,2003,indie,False,Europe
1824,"Daniele Piccolino, Andrea Fusti",Japan,1995,indie,False,Asia
1825,Daniele Sichetti,Sweden,2002,indie,False,Europe
1826,Daniil Shashenkov,USA,2022,indie,False,America
1827,Daniil Titner,Canada,2000,mid,False,America
1828,Danil Kapylov,Russia,2013,indie,False,Europe
1829,Danilo Willian,France,2020,indie,False,Europe
1830,DankSoss,Germany,2003,indie,False,Europe
1831,DankSoss Interactive,Sweden,1990,indie,False,Europe
1832,Danny E.K. van der Kolk,UK,2022,indie,True,Europe
1833,DarKnot Team,UK,2015,indie,False,Europe
1834,Dare Looks,USA,2003,indie,False,America
1835,Darien Mayne,UK,1993,indie,False,Europe
1836,Darius Bode,Japan,2014,indie,False,Asia
1837,Dark Erotica Games,Canada,1984,indie,False,America
1838,Dark Faction Games,France,1980,indie,False,Europe
1839,Dark Lord,USA,2012,indie,False,America
1840,Dark One!,Canada,1983,indie,False,America
1841,Dark Sky Empire,UK,1976,indie,False,Europe
1842,DarkDirtyDev.,Germany,2020,indie,False,Europe
1843,DarkEvilGames,Sweden,1980,indie,False,Europe
1844,DarkSheep Games,Canada,2020,indie,False,America
1845,DarkStone Digital,Canada,1982,indie,False,America
1846,Darkest Light Studios,Canada,2015,indie,False,America
1847,Darkling Room,Germany,1999,mid,False,Europe
1848,Darkmatter Games,Australia,2014,indie,False,Oceania
1849,Darkpaw Games,UK,1999,indie,True,Europe
1850,Darksun Studio,USA,1996,indie,False,America
1851,"Daruma The Factory, Inc.",France,1984,indie,False,Europe
1852,Dasaku Laboratory,USA,2020,indie,False,America
1853,Date Ariane Games,UK,2021,indie,False,Europe
1854,Dave Beck,Japan,2015,indie,False,Asia
1855,Dave C,Sweden,1987,indie,True,Europe
1856,Dave Myers,Russia,1975,indie,False,Europe
1857,DaveighSoft,Poland,2009,indie,False,Europe
1858,David A. Velasco,France,2006,indie,False,Europe
1859,David Elliot,Germany,2005,mid,False,Europe
1860,David Fitzgerald (Perfectfitz),Japan,2013,indie,False,Asia
1861,David Gallardo,USA,2010,indie,False,America
1862,David Garza,France,1988,indie,True,Europe
1863,David Kaleta,USA,2016,indie,False,America
1864,David Kurcina,USA,1977,indie,False,America
1865,David Lawrence,Poland,1994,indie,False,Europe
1866,David Marquardt Studios,USA,1981,indie,False,America
1867,David Mulder,USA,2018,indie,False,America
1868,David Mödinger,France,2019,indie,False,Europe
1869,David Rudyi,Russia,1986,indie,False,Europe
1870,David S Womack Productions,Russia,1998,indie,False,Europe
1871,David Seifers,USA,1994,indie,False,America
1872,David Sokolow,Sweden,1979,indie,False,Europe
1873,David Stark,Poland,1979,indie,False,Europe
1874,David Szymanski,USA,2019,indie,False,America
1875,David Taylor,UK,2001,indie,False,Europe
1876,David Walters,Canada,2014,indie,False,America
1877,David Zeiser,Germany,2015,indie,False,Europe
1878,Davit Andreasyan,USA,2021,indie,False,America
1879,Davyd Moskalenko,Sweden,2020,indie,False,Europe
1880,Dawid Kusyk,France,1995,indie,False,Europe
1881,DawnLight Workshop,Germany,2014,indie,False,Europe
1882,Dawncraft,USA,2011,indie,False,America
1883,Dawson Inkster,Canada,2006,indie,False,America
1884,Day Art's Games,USA,2014,indie,False,America
1885,DayalGames,USA,1987,indie,True,America
1886,Dayjob Studio,USA,2015,indie,False,America
1887,Daylight Studios,Canada,1988,indie,False,America
1888,DeXP,Australia,2001,indie,True,Oceania
1889,Deacrow,UK,2015,indie,False,Europe
1890,Dead Bunny Interactive,France,2019,indie,False,Europe
1891,Dead Imagination Games,Russia,1994,indie,False,Europe
1892,Dead Joker,Germany,1975,indie,False,Europe
1893,Dead Level,UK,2000,indie,False,Europe
1894,Dead Mage,France,1976,indie,False,Europe
1895,Dead Thread Games,USA,1996,indie,False,America
1896,Dead Turtle,Japan,2005,indie,False,Asia
1897,Dead Unicorn,France,2005,indie,False,Europe
1898,Deadbug,Japan,2009,indie,False,Asia
1899,Deadly Red Cube,Japan,2001,indie,False,Asia
1900,DeadlyCrow Games,USA,2008,indie,False,America
1901,Deadman,Canada,1995,indie,False,America
1902,Death On Sausage,USA,2011,indie,False,America
1903,Death Sword Spirit,Russia,1997,indie,False,Europe
1904,Death by Broccoli,USA,1976,indie,False,America
1905,DeathCount Games,UK,2009,indie,False,Europe
1906,Debuff Interactive,Germany,1999,indie,False,Europe
1907,Decebal Games Studio,USA,1994,indie,False,America
1908,Decent Treatment,UK,1977,indie,False,Europe
1909,Deceptive Games,USA,1990,indie,False,America
1910,Deck Nine,Poland,1994,mid,False,Europe
1911,Deck13,UK,1982,indie,False,Europe
1912,Decoder,USA,1987,indie,False,America
1913,Deconstructeam,Japan,1976,mid,False,Asia
1914,Dede Bayi,Sweden,1984,indie,False,Europe
1915,Dedication Games,Sweden,2021,indie,False,Europe
1916,Deeber,UK,1995,indie,False,Europe
1917,Deeli Network,Sweden,2008,indie,False,Europe
1918,Deep Cave,USA,2021,mid,True,America
1919,Deep Dive Project,UK,2008,indie,False,Europe
1920,Deep Field Games,UK,1977,indie,False,Europe
1921,Deep Games LLC,Germany,1980,indie,False,Europe
1922,Deep Green Games,Sweden,1981,indie,False,Europe
1923,Deep Root Interactive,France,1994,indie,True,Europe
1924,Deep Shadows,Russia,2015,indie,False,Europe
1925,Deep Type Games,UK,1987,indie,False,Europe
1926,Deep Voodoo Games,Germany,2003,indie,False,Europe
1927,DeepSeaStudio,USA,1985,indie,False,America
1928,Deertwig Studio,USA,2014,indie,False,America
1929,Defence Force,USA,2009,indie,False,America
1930,Defiant Development,UK,1984,indie,False,Europe
1931,Define Logic Studios,Russia,2011,indie,False,Europe
1932,Defunct Horizon,USA,2014,indie,False,America
1933,Dejobaan Games,Germany,1978,indie,False,Europe
1934,Deki,Japan,2018,indie,False,Asia
1935,Dekore Game Lab,UK,1980,indie,False,Europe
1936,Dekovir Entertainment,USA,2013,indie,False,America
1937,Delattre & Harger,France,2019,indie,False,Europe
1938,Delirious & Co.,France,1994,indie,False,Europe
1939,Delpod,USA,2017,indie,False,America
1940,Delta,USA,2004,indie,False,America
1941,Delta Bright,USA,2019,indie,False,America
1942,Deltacraft Games,Japan,2018,indie,False,Asia
1943,Delusional Scrapyard,Russia,2005,indie,False,Europe
1944,Demetree Studios,USA,2014,indie,False,America
1945,Demetris Rouslan Zavorotnitsienko,UK,1986,indie,False,Europe
1946,Demian Till,France,1995,indie,False,Europe
1947,DemoDog Games,USA,2005,indie,False,America
1948,Demon Logic Studio,Japan,1985,indie,False,Asia
1949,Demon Zoo Games LLC,UK,2011,indie,False,Europe
1950,Denda Games,USA,2020,indie,False,America
1951,Deni_Sele,UK,2016,indie,False,Europe
1952,Denis Blondel,UK,2004,indie,False,Europe
1953,Denis Galanin (mif2000),UK,2014,indie,False,Europe
1954,Denis Kazantsev,USA,2005,indie,False,America
1955,Denis Murias,UK,2019,indie,False,Europe
1956,Dennaton Games,Russia,2002,mid,False,Europe
1957,Dennis Qvarfordt Hammarlind,UK,2019,indie,False,Europe
1958,Denny Truong,France,1979,indie,False,Europe
1959,Denormalizer,Canada,2006,indie,False,America
1960,Denys Rudyi,Germany,1995,indie,False,Europe
1961,Derefepo,Poland,1986,indie,False,Europe
1962,Derin,UK,2013,indie,False,Europe
1963,Derpmachine,Poland,1999,indie,False,Europe
1964,Derrick Adams,France,1978,indie,False,Europe
1965,Derrick Davison,Poland,2012,mid,False,Europe
1966,Desafortunados Games,France,1975,indie,False,Europe
1967,Desastreger,France,2003,indie,False,Europe
1968,Desert Fox,UK,2011,indie,False,Europe
1969,Desertical Studio,USA,1995,indie,False,America
1970,DeskClub Games,Russia,2018,indie,False,Europe
1971,DeskDev Team,Australia,2002,indie,False,Oceania
1972,Destined Team,Sweden,1980,indie,False,Europe
1973,Destructive Creations,France,2007,indie,False,Europe
1974,Dev Arc,USA,1993,indie,False,America
1975,Dev It With Cat,Sweden,1978,indie,True,Europe
1976,Dev Kacper,Germany,1997,indie,False,Europe
1977,Dev Kid Games,USA,1976,indie,False,America
1978,Dev by YoonLim alone,Canada,2000,indie,False,America
1979,Dev9k,Canada,2000,indie,False,America
1980,DevAddict's Chat,Germany,2017,indie,False,Europe
1981,Deva,USA,2010,indie,False,America
1982,Devcats,Sweden,2001,mid,False,Europe
1983,Devdan Games,Australia,2017,indie,False,Oceania
1984,Devdepot,USA,2016,indie,True,America
1985,Deviant Labs,Canada,2006,indie,False,America
1986,Devil Kitty Games,Australia,1983,indie,False,Oceania
1987,Devil's Dozen Games,France,2001,mid,False,Europe
1988,Devin Sherry,Sweden,2019,indie,False,Europe
1989,Devment Studio,Japan,1986,indie,False,Asia
1990,Devon Adams,Japan,2003,indie,False,Asia
1991,Devouzi151,USA,2002,indie,False,America
1992,Devs on a Boat,Germany,2021,indie,False,Europe
1993,Dexied Games,Japan,2001,indie,False,Asia
1994,Dexter Team Games,Germany,1977,indie,False,Europe
1995,Deyvid Jaguaribe,Germany,2020,indie,False,Europe
1996,Dhamas Tri,Germany,2019,indie,False,Europe
1997,Dharker Studios,Canada,2008,aaa,False,America
1998,DiaMMax Games,Australia,1992,indie,False,Oceania
1999,"Diantong Intelligence Tech. Shanghai Co.,Ltd.",USA,2014,indie,False,America
2000,DiceyCraft,Japan,2022,indie,False,Asia
2001,Dicky Hewage,France,2018,indie,False,Europe
2002,DidOne,Russia,1994,indie,False,Europe
2003,Didactoons,Sweden,2009,indie,False,Europe
2004,Didactricks,Japan,2007,indie,False,Asia
2005,Die Gute Fabrik,Germany,1996,indie,False,Europe
2006,Dieselmine,Australia,1993,mid,False,Oceania
2007,DietChugg LLC,USA,2013,indie,False,America
2008,DigBar,Canada,2011,indie,False,America
2009,Digerati Distribution,France,2012,indie,False,Europe
2010,Diggidy.net,USA,1993,mid,False,America
2011,DigiFeather,France,1993,indie,False,Europe
2012,DigiMight,USA,1979,mid,False,America
2013,DigiPen Europe-Bilbao,USA,1983,mid,False,America
2014,DigiPen Institute of Technology,USA,1991,indie,True,America
2015,Digipot,USA,1986,indie,False,America
2016,Digital Ballista,Canada,2017,indie,False,America
2017,Digital Bounce House,Russia,1991,indie,False,Europe
2018,Digital Cove Games,USA,1986,indie,False,America
2019,Digital Crafter,Poland,1996,indie,False,Europe
2020,Digital Cybercherries,Australia,2013,indie,False,Oceania
2021,Digital Domain,USA,2006,indie,False,America
2022,Digital Eclipse,UK,1999,mid,False,Europe
2023,Digital Fusion Inc.,Japan,2015,indie,False,Asia
2024,Digital Kingdom,Germany,1997,indie,False,Europe
2025,Digital Melody,USA,1982,mid,False,America
2026,Digital Monster Collective,Japan,2005,indie,False,Asia
2027,Digital TableTops,Russia,2009,indie,False,Europe
2028,DigitalEZ,Canada,1999,indie,False,America
2029,DigitalWolfByte,USA,2002,indie,True,America
2030,DigitalWorldEntertainment,Sweden,2003,indie,False,Europe
2031,Digitalzone,UK,2008,indie,False,Europe
2032,Digitum Software,USA,2009,indie,False,America
2033,Dijimit,Australia,2002,indie,False,Oceania
2034,Dikobraz Games,France,1992,indie,False,Europe
2035,DillyFrame,USA,1981,mid,False,America
2036,Dima Fyuriy,Germany,2004,indie,False,Europe
2037,Dimension Unknown Studio,Russia,2021,indie,False,Europe
2038,DimensionGate,Russia,2008,indie,False,Europe
2039,Dimfrost Studio,Canada,1986,indie,False,America
2040,Diminished Studios,USA,1975,indie,False,America
2041,Dimitri Kipper,USA,1981,indie,False,America
2042,Dinahsoft ltd.,Canada,1997,indie,False,America
2043,Dincicode,USA,1987,indie,True,America
2044,Dinosaur workshop,France,1978,indie,False,Europe
2045,Dionous Games,France,1988,indie,False,Europe
2046,Diony Station,France,2020,indie,False,Europe
2047,Dire Wolf,USA,2013,indie,False,America
2048,Directive Games Limited,France,2016,mid,False,Europe
2049,Dirty Adventures 🖤,Australia,1982,indie,False,Oceania
2050,Dirty Fox Games,USA,2004,mid,False,America
2051,Disaster Soup,USA,2004,indie,False,America
2052,Disaster Squad Productions,USA,2002,mid,False,America
2053,DismayChildFish,France,1995,indie,False,Europe
2054,Disoft Game Developers,Russia,1992,indie,False,Europe
2055,Displaced Bits,UK,1996,indie,False,Europe
2056,Displacement Studios,USA,1991,indie,False,America
2057,Disruptive Software,USA,1987,indie,False,America
2058,Distinguished Monkey Games,USA,2006,indie,False,America
2059,Divilusion Studio,Germany,2002,indie,False,Europe
2060,DjokaGames,France,2003,indie,False,Europe
2061,Dmitry Azarov,USA,1979,indie,False,America
2062,Dmitry Medvedev,Canada,2003,indie,True,America
2063,Dmitry Petyakin,Japan,2016,indie,False,Asia
2064,Dmitry Ryabchuk,Sweden,2017,indie,False,Europe
2065,Dmitry Starodymov,USA,1996,indie,False,America
2066,Dnc Games,Germany,2007,indie,False,Europe
2067,Dnovel,Russia,2005,aaa,False,Europe
2068,Do Games Limited,Poland,1979,aaa,False,Europe
2069,Doble Punch Games,USA,2019,indie,False,America
2070,Doborog Games,Japan,2011,mid,False,Asia
2071,Dobry Snegovik Studio,Australia,1996,indie,False,Oceania
2072,Doby Digital,UK,2015,indie,False,Europe
2073,Dog On God,France,1998,mid,False,Europe
2074,Dogenzaka Lab,Australia,1980,mid,False,Oceania
2075,Dogless Head Games,Russia,1993,indie,False,Europe
2076,Doky,USA,1977,mid,False,America
2077,Dolores Entertainment,France,1994,indie,False,Europe
2078,Dom,Sweden,2015,indie,False,Europe
2079,Domini,Japan,2015,indie,False,Asia
2080,Domini Games,USA,1977,mid,False,America
2081,Dominic Jackson,Canada,2012,indie,False,America
2082,Don Dao VGS,UK,2009,indie,False,Europe
2083,Don Emídio Navarro Games,Japan,2003,indie,False,Asia
2084,Don't Bite Devs,USA,1996,indie,False,America
2085,DonLyfe Games And Entertainment,Russia,1977,indie,False,Europe
2086,Dong Lei,USA,2016,indie,False,America
2087,Donnie D. Washington II,Japan,2018,indie,False,Asia
2088,Dookos Games,Germany,2022,indie,False,Europe
2089,Doom Dino Games,Sweden,1977,indie,False,Europe
2090,Doomster Entertainment,Japan,1976,indie,False,Asia
2091,Dope Games,Sweden,1977,indie,False,Europe
2092,DotXY100,France,1975,indie,False,Europe
2093,Dotemu,USA,1994,mid,False,America
2094,Double Dice Games,USA,2014,indie,False,America
2095,Double Fine Productions,Germany,1981,indie,False,Europe
2096,Double Machine,Germany,2014,indie,False,Europe
2097,DoubleMoose Games,Russia,2002,indie,False,Europe
2098,DoubleV,Poland,2022,indie,False,Europe
2099,Doublebears,UK,2018,indie,False,Europe
2100,Doubles Core,USA,1988,indie,False,America
2101,Doublsb Soft,Germany,1996,indie,False,Europe
2102,Douglas Gavelin,USA,2001,indie,False,America
2103,Dovetail Games,UK,1985,mid,False,Europe
2104,Dovydas Dalinkevicius,Sweden,1977,indie,False,Europe
2105,Down With The Frog,Russia,2015,indie,False,Europe
2106,Downcast Games LLC,Russia,1976,indie,False,Europe
2107,Downtown Blast,USA,1975,indie,False,America
2108,Dr. Cyril Splutterworth,USA,2016,mid,False,America
2109,Dr. Jamgo,USA,2019,indie,False,America
2110,DrElliot,Russia,2019,indie,False,Europe
2111,Dracoraz,USA,1992,indie,False,America
2112,Drageus Games S.A.,UK,1986,indie,False,Europe
2113,Dragofinder,USA,1986,indie,False,America
2114,Dragon Landing,France,1980,indie,False,Europe
2115,Dragon Slumber,Russia,1997,indie,False,Europe
2116,Dragon's Games,Germany,1987,indie,False,Europe
2117,Dragonflare Studios,Germany,1981,indie,False,Europe
2118,Dragonflower Games,Poland,2009,indie,False,Europe
2119,"Dragonfly GF Co., LTD",Japan,2015,indie,False,Asia
2120,Dragonfly Games,USA,1987,indie,False,America
2121,Dragonrise Games,USA,2005,indie,False,America
2122,Dragonseye CY Limited,USA,1977,indie,False,America
2123,Dragonside Studios,UK,1988,indie,False,Europe
2124,Draih,UK,2004,indie,True,Europe
2125,Drakeling Labs,Russia,2009,indie,False,Europe
2126,Drakhar Studio,Russia,2006,indie,False,Europe
2127,Drakkar Game Studio,USA,1990,indie,False,America
2128,DrankiKets,Germany,1995,indie,False,Europe
2129,Drattzy Games LLC,Russia,1995,indie,False,Europe
2130,Draydur Studio,USA,1989,indie,False,America
2131,Dreadbit,Canada,1987,indie,False,America
2132,Dream Channel,USA,2005,indie,False,America
2133,Dream Engine,USA,2002,indie,False,America
2134,Dream Pocket Studio,Sweden,2004,indie,False,Europe
2135,Dream Up,UK,2004,indie,False,Europe
2136,Dream Vision Games,France,1992,indie,False,Europe
2137,DreamBig Games,USA,2019,indie,False,America
2138,DreamMasters Studio,USA,1982,indie,False,America
2139,DreamSail Games,Japan,1985,indie,False,Asia
2140,DreamWay Games,USA,1993,indie,False,America
2141,Dreambyte Games,Russia,2015,indie,False,Europe
2142,Dreamer's Anvil,Sweden,2011,indie,False,Europe
2143,Dreamers Workshop,Poland,1980,indie,False,Europe
2144,Dreamflake,Germany,1988,indie,False,Europe
2145,Dreamirl,Poland,1992,indie,True,Europe
2146,Dreamland Games,Japan,1990,indie,False,Asia
2147,DreamlessHero,Japan,1989,indie,False,Asia
2148,Dreamlike,Germany,1984,indie,False,Europe
2149,Dreamplant,Sweden,2001,indie,False,Europe
2150,Dreamreason,USA,2005,indie,False,America
2151,Dreamscape Dynamics,Japan,2002,indie,False,Asia
2152,Dreamsite Games,Japan,2019,indie,False,Asia
2153,Dreamz Studio,Japan,1990,indie,False,Asia
2154,Drew Parmelee,Russia,2019,indie,False,Europe
2155,DrierWhisper729,Australia,1983,indie,False,Oceania
2156,Driven Arts,USA,1980,indie,True,America
2157,Droid Productions,France,1985,indie,False,Europe
2158,Droog71,Poland,2022,indie,False,Europe
2159,DropSoftOPA,Australia,2004,indie,False,Oceania
2160,Drop_Dead_Fred,Sweden,2000,indie,False,Europe
2161,Druid Technologies,Sweden,2015,indie,False,Europe
2162,Dtom Games,France,2015,indie,False,Europe
2163,DuaWolf,Sweden,1996,indie,False,Europe
2164,DuanWeibo,USA,1992,indie,False,America
2165,Ducat,France,2011,indie,False,Europe
2166,Duck Made Of Wood,Russia,1980,indie,False,Europe
2167,Duck Reaction,UK,1978,indie,False,Europe
2168,Duckbill ProDucktions,Sweden,1998,indie,False,Europe
2169,Duckvalley Productions,USA,1998,indie,False,America
2170,Dumb ****ing Horse,USA,1998,indie,False,America
2171,Dumbbell Games,Germany,1979,indie,False,Europe
2172,Dumivid,Russia,1983,indie,False,Europe
2173,Dunfan Lu,USA,1982,indie,False,America
2174,Dungeonman Studios,Canada,2012,indie,False,America
2175,Duran and Schurz,Canada,2022,indie,False,America
2176,Dusa Softworks,UK,1992,indie,False,Europe
2177,Dusk Wave Arts LLC,Japan,1978,indie,False,Asia
2178,"Dusklight CO., LTD.",UK,2006,indie,False,Europe
2179,Dustin,Poland,2005,indie,False,Europe
2180,Dustin Gunn,Canada,2009,indie,False,America
2181,Dutch Tilt Studio,Japan,1998,indie,False,Asia
2182,Duxomnia,Australia,1979,indie,False,Oceania
2183,Dwarf Tavern Games,Sweden,1980,indie,False,Europe
2184,Dylan Rodrigues,Sweden,1993,indie,False,Europe
2185,Dylan White,USA,1985,indie,False,America
2186,Dymchick1,Canada,2006,mid,False,America
2187,Dynamic Games,USA,2015,indie,True,America
2188,Dynamight Studios,UK,2018,indie,False,Europe
2189,Dynamo Minibar,USA,1997,indie,False,America
2190,Dystopian Project,Canada,1976,indie,False,America
2191,Dzsembori,USA,1989,indie,False,America
2192,E Bros,Japan,1996,indie,False,Asia
2193,E-Cell,UK,2016,indie,False,Europe
2194,E-Line Media,Japan,2017,indie,False,Asia
2195,E.Muzz,Poland,2003,indie,False,Europe
2196,EA Canada,Germany,1994,mid,False,Europe
2197,EA Los Angeles,USA,2005,indie,False,America
2198,EA Phenomic,USA,1978,indie,False,America
2199,EA Romania,USA,1985,mid,False,America
2200,ECC GAMES S.A.,USA,2009,indie,False,America
2201,ECG Studios,Australia,2020,indie,False,Oceania
2202,EDGE-GAMES,France,1984,indie,False,Europe
2203,EDWON,USA,1995,indie,False,America
2204,EDWORLDLAND,Japan,1998,indie,False,Asia
2205,EF Universe Games LLC,Germany,1977,indie,False,Europe
2206,EGAMER,Australia,1984,mid,False,Oceania
2207,EGC Games,Germany,1985,indie,False,Europe
2208,EIROS HENTAI GAMES,USA,1976,indie,False,America
2209,EJRGames,Japan,1984,indie,False,Asia
2210,ELECTROSTALIN ENTERTAINMENT,Sweden,1984,indie,True,Europe
2211,ELIOT,Canada,2007,indie,False,America
2212,ELN Game Studio,Canada,2005,indie,False,America
2213,ELang Network technology,Australia,2011,indie,False,Oceania
2214,EMIKA_GAMES,Russia,2021,indie,False,Europe
2215,EMSRoy,Japan,2019,indie,False,Asia
2216,EN,Japan,1977,indie,False,Asia
2217,ENFP Dev Studio,Germany,1994,indie,True,Europe
2218,ERDEM BAY,France,1989,indie,False,Europe
2219,ERMedia,USA,1978,mid,False,America
2220,ERO PIXEL,USA,2008,indie,False,America
2221,ERODH C & C,Sweden,1992,indie,False,Europe
2222,ESAT,USA,2003,mid,False,America
2223,ESDigital Games,Australia,2007,indie,False,Oceania
2224,ESP Games,Japan,2013,indie,False,Asia
2225,"ESQUADRA,inc.",Australia,2017,mid,False,Oceania
2226,EVC Games,USA,2002,indie,False,America
2227,EVERIUM,UK,1993,mid,False,Europe
2228,EVT Games,UK,2003,indie,False,Europe
2229,EWolf Games,USA,2021,indie,False,America
2230,EX Compute,Russia,2001,indie,False,Europe
2231,EX-LIZZARD DEVS,USA,2021,indie,False,America
2232,EXFMRENEL Studios,Japan,2001,indie,False,Asia
2233,EXITUS,Germany,1980,indie,False,Europe
2234,EXO Games,UK,2008,indie,False,Europe
2235,EXOR Studios,USA,2012,indie,False,America
2236,EXtage,USA,2001,indie,False,America
2237,EYEFRONT,USA,1986,mid,False,America
2238,Eager Lemur,Canada,1983,indie,False,America
2239,Earlgrey,Poland,1993,indie,False,Europe
2240,Early Morning Studio,USA,1994,indie,False,America
2241,Earthshine,UK,2010,indie,False,Europe
2242,Eastasiasoft Limited,USA,1975,mid,False,America
2243,EasyGames,UK,2015,indie,False,Europe
2244,EasyWays Team,Japan,2016,indie,False,Asia
2245,Eat Create Sleep,USA,1986,mid,False,America
2246,Eathrabaria,Canada,1990,mid,True,America
2247,Ecem Baysal Kapusuz,Russia,2006,indie,False,Europe
2248,EchoTale Games,USA,2022,indie,False,America
2249,Echohead Games,Japan,2002,indie,False,Asia
2250,Eclipse Interactive,France,2005,indie,False,Europe
2251,Ed Farage,Poland,1998,indie,False,Europe
2252,Ed Gar IX Games,Germany,1991,indie,False,Europe
2253,Ed Hobbs,USA,1995,indie,False,America
2254,Eddy CHARLES,Canada,1997,indie,False,America
2255,EddysssGames,USA,2001,mid,False,America
2256,Edetanorum Games,Australia,1978,indie,False,Oceania
2257,Edition,Germany,1979,indie,False,Europe
2258,Edmund McMillen,Russia,1986,indie,False,Europe
2259,Edo Games,Germany,1985,indie,False,Europe
2260,Edu Vasquez,Sweden,2018,indie,False,Europe
2261,Eduardo Bezerra,USA,2019,indie,False,America
2262,Eduardo Veiga,USA,2012,indie,False,America
2263,EduardoGameDev,USA,1983,indie,False,America
2264,Edward Powell,UK,2006,indie,False,Europe
2265,Edwin Montgomery,Sweden,1985,indie,False,Europe
2266,Edwin Sanchez,USA,1989,indie,False,America
2267,Eerie Guest,Russia,2010,indie,False,Europe
2268,Eerie Guest Studios,Poland,2008,indie,False,Europe
2269,EerieAdv,Canada,2019,indie,False,America
2270,Ege Sayın,USA,2004,indie,False,America
2271,Eggs Studio,USA,1983,indie,False,America
2272,Eggtart Inc,Japan,1994,indie,False,Asia
2273,Eggtooth Team,USA,2003,indie,False,America
2274,Ego,Germany,1996,indie,False,Europe
2275,Egor Magurin,UK,2022,indie,False,Europe
2276,Egor Rezenov,USA,2019,indie,False,America
2277,Ehnenu,USA,1983,indie,False,America
2278,Eidos-Montréal,Australia,2002,mid,False,Oceania
2279,EightyEight Games,Russia,1979,indie,True,Europe
2280,EightyEightGames,Japan,2002,indie,True,Asia
2281,EineLitschi,USA,2017,indie,False,America
2282,Eipix Entertainment,USA,1982,aaa,False,America
2283,Eisenstadt Studio,USA,1994,indie,False,America
2284,Eivind Magnus Noersterud Hvidevold,Russia,1982,mid,False,Europe
2285,Eko Software,USA,1987,mid,False,America
2286,Ekuator Games,UK,1980,indie,False,Europe
2287,ElStrawFedora,Russia,1992,indie,False,Europe
2288,ElZzap Software,UK,1985,indie,False,Europe
2289,Elam Isaacs,Russia,2014,mid,False,Europe
2290,Elaphant AR,Germany,1981,indie,False,Europe
2291,Elasto Mania Team,Russia,2008,indie,False,Europe
2292,Elder Tree Games,USA,1993,indie,False,America
2293,Eldritch Heart Studio,Russia,1975,indie,False,Europe
2294,EleFun Games,USA,1988,mid,False,America
2295,Electric Rune,Poland,2005,indie,False,Europe
2296,Electric Succubi,Germany,2003,indie,False,Europe
2297,Electronic Arts,USA,1997,indie,False,America
2298,Electroplasmatic Games,Japan,2007,indie,False,Asia
2299,Electrovore,USA,1995,indie,False,America
2300,Elegant Girl Games,USA,1983,indie,False,America
2301,Elegant Horse Studios,UK,1993,indie,False,Europe
2302,Elephant AR,USA,1995,indie,False,America
2303,Elephant Ar,UK,2004,mid,False,Europe
2304,Elephant Games,UK,2003,aaa,False,Europe
2305,Elevated Ants Studio,UK,2002,indie,False,Europe
2306,Elias Diez Urbizu,USA,2005,indie,False,America
2307,Elias Viglione,UK,1975,indie,False,Europe
2308,Elica Garden,Japan,1981,indie,False,Asia
2309,Elijah Dixson,Germany,2018,indie,False,Europe
2310,Elise Ogle,USA,2000,indie,False,America
2311,Elite90er,Australia,2022,indie,False,Oceania
2312,ElixColix,Australia,1979,indie,False,Oceania
2313,Elizabeth Han,USA,1987,indie,False,America
2314,Eliška Vrzalová,Australia,1982,indie,False,Oceania
2315,Ella Östbergh,Japan,2006,indie,False,Asia
2316,Elliott Bailey-Wills,Canada,2012,indie,False,America
2317,Elliptic Games,Russia,2016,indie,False,Europe
2318,Elmok,UK,2017,indie,False,Europe
2319,Elo,UK,2006,indie,False,Europe
2320,EloThere,USA,2004,indie,False,America
2321,Elon Mustard,USA,2006,indie,False,America
2322,Elsa Liu,Australia,1976,indie,False,Oceania
2323,Else If Games Pty Ltd,USA,1979,indie,False,America
2324,Elseware Experience,USA,1986,indie,False,America
2325,Eltar,Canada,1984,indie,False,America
2326,ElvGames,France,1979,indie,False,Europe
2327,ElzaiGames,Japan,2006,indie,False,Asia
2328,EmInSpace,USA,2017,indie,False,America
2329,Emanuel Tomozei,Japan,2009,indie,False,Asia
2330,Ember Eye Studio,Poland,2009,indie,True,Europe
2331,EmberSparkz,Russia,2002,indie,False,Europe
2332,Emberheart Games,USA,2003,indie,False,America
2333,Emberstorm Entertainment,UK,2004,indie,True,Europe
2334,Emedion Games,USA,2017,indie,False,America
2335,Emilio Alban,UK,2020,indie,False,Europe
2336,Emily Pitcher,Japan,1994,indie,False,Asia
2337,Emir Akyazi,Japan,1982,indie,False,Asia
2338,Emissive Games,Japan,2010,indie,False,Asia
2339,Emperium Team,Germany,2005,indie,False,Europe
2340,Empire Interactive,USA,1978,indie,False,America
2341,Emrah TORTUK,Japan,1999,mid,False,Asia
2342,Enaayah Software Development and Services Private Limited,UK,1993,mid,False,Europe
2343,Enav AS (Norway),USA,1977,indie,False,America
2344,Enchanted Works,UK,2022,indie,False,Europe
2345,EncoderX,Russia,2015,indie,False,Europe
2346,Endless Life,USA,1997,indie,False,America
2347,Endless Loop Studios,UK,1978,indie,False,Europe
2348,EndlessFun Games,USA,2016,indie,False,America
2349,Enes DEMİR,USA,2019,indie,False,America
2350,Enes Kaplan,UK,1996,indie,False,Europe
2351,Engine Software BV,Germany,1977,mid,False,Europe
2352,Enigma Entertainment,Poland,2011,indie,False,Europe
2353,Enigma SP,Japan,1976,indie,False,Asia
2354,Enigmatic Network,Germany,1995,indie,False,Europe
2355,EnjoyPlay Corp.,UK,2011,indie,False,Europe
2356,Enki,Japan,2019,indie,False,Asia
2357,Enlight Software Limited,UK,2007,indie,False,Europe
2358,Enntropy,France,1985,indie,False,Europe
2359,Enodo Games,UK,2002,indie,False,Europe
2360,Enomicsoft LLC,France,1979,indie,False,Europe
2361,Enoops,Germany,1993,mid,False,Europe
2362,Enoznal LLC,USA,2011,indie,False,America
2363,EnsenaSoft,USA,2022,mid,False,America
2364,Entalto Studios,Canada,2012,indie,False,America
2365,Entertainment Forge,UK,1979,indie,False,Europe
2366,Entheogen Studios LLC,Germany,2002,indie,False,Europe
2367,Entries games,Russia,2016,mid,False,Europe
2368,Entropy Digital Entertainment,Japan,1994,mid,False,Asia
2369,EntwicklerX,Germany,1987,indie,False,Europe
2370,Enver Studio,USA,2007,indie,False,America
2371,Eny Project s.r.o.,Russia,1986,indie,False,Europe
2372,Enygmage,France,2008,indie,False,Europe
2373,Eonia Studio,Germany,1988,indie,False,Europe
2374,Ephemeral Entertainment,Poland,2004,indie,False,Europe
2375,Ephemeral Glades Software,France,2014,indie,False,Europe
2376,EpiXR Games UG,Sweden,2011,aaa,False,Europe
2377,Epic Banana Games LLC,USA,1987,indie,False,America
2378,Epic Devs LLC,USA,1984,indie,False,America
2379,Epic Fire,Russia,2002,indie,False,Europe
2380,Epic Tech Labs LLC,Poland,1979,indie,False,Europe
2381,Epidra2077,Poland,1992,indie,False,Europe
2382,Epiphany Games,France,1991,indie,False,Europe
2383,Equilon,USA,1990,indie,False,America
2384,Eremite Games,USA,1990,indie,False,America
2385,Ergosphere Game Studio,UK,2006,indie,False,Europe
2386,Eric Bruno,Japan,2016,indie,False,Asia
2387,Eric Davidson,USA,1992,indie,False,America
2388,Eric Ferguson,USA,1992,indie,False,America
2389,Eric Hodges,USA,1977,indie,False,America
2390,Eric Juvi,Japan,1976,indie,False,Asia
2391,Eric L.,Sweden,1995,indie,False,Europe
2392,Eric Ruts,Poland,2001,indie,False,Europe
2393,Erico Patricio Monteiro,Canada,1980,indie,False,America
2394,Eridani Games,Poland,1983,indie,False,Europe
2395,Eridanus Studio,Germany,2007,indie,False,Europe
2396,Erik Jacobson,Germany,2012,indie,False,Europe
2397,Erik McCoy - F4ngb0n3,Sweden,1991,indie,False,Europe
2398,Erik Meyer,USA,2013,indie,False,America
2399,Erik Salin,Russia,1996,indie,False,Europe
2400,Erik Sheader-Smith,Canada,2022,indie,False,America
2401,Ernestas Norvaišas,Sweden,1988,indie,False,Europe
2402,Ernő Király,USA,1992,indie,False,America
2403,Eroducate,USA,2012,indie,False,America
2404,Erommersion Studios,Germany,2019,indie,False,Europe
2405,Eros Vis,UK,2002,indie,False,Europe
2406,Erost Game79 Studio,USA,1992,indie,False,America
2407,EroticGamesClub,Sweden,1998,aaa,False,Europe
2408,Erouest Production,UK,1994,indie,True,Europe
2409,ErroneousCompany,Australia,2013,indie,True,Oceania
2410,Error 300,Canada,1978,aaa,False,America
2411,Error byDefault,Russia,1990,indie,False,Europe
2412,"Escape Hatch Entertainment, LLC",UK,2015,indie,False,Europe
2413,EscapeGame,UK,2018,indie,False,Europe
2414,Esemte Games,Poland,2003,indie,False,Europe
2415,Esenthel,Sweden,2000,indie,False,Europe
2416,Essa Mobi,Sweden,1994,indie,False,Europe
2417,Esteban Jauregui,Poland,1990,indie,False,Europe
2418,Estoty,Poland,1985,indie,False,Europe
2419,Eternal Lighthouse,France,2016,indie,False,Europe
2420,"Eternal Love Studios, LLC.",USA,1980,indie,False,America
2421,Eternity Dev,Australia,2005,mid,False,Oceania
2422,Eternity Studios,Sweden,1996,indie,False,Europe
2423,Etheral Games,Sweden,1981,indie,False,Europe
2424,Ethereal Industries,Canada,2007,indie,False,America
2425,Ethereal's Flow Entertainment,Japan,2021,indie,False,Asia
2426,Etherlight,Canada,2004,indie,False,America
2427,Ethernal Studio,Russia,2016,indie,False,Europe
2428,Eucalypt,France,2016,indie,False,Europe
2429,EugeneLee,UK,2015,indie,False,Europe
2430,Euphoric Brothers,Germany,1982,mid,False,Europe
2431,Eureka Learning Network Pty Ltd,Japan,2016,indie,False,Asia
2432,Eurocom,Poland,2018,indie,False,Europe
2433,Eurocom Entertainment Software,Sweden,2003,indie,False,Europe
2434,Evan Downing,Canada,1991,indie,False,America
2435,Evan Szymanski,Germany,1995,indie,False,Europe
2436,EveRecord,USA,2001,indie,False,America
2437,Evenmore Games,UK,1999,indie,False,Europe
2438,Eventgames,Sweden,1989,indie,True,Europe
2439,EverCats,USA,2010,indie,False,America
2440,Everflame Studio,France,1980,indie,False,Europe
2441,Evergreen,USA,2019,indie,False,America
2442,Everguild Ltd.,USA,2014,indie,False,America
2443,Everidea Interactive,USA,1980,indie,False,America
2444,Eversim,USA,2011,indie,False,America
2445,Every Single Soldier,Canada,2002,indie,False,America
2446,Evgeny Merzlyakov,Sweden,2018,indie,False,Europe
2447,Evgeny Yanovskiy,USA,1988,indie,False,America
2448,Evil Art Bunny Studios,Poland,1992,indie,False,Europe
2449,Evil Boobs Cult,Japan,1983,indie,False,Asia
2450,Evil Bunneh,USA,1988,indie,False,America
2451,Evil Chicken,USA,2018,indie,False,America
2452,Evil Goose Games,USA,1984,indie,True,America
2453,Evil Tortilla Games,Australia,1990,indie,False,Oceania
2454,Evil Turtle Productions,Sweden,1998,indie,False,Europe
2455,EvilDraggie,France,1980,indie,True,Europe
2456,Evilwind Studio,USA,1995,indie,False,America
2457,EvoBooks,UK,1988,indie,False,Europe
2458,Evolite Studio,Canada,2022,indie,False,America
2459,Evoluta Studio,USA,2010,mid,False,America
2460,Evolve Entertainment,UK,1990,indie,False,Europe
2461,Evvacon,UK,2013,mid,False,Europe
2462,Ex Conspectu,Australia,2013,indie,False,Oceania
2463,Exane Games,Russia,1975,indie,False,Europe
2464,Excentiner Studio,France,1994,indie,False,Europe
2465,Exciting Games,Canada,1983,indie,False,America
2466,Exe Create Inc.,Germany,2012,mid,False,Europe
2467,Exe Games Inc.,USA,2006,indie,False,America
2468,Exhibition Studios,Sweden,1983,indie,False,Europe
2469,Exit 1 Studios,Canada,2002,indie,False,America
2470,Exkee,USA,1977,indie,False,America
2471,Exokit Inc,Japan,1992,indie,False,Asia
2472,Expansionpack Butterfly,Sweden,1993,indie,False,Europe
2473,Experimental Studio,USA,1991,indie,False,America
2474,Exploding Apples,Japan,1985,indie,False,Asia
2475,Explorasaurus Studios,Australia,1984,indie,False,Oceania
2476,Exponential Games Inc.,Sweden,2015,indie,False,Europe
2477,Expresso Studios,USA,1984,indie,False,America
2478,Exsom,USA,2005,mid,False,America
2479,Extend Entertainment,Canada,2002,indie,False,America
2480,External Revenue llc,Sweden,2006,indie,True,Europe
2481,ExtremeAverage,UK,2020,indie,False,Europe
2482,Extrokold Games,Japan,1982,indie,False,Asia
2483,Eyad Alshafei,Poland,1982,indie,False,Europe
2484,Eyal Hazor,USA,1993,indie,False,America
2485,Eyeguys,USA,2007,indie,False,America
2486,Ezen Studio,Germany,2017,indie,False,Europe
2487,Ezone PTY LTD,Germany,1975,indie,False,Europe
2488,F chord 繁弦,Germany,2001,indie,False,Europe
2489,F-Games,USA,2006,mid,False,America
2490,F8tality games,Sweden,1976,indie,False,Europe
2491,FAHAD,Australia,1982,indie,False,Oceania
2492,FAS3 Estudios S.L,Germany,1981,indie,False,Europe
2493,"FAT BOMB STUDIOS, LLC",USA,1980,indie,False,America
2494,FAYEZ ALRASHEEDI,Canada,2005,indie,False,America
2495,FELISTELLA,Australia,2013,indie,False,Oceania
2496,FEYXUAN,UK,1977,indie,False,Europe
2497,FGMS,Australia,1995,indie,False,Oceania
2498,FIFTYFIVE GAMING STUDIO PRIVATE LIMITED,Australia,2011,indie,False,Oceania
2499,FIVE-BN GAMES,Poland,2016,mid,False,Europe
2500,FLEX$ Studios,Russia,2022,indie,False,Europe
2501,FLO-server,Australia,1999,indie,False,Oceania
2502,FOCKA GAMES,USA,1990,indie,False,America
2503,FOG,Poland,1980,indie,True,Europe
2504,FT Girl Studio,USA,1999,indie,False,America
2505,FUN Creators,USA,2016,indie,False,America
2506,FUN INCLUDED,USA,2002,indie,False,America
2507,FUNAKI GAMES,Sweden,2018,indie,False,Europe
2508,FURYU Corporation,UK,1981,indie,False,Europe
2509,FVS Games,Japan,2006,indie,False,Asia
2510,FZ-Tech,UK,1992,indie,False,Europe
2511,Fabagame,Japan,2002,indie,False,Asia
2512,Fabian Moreno,France,2002,indie,False,Europe
2513,Fabien NAIMON,USA,2007,indie,False,America
2514,Fabien Quibreteau,Japan,1989,indie,False,Asia
2515,Fabio Biancarelli,Canada,2006,indie,False,America
2516,Fabio Ferrara,France,1980,mid,False,Europe
2517,Fabula,Japan,2005,mid,False,Asia
2518,Factory 64 Games,Australia,2018,indie,False,Oceania
2519,Facundo Balboa,Poland,2008,mid,False,Europe
2520,Fade Away,Germany,2010,indie,False,Europe
2521,Fading Club,USA,1981,indie,False,America
2522,Fair Play Labs,UK,2004,indie,False,Europe
2523,"Fair Weather Studios, LLC",Germany,1991,indie,False,Europe
2524,FairPlay Studios Co. Ltd,Germany,2007,indie,True,Europe
2525,Fairy Studio,Russia,2004,indie,False,Europe
2526,Falco Software,USA,2000,mid,True,America
2527,Fallen Few Studios,UK,2020,indie,False,Europe
2528,Fallen Penguin Studios,Germany,2004,indie,False,Europe
2529,FallenLeaves,Japan,1991,indie,False,Asia
2530,Falling Saints,Sweden,1986,indie,False,Europe
2531,Falling Star Studio,USA,2013,indie,False,America
2532,Falmi,Canada,2002,indie,False,America
2533,Famished Polar Bear,USA,1982,indie,True,America
2534,Fan-na,France,2004,indie,False,Europe
2535,Fanatic LLC,Poland,2022,indie,False,Europe
2536,"Fancy Bytes, Reactor",Japan,2014,mid,False,Asia
2537,Fancy Donkey LLC,France,2019,indie,False,Europe
2538,Fancy Fish Games,Canada,2000,indie,False,America
2539,Fancyday,USA,1983,indie,True,America
2540,Fantasia Studio,USA,1976,indie,False,America
2541,Fantasy Flight Games,USA,1976,mid,False,America
2542,Fantasy Games Studio,France,2016,indie,False,Europe
2543,Far Mills,Poland,2009,mid,False,Europe
2544,FarSight Studios,UK,2004,indie,False,Europe
2545,Farbspiel Interactive,Japan,1982,indie,False,Asia
2546,Farelas,USA,2019,indie,False,America
2547,Faris Mohammed,Japan,1976,indie,False,Asia
2548,Faritengames,Germany,1987,indie,False,Europe
2549,Farlight Games,Poland,2000,indie,False,Europe
2550,Farmind Studio,USA,2015,indie,False,America
2551,Farmsville Prod.,Japan,2001,indie,False,Asia
2552,FassiGames,Canada,2013,indie,False,America
2553,Fast Travel Games,Australia,1977,indie,False,Oceania
2554,Fast X Play,Japan,2012,indie,False,Asia
2555,FastGame,Sweden,2006,mid,False,Europe
2556,FastRam Design,USA,1976,indie,False,America
2557,Faster Time Games Limited,UK,1979,indie,False,Europe
2558,FatCoke,France,2005,indie,False,Europe
2559,Fatih Karaatli,France,2016,indie,False,Europe
2560,Fatih Mert,Canada,1976,indie,False,America
2561,Fatih Turan,Canada,2005,indie,False,America
2562,Fatshark,USA,1989,mid,False,America
2563,Fazz Brothers,Canada,2013,indie,False,America
2564,Fearless Games,Canada,2004,indie,False,America
2565,Featherweight Games,USA,2020,indie,False,America
2566,Federico Schliemann,UK,2018,indie,False,Europe
2567,Fedor Votrin,UK,2005,indie,False,Europe
2568,FeedBack,Poland,2014,indie,False,Europe
2569,Feesh Studio,Canada,1980,indie,False,America
2570,Feiyun Wang,USA,1987,indie,False,America
2571,Felio Stung ROG,Japan,2001,indie,False,Asia
2572,Felix Filip,Japan,1990,indie,False,Asia
2573,Fellstrike Games,USA,1976,indie,False,America
2574,Femdom studio,USA,2018,indie,False,America
2575,Fennec Game Studio,Poland,2007,indie,True,Europe
2576,Feodosiy,USA,2002,mid,False,America
2577,Feperd Games,USA,2010,indie,False,America
2578,Feral Code Monkey,USA,1996,mid,False,America
2579,Feral Interactive (Linux),Russia,2010,mid,False,Europe
2580,Feral Interactive (Mac),USA,2019,aaa,False,America
2581,Feral interactive (Linux),France,1981,mid,False,Europe
2582,Fergus W,Sweden,2003,indie,False,Europe
2583,Fernando Paulo,Australia,1982,indie,False,Oceania
2584,Fernando Tittz,Russia,2014,indie,False,Europe
2585,Fernando Urquijo,Australia,2010,indie,True,Oceania
2586,FetterSky Studio,USA,2015,indie,False,America
2587,Fever Night,USA,1998,indie,False,America
2588,Fever Pitch Studios,USA,2003,indie,False,America
2589,Fewjix,Japan,1981,mid,False,Asia
2590,Feyra Online,UK,1983,indie,False,Europe
2591,Fictiorama Studios,USA,2001,indie,False,America
2592,Fiendish Fiction,USA,2005,indie,False,America
2593,Fiery Bytes,Japan,1980,indie,False,Asia
2594,Fighting Chance Games,Canada,2001,indie,False,America
2595,Fika Game Studio,France,1984,indie,False,Europe
2596,Fili,Germany,1989,indie,False,Europe
2597,Filip Clavin,Japan,2001,indie,False,Asia
2598,Filip Eriksson,Australia,2008,indie,False,Oceania
2599,Filipe Acosta,UK,1976,indie,False,Europe
2600,Filippo Grosso,Russia,2020,indie,False,Europe
2601,Filmic Studios,Australia,1980,indie,False,Oceania
2602,Final Form Games,UK,1985,indie,False,Europe
2603,Final Screw,UK,1977,indie,False,Europe
2604,Finfiworks,France,2011,indie,False,Europe
2605,Finn Pickart,France,2020,indie,False,Europe
2606,Finnish Museum Association,Sweden,1993,indie,False,Europe
2607,Firaxis Games,Sweden,2019,mid,False,Europe
2608,Fire Leaf Studio,UK,2022,indie,False,Europe
2609,FireArmGames,UK,1992,indie,False,Europe
2610,FireFly Studios,France,1984,mid,False,Europe
2611,FireRing Studio,Japan,1988,indie,False,Asia
2612,FireUnraveller,France,2014,indie,False,Europe
2613,Fireart Games,Canada,2016,indie,False,America
2614,FiredBy s.r.o.,USA,1994,indie,False,America
2615,Firelight Studios,Germany,1999,indie,False,Europe
2616,Firemill Games,Russia,1983,indie,False,Europe
2617,Fireproof Games,Germany,1988,indie,False,Europe
2618,Fireroot Studios,Germany,2008,indie,False,Europe
2619,First Games Interactive,France,1976,indie,True,Europe
2620,FirstForever Studios,Russia,2012,indie,False,Europe
2621,Firstborn Games,Poland,1994,indie,False,Europe
2622,Fish Journey XR,Australia,1982,mid,False,Oceania
2623,Fish Pond Studio,Poland,1991,indie,False,Europe
2624,Fishcow Studio,UK,1978,indie,False,Europe
2625,Fishlabs Entertainment GmbH,Australia,2003,indie,False,Oceania
2626,Fist Production,Canada,2004,indie,False,America
2627,Five BN,USA,2022,indie,False,America
2628,Five Mind Creations,Germany,2015,indie,False,Europe
2629,Five star apps,Poland,1989,indie,False,Europe
2630,FivexGames,USA,2020,indie,False,America
2631,Fizz,USA,1999,indie,False,America
2632,Flag Hippo Games,USA,1995,indie,False,America
2633,Flag shadow,USA,1998,indie,False,America
2634,FlagmanJeremy,USA,2002,mid,False,America
2635,Flamebait Games,USA,1978,indie,False,America
2636,Flaming Firefly,USA,1988,indie,False,America
2637,Flan Falacci,UK,2008,indie,False,Europe
2638,FlaotSoft Ltd.,Germany,2000,indie,False,Europe
2639,FlapBox Studios,Germany,2015,indie,False,Europe
2640,Flash Phase Studios,Japan,2006,indie,False,Asia
2641,Flashback Games,UK,1985,indie,False,Europe
2642,Flashbulb,USA,2020,indie,False,America
2643,Flashfire Studios,Australia,2007,indie,False,Oceania
2644,Flashrush Games,USA,1988,indie,False,America
2645,Flat Black FIlms,USA,1985,indie,False,America
2646,Flavourworks,UK,1982,indie,False,Europe
2647,Flazm,UK,1982,indie,False,Europe
2648,Fleon games,USA,2008,indie,False,America
2649,Flexible Media,UK,1998,indie,False,Europe
2650,Flgaming,Japan,1984,indie,False,Asia
2651,Flight School Studio,Germany,1978,mid,False,Europe
2652,Flimmersoft,UK,1993,indie,False,Europe
2653,Flint Games,Poland,2006,indie,True,Europe
2654,Flipline Studios,Germany,1979,indie,False,Europe
2655,Flipt,UK,2011,indie,False,Europe
2656,FlirtFit Studios,Japan,1996,indie,False,Asia
2657,Floating Bunny,Japan,2021,indie,False,Asia
2658,Floating Island Games,USA,1983,indie,False,America
2659,Flox Studios,Japan,2003,mid,False,Asia
2660,Fly Studio,USA,2021,indie,False,America
2661,FlyStar,Russia,2017,indie,False,Europe
2662,Flyin Kebab Studio,UK,2000,indie,False,Europe
2663,Flying Oak Games,USA,2017,indie,False,America
2664,Flying Panjandrum / ふらいんぐパンジャンドラム,Canada,2016,mid,False,America
2665,FoV,USA,1976,indie,False,America
2666,Follow the fun,Russia,2020,mid,False,Europe
2667,Fon Danyrotsky,France,2016,indie,False,Europe
2668,Foolish Mortals Games,USA,2014,mid,False,America
2669,For Fun Games,Russia,2011,indie,False,Europe
2670,For7s,Russia,2007,indie,False,Europe
2671,ForRest,USA,2009,indie,False,America
2672,Forace,USA,1988,indie,False,America
2673,Forbes  Consult Ltd,Canada,2012,indie,False,America
2674,Forceight,Russia,2013,indie,False,Europe
2675,ForeShine,Germany,2006,indie,False,Europe
2676,Forever Entertainment S. A.,USA,2002,mid,False,America
2677,ForeverNo.2 Game Studio,USA,2008,indie,False,America
2678,Forge 215,USA,1982,indie,False,America
2679,"Forge Father Games, Inc.",Germany,1993,indie,False,Europe
2680,Forgotten Games,USA,1980,indie,False,America
2681,Forgotten Realms,Australia,2018,indie,False,Oceania
2682,Format lib: /s,France,1995,indie,False,Europe
2683,Forust,Canada,1994,indie,False,America
2684,ForwardVector,UK,2001,indie,False,Europe
2685,FossettGaming,USA,1982,indie,False,America
2686,Fossil Circuit,USA,2013,indie,False,America
2687,FoumartGames,Japan,2007,indie,False,Asia
2688,Fountain Game Studio,USA,1978,mid,False,America
2689,Four Circle Interactive,Germany,1979,mid,False,Europe
2690,Four Quarters,UK,1989,indie,False,Europe
2691,Fourteen,USA,2010,indie,False,America
2692,Fourth State,Canada,1990,indie,False,America
2693,Fowl Machinations,France,1983,indie,False,Europe
2694,Fraccas,UK,1980,indie,False,Europe
2695,Fractal Box,Japan,1984,indie,False,Asia
2696,Fractal Projects,Australia,1990,indie,False,Oceania
2697,Fractalis,Japan,2010,indie,False,Asia
2698,Fractious,USA,2004,indie,False,America
2699,FragmentVR,France,2016,indie,False,Europe
2700,Frameless Games,USA,2005,indie,False,America
2701,Framing Inc.,USA,2018,indie,False,America
2702,Francesca Balestri,UK,2015,indie,False,Europe
2703,Francis Malka,Poland,1993,indie,True,Europe
2704,Franck Games,Canada,2011,indie,False,America
2705,Frank Bondietti III,USA,2019,indie,False,America
2706,Frankenstein Studio,USA,2010,indie,False,America
2707,François Brechet,Sweden,1988,indie,False,Europe
2708,François Sahy,Australia,1995,indie,False,Oceania
2709,Fratboy Entertainment,Australia,2015,indie,False,Oceania
2710,FreakZone Games,Russia,2003,mid,False,Europe
2711,Freakinware Games,France,1995,indie,False,Europe
2712,Frederic Lai,Japan,2013,indie,False,Asia
2713,Free,Sweden,1983,indie,False,Europe
2714,Free Candy Games,USA,2005,indie,True,America
2715,Free Range Games,USA,1986,indie,False,America
2716,Free Reign Entertainment,Sweden,2020,mid,False,Europe
2717,FreeAnimals_Software,UK,1980,mid,False,Europe
2718,FreeInfantry Group,France,1979,indie,False,Europe
2719,FreeMind S.A.,Sweden,2017,mid,False,Europe
2720,Freebird Games,USA,1999,indie,False,America
2721,Freedom Software,UK,1986,indie,False,Europe
2722,FreezeNova,Poland,1975,indie,False,Europe
2723,Frheaky,UK,1987,indie,False,Europe
2724,Frictional Games,USA,1976,indie,False,America
2725,Friday Night Software,Canada,2020,indie,False,America
2726,Friedemann,USA,2014,indie,False,America
2727,Friend Factory,Russia,1989,indie,False,Europe
2728,Friendly Fox,Japan,1998,mid,True,Asia
2729,Frima Studio,Japan,2020,indie,False,Asia
2730,Frix,USA,1987,indie,False,America
2731,Frog Vibes,France,1982,indie,False,Europe
2732,FrogKing Games,Germany,2006,indie,False,Europe
2733,Frogdice,USA,2022,indie,False,America
2734,From Nothing Game Studios,Canada,2011,indie,False,America
2735,FromDawn Games,Germany,2022,indie,False,Europe
2736,FromLefcourt,USA,2011,mid,False,America
2737,"FromSoftware, Inc.",Sweden,2021,indie,False,Europe
2738,Frompy Games,USA,2018,indie,True,America
2739,FrontRunnerTek,Australia,2018,indie,False,Oceania
2740,Frontier Developments,USA,2010,mid,False,America
2741,Frontwing,USA,2002,mid,False,America
2742,"Frontwire Studios, LLC",Australia,1978,indie,False,Oceania
2743,Frost Studios,UK,2001,indie,False,Europe
2744,Frost Warrior Studios,Canada,2004,indie,False,America
2745,Frosted Wings Studio,Japan,1977,mid,False,Asia
2746,Frozen Way,USA,1992,indie,False,America
2747,FrozenLettuce,Germany,1995,indie,True,Europe
2748,FrozenMelter,USA,1980,indie,False,America
2749,Frozenbyte,Russia,2022,mid,False,Europe
2750,Frymore,Canada,1979,mid,False,America
2751,Fudjin,USA,1996,indie,False,America
2752,"Fugazo, Inc.",France,1981,indie,True,Europe
2753,Fulkult,Japan,1976,indie,False,Asia
2754,Full Screen Sorcery,France,1996,indie,False,Europe
2755,Fullbright,USA,2005,indie,False,America
2756,Fully Bugged,UK,1978,indie,False,Europe
2757,Fulqrum Publishing,Japan,1990,mid,False,Asia
2758,Fummy,Russia,2014,indie,False,Europe
2759,Fun Asylum Studio,USA,2003,indie,False,America
2760,Fun Workshop,USA,1978,indie,False,America
2761,FunGi,UK,2019,indie,False,Europe
2762,FunLab骆驼,USA,2003,indie,False,America
2763,FunLine,France,2002,indie,False,Europe
2764,Funcraft Games,Canada,2010,indie,False,America
2765,Function Unknown,Poland,2000,indie,False,Europe
2766,Funday Games,Russia,1989,indie,False,Europe
2767,Funkmasonry Industries,Russia,2014,indie,True,Europe
2768,Funky Can Creative,UK,2002,indie,False,Europe
2769,Funneractic,France,1996,indie,False,Europe
2770,Funny Games,Canada,1976,indie,False,America
2771,Funny Twins,UK,1987,indie,False,Europe
2772,Funnylocks,USA,2020,indie,False,America
2773,Funselektor Labs Inc.,Russia,1987,indie,False,Europe
2774,Furegus,USA,2007,indie,False,America
2775,Furious Bee Limited,Japan,2021,indie,False,Asia
2776,Furious Dogs,USA,1983,indie,False,America
2777,Furkan Özkaya,USA,1994,indie,False,America
2778,Furry Top Games,Japan,2016,indie,False,Asia
2779,Fursin,UK,2009,indie,False,Europe
2780,Fury Games Production,USA,1994,indie,False,America
2781,Fury Software,USA,1975,indie,False,America
2782,FussyCraft,France,1984,indie,False,Europe
2783,FuturLab,Japan,2010,indie,False,Asia
2784,Future Gate Maker,Japan,1987,indie,False,Asia
2785,"Future Tech Lab Co.,Ltd.",France,1987,indie,False,Europe
2786,FutureGameStudio,UK,2017,indie,False,Europe
2787,Futuregen Games,Canada,2004,indie,False,America
2788,Futurtech,UK,2012,indie,False,Europe
2789,Fuzzy Bear Studios,UK,1994,indie,False,Europe
2790,Fuzzy Code Studio LLC,USA,2004,indie,False,America
2791,Fürst,Sweden,2006,mid,False,Europe
2792,G Boson Interactive,USA,1989,indie,False,America
2793,G CHOICE,Japan,1988,indie,False,Asia
2794,G Reason,Canada,1996,indie,False,America
2795,G-MODE,UK,2000,aaa,False,Europe
2796,G-mode,Australia,1998,indie,True,Oceania
2797,G. A. Williams,UK,2010,indie,False,Europe
2798,G1 Playground,USA,1987,indie,False,America
2799,G2PLHAS,Sweden,1998,indie,True,Europe
2800,GABARTS Digital,USA,1987,indie,False,America
2801,GALEX SOFT,USA,1991,indie,False,America
2802,GAMABILIS,UK,2010,indie,False,Europe
2803,"GAME ARTS Co., Ltd.",USA,1986,indie,False,America
2804,GAME FREAK inc.,Sweden,1976,indie,False,Europe
2805,GAMELAXY,USA,2016,indie,False,America
2806,GAMES FOR HUMANS,USA,1988,indie,False,America
2807,GAMINATE,USA,1998,indie,False,America
2808,GATO STUDIO,Australia,2014,indie,False,Oceania
2809,GBL,Sweden,1979,indie,False,Europe
2810,GBROSSOFT,Sweden,1983,indie,False,Europe
2811,GCHohrow,USA,1999,indie,False,America
2812,GCN,UK,2002,indie,False,Europe
2813,GDG Entertainment,USA,1977,indie,False,America
2814,GDNomaD,Germany,2009,mid,False,Europe
2815,GEOMS Entertainment,USA,1990,indie,False,America
2816,GFI,Russia,1983,indie,False,Europe
2817,GFZ Games,Australia,2006,indie,False,Oceania
2818,GGTech Studios,USA,2005,indie,False,America
2819,GGaming,France,1985,indie,False,Europe
2820,GHSSJ,Russia,2016,indie,False,Europe
2821,GHXYK2,UK,2008,indie,False,Europe
2822,GIANTS Software,UK,1998,indie,False,Europe
2823,GIANTY Inc.,Japan,2006,indie,False,Asia
2824,GJ Arts,Germany,2015,indie,False,Europe
2825,GKT Studios Entertainment,Germany,1977,indie,False,Europe
2826,GLADY'S Comcis,Sweden,2003,indie,False,Europe
2827,GLHF Studio,UK,1994,indie,False,Europe
2828,GLOBAL DODO ENTERTAINMENT,UK,1985,indie,False,Europe
2829,GM hack,UK,2010,indie,False,Europe
2830,GMGame,Russia,1993,mid,False,Europe
2831,GMatrix,UK,2012,indie,True,Europe
2832,GN Development,Japan,1996,indie,False,Asia
2833,GNT BOKUJO,Japan,2001,indie,False,Asia
2834,GOCORE,Japan,1992,indie,False,Asia
2835,GOLDEN AGE,USA,1989,indie,False,America
2836,GOTY LLC,USA,1980,indie,False,America
2837,GPC,Japan,2009,indie,False,Asia
2838,GR0GZ_GAMES,Russia,1989,indie,False,Europe
2839,GRAFAITH,USA,1977,indie,False,America
2840,GRENARC LLC,UK,2018,indie,False,Europe
2841,GRIN,UK,2018,indie,False,Europe
2842,GRIP Digital s.r.o.,USA,2013,indie,False,America
2843,GROm Games,Australia,2020,indie,False,Oceania
2844,GRUMPY,Sweden,1975,indie,False,Europe
2845,GRVVV,USA,1997,indie,False,America
2846,GSG,UK,2000,indie,False,Europe
2847,GTGD,Russia,1975,indie,False,Europe
2848,GUANGLUN,Japan,1984,indie,False,Asia
2849,GVR Training Computer Software,USA,2021,indie,False,America
2850,GXF-rp,Japan,2008,indie,False,Asia
2851,GXPlay,Germany,2004,indie,False,Europe
2852,GXY,Japan,1980,indie,False,Asia
2853,GZ Storm,USA,2019,mid,False,America
2854,GZJ,Japan,2010,indie,True,Asia
2855,Gabe Colon,USA,1983,indie,False,America
2856,Gabe Cuzzillo,Canada,2006,indie,False,America
2857,Gabe Li,Poland,1996,indie,False,Europe
2858,Gabriel Massan,Japan,2000,indie,False,Asia
2859,Gabry Corti,Canada,1994,indie,False,America
2860,Gaco Games,USA,1977,indie,False,America
2861,Gagonfe,USA,1996,indie,False,America
2862,Gaijin Games,Russia,2013,indie,False,Europe
2863,Galactic Annihilation,UK,1999,indie,False,Europe
2864,Galactic Geckon,UK,2009,aaa,False,Europe
2865,Galart,Japan,1996,indie,False,Asia
2866,Galavalomka Games,Japan,1994,indie,False,Asia
2867,Galaxy Gate,USA,2010,indie,False,America
2868,Galaxy Wars,Poland,2013,indie,False,Europe
2869,GalaxyVerse,USA,1979,indie,False,America
2870,Galen Drew,UK,1988,indie,False,Europe
2871,Galvanic Games,France,1979,indie,False,Europe
2872,Gamalocus Studios,UK,1975,indie,False,Europe
2873,Gambir Studio,Poland,2001,indie,False,Europe
2874,"Game Artists, LLC",Australia,1983,indie,False,Oceania
2875,Game Brewery,Japan,1979,indie,False,Asia
2876,Game City Studios,Sweden,1988,indie,False,Europe
2877,Game Dev Garage,USA,2002,indie,False,America
2878,Game Glade,France,1985,indie,False,Europe
2879,Game Grotto Softworks,Sweden,2012,indie,False,Europe
2880,Game Hollywood Games,Canada,2004,mid,False,America
2881,Game Lab Graz,USA,1984,indie,False,America
2882,Game Maker's Toolkit,Poland,2013,indie,False,Europe
2883,Game Mechanics LLC,Germany,2011,indie,False,Europe
2884,Game Sage Productions,Japan,2011,indie,True,Asia
2885,Game Stables,USA,2016,indie,False,America
2886,Game Star,Japan,2019,mid,False,Asia
2887,Game Studio Abraham Stolk Inc.,Russia,2000,indie,False,Europe
2888,Game Sunlight,Russia,1986,mid,False,Europe
2889,Game for Good,USA,2014,indie,False,America
2890,GameByFlamey,Japan,2017,indie,False,Asia
2891,GameCoder Studios,Germany,2000,indie,False,Europe
2892,GameFormatic S.A.,USA,1985,indie,False,America
2893,GameHoney,France,1993,indie,False,Europe
2894,GameHouse,USA,2021,mid,False,America
2895,GameLoad,USA,2006,indie,False,America
2896,GameLoom Studio,Russia,1982,indie,False,Europe
2897,GameMunchers,USA,1981,indie,False,America
2898,GameOn Production,Russia,2001,mid,False,Europe
2899,GamePlaysMix,USA,2007,indie,True,America
2900,GameSmith,USA,2015,indie,False,America
2901,GameTrek,Russia,1999,indie,False,Europe
2902,GameUS Inc.,UK,1987,indie,False,Europe
2903,GameVerse Studios,USA,1982,indie,False,America
2904,GameXP.com,USA,2017,indie,False,America
2905,Gamechuck,Japan,1979,indie,False,Asia
2906,Gameclaw Studio,France,2020,indie,False,Europe
2907,Gamecraft Studios,USA,1992,mid,False,America
2908,Gameinaframe,USA,1976,indie,False,America
2909,Gameloft,USA,1982,indie,False,America
2910,Gameplay Ltd.,UK,1979,indie,False,Europe
2911,Gameplay Studio VR,USA,1992,indie,False,America
2912,Gameplete,UK,1988,indie,False,Europe
2913,Gamereon,Sweden,2009,indie,False,Europe
2914,GamersHype Productions,Canada,2015,indie,False,America
2915,Gamerz Gamez LLC,France,2020,indie,False,Europe
2916,Games From The Deep,USA,2019,indie,False,America
2917,Games Incubator,USA,1975,mid,True,America
2918,Games Of Vaibhav,UK,1987,indie,False,Europe
2919,Games Revolted,UK,1990,indie,False,Europe
2920,Games and Company,USA,1976,indie,False,America
2921,Games by Bill B.,UK,1987,indie,False,Europe
2922,Games by Malcs,USA,1981,indie,False,America
2923,Games by Spinola,Poland,1985,indie,False,Europe
2924,Games++,USA,2007,indie,False,America
2925,Games2Beat Studio,UK,2010,indie,False,Europe
2926,GamesBraz,France,2009,indie,False,Europe
2927,Gamesforfarm,Japan,1989,indie,False,Asia
2928,Gamesforgames,UK,1986,aaa,True,Europe
2929,Gamesung Games,France,1975,indie,False,Europe
2930,Gametech,Japan,1979,indie,False,Asia
2931,Gametroleum,USA,2014,indie,False,America
2932,Gamexcite,USA,1988,indie,False,America
2933,Gaming 301,Russia,2006,indie,False,Europe
2934,Gaming Cats Studio,USA,2009,indie,False,America
2935,Gaming Minds Studios,Sweden,2011,indie,False,Europe
2936,Gamious,Australia,2013,indie,False,Oceania
2937,Gamma Games Interactive Inc.,France,1999,indie,False,Europe
2938,Gamma Ray Chamber,Australia,2019,indie,False,Oceania
2939,GammaLateral,USA,2019,indie,False,America
2940,"Gammal Software, Inc.",Poland,2005,indie,False,Europe
2941,Gammera Nest,USA,2012,indie,False,America
2942,GangoGames LLC,Japan,2022,indie,False,Asia
2943,Gangsta Studios,Germany,1975,indie,False,Europe
2944,Garage Monkeys,France,1982,indie,False,Europe
2945,Garakowa Marshmallow,Canada,1990,mid,False,America
2946,Garanty Studios,USA,1998,indie,False,America
2947,Garbage Bin Studio,USA,1999,indie,False,America
2948,GasGod Games,USA,2021,mid,False,America
2949,Gatskop Software,Australia,2022,indie,False,Oceania
2950,Gattai Games,USA,1995,indie,False,America
2951,Gattorocco,Russia,2008,indie,False,Europe
2952,Gaugepunk Games,UK,1993,indie,False,Europe
2953,Gaurav Kudchadkar,USA,2021,indie,False,America
2954,Gavin Rector,USA,2009,indie,False,America
2955,Gaweb Studio,Sweden,1990,indie,False,Europe
2956,Gaël Bourhis,Canada,1989,indie,False,America
2957,Ge Yin,UK,1995,indie,False,Europe
2958,GeamGames,France,1979,indie,False,Europe
2959,Gear Worx Productions,USA,1987,mid,False,America
2960,Gearbox Software,Australia,1988,mid,False,Oceania
2961,Gearhead Studio,USA,2010,indie,False,America
2962,Geasis Games,Sweden,1990,indie,False,Europe
2963,Geddy Wenzinger,Japan,2004,indie,False,Asia
2964,GeekPit Studio,Canada,1990,indie,False,America
2965,Geekspree,France,1994,indie,False,Europe
2966,Geleos,Japan,2015,indie,False,Asia
2967,Gemcraft Games,Poland,2005,mid,False,Europe
2968,Gemstone Islands Games,Australia,2000,indie,False,Oceania
2969,Gene,Japan,2002,indie,False,Asia
2970,GeneFree,Canada,1984,indie,False,America
2971,GeneGames,Russia,1976,indie,False,Europe
2972,Generative Artwork Games,Japan,1980,indie,False,Asia
2973,"Generic Lake Monster, LLC",Sweden,2013,indie,False,Europe
2974,Genesis Gaming Network,Germany,1986,indie,False,Europe
2975,Geniaware Srl,Japan,2004,indie,False,Asia
2976,Geniteam Solutions,Germany,2005,indie,False,Europe
2977,Gentle Manhands,USA,2005,indie,False,America
2978,GentleDriver,Sweden,1975,aaa,True,Europe
2979,Geoff Keighley,Japan,2021,indie,False,Asia
2980,George,UK,2001,indie,False,Europe
2981,George Constantinou,Australia,1998,indie,False,Oceania
2982,George Erfesoglou,UK,2012,indie,False,Europe
2983,Geosphere Games,Sweden,1982,indie,False,Europe
2984,Gerald Terveen,Germany,1987,indie,False,Europe
2985,GermapurApps,Australia,2021,indie,False,Oceania
2986,Gestalt Games,Canada,2015,indie,False,America
2987,Gestmorph Games,Canada,2016,indie,False,America
2988,Get Up Games,Japan,1990,indie,False,Asia
2989,GetOst_,USA,1998,indie,False,America
2990,GetRdyGames,Canada,2019,indie,False,America
2991,Ghost Games,USA,2013,indie,False,America
2992,Ghost Gaming,Canada,1991,indie,False,America
2993,Ghost Goats Games,Germany,2017,indie,False,Europe
2994,Ghost Machine Games,USA,1980,indie,False,America
2995,Ghost Road Game Studio,Sweden,2000,indie,False,Europe
2996,Ghost Town Games,Australia,1980,indie,False,Oceania
2997,GhostShark,USA,2002,indie,False,America
2998,Ghostly Productions,Japan,2019,indie,False,Asia
2999,GiBar,Australia,2017,indie,False,Oceania
3000,Giammnn,Germany,2021,indie,False,Europe
3001,Giant Games,Sweden,2021,indie,False,Europe
3002,Giants Software,USA,2011,indie,False,America
3003,Gideon Moes,UK,1984,indie,False,Europe
3004,Giioii,USA,2022,mid,False,America
3005,Gilded Rune Games,UK,1985,indie,False,Europe
3006,Gillian Yue,USA,1979,indie,False,America
3007,Gillsoft,UK,2001,indie,False,Europe
3008,Gilp Studio,Canada,1985,indie,False,America
3009,Gin Jam Team,USA,1983,indie,False,America
3010,Gin Motion,USA,1982,mid,False,America
3011,Ginko Games,Poland,1986,indie,False,Europe
3012,Gino Di Pierro,Russia,1987,indie,False,Europe
3013,Giordano Pacifico,Sweden,2001,indie,False,Europe
3014,Giorgi Abelashvili,Sweden,1981,indie,False,Europe
3015,GirlGames,USA,1993,indie,False,America
3016,Giwrgos Kousakis,USA,1979,indie,False,America
3017,Glass Bottom Games,Germany,2005,indie,False,Europe
3018,Glass Knuckle Games,Russia,1975,indie,False,Europe
3019,GlassesCatGames,Russia,1975,indie,False,Europe
3020,Gleb Kononov,Russia,1977,indie,False,Europe
3021,Gleetch,Germany,1975,indie,False,Europe
3022,Glingy,Germany,1992,indie,False,Europe
3023,Glintid,Japan,1996,indie,False,Asia
3024,Glitch Games,UK,2018,indie,False,Europe
3025,Glitched Pixel,Australia,1990,indie,False,Oceania
3026,Globiss Interactive,France,1999,indie,False,Europe
3027,Gloria Works,Australia,1996,indie,False,Oceania
3028,Glorified Studios,USA,2019,indie,False,America
3029,GloryField,Poland,1983,indie,True,Europe
3030,Glowing Genesis,USA,2008,indie,False,America
3031,Glusoft,Canada,1990,indie,False,America
3032,"Glyphs in Lines, LLC",France,2017,indie,False,Europe
3033,Gnelf,Japan,2017,indie,False,Asia
3034,GniFrix,Australia,1995,indie,True,Oceania
3035,Go Play Games Ltd,UK,1977,indie,False,Europe
3036,GoBit Games,Canada,2018,mid,False,America
3037,GoManga Interactive,France,2000,indie,False,Europe
3038,Gobbo Games,Russia,1997,indie,False,Europe
3039,Goblin & Goblin,Sweden,2005,indie,False,Europe
3040,Goblin Council,Poland,1981,indie,False,Europe
3041,Goblinz Studio,USA,1987,mid,False,America
3042,Goblobin,Poland,2011,indie,False,Europe
3043,Godam Inc.,Canada,1977,indie,False,America
3044,Godarkhaos,Russia,1994,indie,False,Europe
3045,Godfrey Yang,Australia,2004,indie,False,Oceania
3046,Godlike Games,Japan,1982,indie,False,Asia
3047,Godmode Interactive,Germany,1990,indie,False,Europe
3048,Gogii,Russia,2017,indie,False,Europe
3049,Gogii Games,USA,2020,indie,True,America
3050,Goktug Ulvan,Sweden,1995,indie,False,Europe
3051,GoldElephant Inc.,Russia,1989,indie,False,Europe
3052,GoldSymbol Games,France,2017,indie,False,Europe
3053,"Golden Dog Interactive, SAS",USA,2009,indie,False,America
3054,GoldenGod Games,Japan,2019,mid,False,Asia
3055,GoldenGratus,USA,2011,indie,False,America
3056,Goldhawk Interactive,France,2016,indie,False,Europe
3057,Goloso Games,Sweden,2022,indie,False,Europe
3058,Gomen Gaming,UK,2016,indie,False,Europe
3059,Gonnerme,Australia,2002,indie,False,Oceania
3060,Gonçalo Oliveira,USA,1982,indie,False,America
3061,GooDCrafter,USA,1996,indie,False,America
3062,"Good Game Studio Co., Ltd.",Sweden,2022,indie,False,Europe
3063,Good Luck Games,Germany,1983,indie,False,Europe
3064,Good Morning Games,Australia,2011,indie,False,Oceania
3065,Good Night Brave Warrior,UK,2012,indie,False,Europe
3066,GoodMood,Poland,2002,indie,False,Europe
3067,GoodOldMan Studio,UK,2018,indie,False,Europe
3068,Goodlab Games,USA,2017,indie,False,America
3069,Goodsir,USA,2000,indie,True,America
3070,GoolWorks,Poland,1995,indie,False,Europe
3071,Gopnik,Australia,1989,indie,False,Oceania
3072,GoragarX,Japan,2013,indie,False,Asia
3073,Gordon Roberts,Russia,2019,indie,True,Europe
3074,Gordon Yee,UK,2007,indie,False,Europe
3075,Gorilla Cafe,USA,2020,indie,False,America
3076,GorillaVs.,France,1988,indie,False,Europe
3077,Got Game Studio,Canada,1999,indie,False,America
3078,Gotcha Gotcha Games,Poland,1984,mid,False,Europe
3079,Gotha Gotha Games,USA,2021,indie,False,America
3080,Gowi,USA,2022,indie,False,America
3081,Grab Games,Poland,1986,indie,False,Europe
3082,Grace Bruxner,Canada,1994,indie,False,America
3083,Grade 9 Games,France,1985,indie,False,Europe
3084,Graham Kampmeier,Germany,1996,indie,False,Europe
3085,Grande Spallone Games,Japan,1997,indie,False,Asia
3086,Grandma Studios,UK,2008,mid,False,Europe
3087,Grant Erickson,USA,1987,indie,False,America
3088,Grant Marrs,Germany,1981,indie,False,Europe
3089,Grant Morgan,Russia,2012,indie,False,Europe
3090,Grapefruit Studios,USA,2020,indie,False,America
3091,Graphium Studio,France,2011,mid,False,Europe
3092,Graverobber AXDX,Canada,1993,indie,False,America
3093,Graverobber Foundation,USA,2022,indie,False,America
3094,Gravestalker Studio,France,1998,indie,False,Europe
3095,Gravity Well Studios,Germany,2018,indie,False,Europe
3096,Gravvit Ltd,Poland,1999,indie,False,Europe
3097,Gray Boss,Japan,1985,indie,False,Asia
3098,Great Idea Games,USA,2005,indie,False,America
3099,Great Studios Gaming,USA,2007,indie,False,America
3100,Grebot Games,Germany,1984,indie,False,Europe
3101,Greeb,UK,1977,indie,False,Europe
3102,Green Bray Games,UK,1994,indie,False,Europe
3103,Green Goose Corporation,Australia,2016,indie,False,Oceania
3104,Green Hill Studio,Russia,2017,indie,False,Europe
3105,Green Lava Studios,Russia,2016,indie,False,Europe
3106,Green River Studio,France,2003,indie,False,Europe
3107,Green Sauce Games,USA,1980,mid,False,America
3108,Green Tile Digital,France,2007,indie,False,Europe
3109,Green-eyed Taxi,Germany,2011,mid,False,Europe
3110,GreenThumbStudios,Canada,1981,indie,False,America
3111,Greenolor Studio,USA,2005,indie,False,America
3112,Greg Giddens,Canada,1994,indie,False,America
3113,Greg Lobanov,USA,1979,mid,False,America
3114,Greg Terteryan,Poland,2009,indie,False,Europe
3115,Gregor Panič,Poland,1976,indie,False,Europe
3116,Gremlin Graphics,Poland,2008,mid,False,Europe
3117,Gremlin Interactive,Japan,2012,mid,False,Asia
3118,Grey Alien Games,Poland,2016,indie,False,Europe
3119,Grey Dog Software,Russia,2017,indie,False,Europe
3120,Grey Hair Studio,USA,2013,indie,False,America
3121,Grey Wolf Entertainment,USA,2003,indie,False,America
3122,Greylock Studio,USA,1983,indie,False,America
3123,Griaznov Aliexiey,France,1980,indie,False,Europe
3124,GridBoxGames,Poland,1977,indie,False,Europe
3125,GrimTalin,USA,1994,indie,False,America
3126,GrimmGitz,Germany,2002,indie,False,Europe
3127,Grimoire Games,France,1990,indie,False,Europe
3128,Grinning Games,Australia,2008,indie,False,Oceania
3129,Grip Games,USA,2009,indie,False,America
3130,Grip Top Games,Germany,2019,indie,False,Europe
3131,Griptonite Games,Sweden,1997,indie,False,Europe
3132,Grizzly Gamer,Japan,2019,indie,False,Asia
3133,GrizzlyGames,Poland,1990,mid,True,Europe
3134,Gromada,USA,1988,indie,False,America
3135,Gronzragüer Games,France,1988,indie,False,Europe
3136,GroovIT,USA,2021,indie,False,America
3137,Groove Jones,USA,1991,indie,False,America
3138,Groove Jones LLC,France,1985,indie,False,Europe
3139,Groubi-Game,USA,1991,indie,False,America
3140,Ground Shatter,Australia,1984,mid,False,Oceania
3141,Ground up studios,USA,2021,indie,False,America
3142,Grounding Inc.,France,2016,indie,False,Europe
3143,Growfall Games,UK,2017,indie,False,Europe
3144,Grumpy Owl Games,Japan,1985,indie,False,Asia
3145,Grégory Petit,USA,2002,indie,False,America
3146,GuGong,Australia,1990,indie,False,Oceania
3147,Gua,USA,1982,indie,False,America
3148,Guan Yue,UK,1996,indie,False,Europe
3149,"Guangzhou NineD Digital Technology Co.,Ltd",UK,1996,indie,False,Europe
3150,Guarida Games Studio S.L.,USA,1989,indie,False,America
3151,Guaxinim Studio,USA,1989,indie,False,America
3152,Guilherme Mendes,USA,1982,indie,False,America
3153,Guillaume Fradin,Canada,1994,indie,False,America
3154,Guillaume Opoix,Russia,1981,mid,False,Europe
3155,Gummi Space Jam,Canada,1993,indie,False,America
3156,Gundes,France,1978,indie,False,Europe
3157,Gunia Studios,Australia,1999,indie,False,Oceania
3158,Gunnevik,Russia,2018,indie,False,Europe
3159,"Gunpowder Games, Inc.",Germany,2013,indie,False,Europe
3160,Gus McGuire,UK,2012,indie,False,Europe
3161,Gustav Almström,USA,2007,indie,False,America
3162,Gustavo Santos,France,1984,indie,False,Europe
3163,Gut Andrei,Canada,1978,indie,False,America
3164,GuyKayJay,France,1998,indie,False,Europe
3165,Gwydion LLyr Meredydd,USA,2013,indie,False,America
3166,Gyltefors K.K.,Japan,2003,indie,False,Asia
3167,Gäng Gäng Studios,Russia,2007,indie,False,Europe
3168,Gökdeniz Yılmaz,Australia,2008,indie,False,Oceania
3169,H Studio,Sweden,1989,indie,False,Europe
3170,HA Studio Ltd.,Poland,1994,indie,False,Europe
3171,HAN GUANG,UK,1980,indie,False,Europe
3172,HANNMADE Studios,USA,1990,indie,False,America
3173,HB Studios,USA,1978,indie,False,America
3174,HBLD Productions,USA,2006,indie,False,America
3175,HBunny,USA,2002,indie,False,America
3176,HEATWAVE,Sweden,1983,indie,False,Europe
3177,HEG Games,Japan,2018,indie,False,Asia
3178,HELM Systems,Canada,2000,indie,True,America
3179,HEYGO Studio,USA,2022,indie,True,America
3180,HFM Games,Japan,2009,mid,False,Asia
3181,HFTGames,USA,2022,indie,False,America
3182,HGames-ArtWorks,Sweden,2008,indie,False,Europe
3183,HIFUMI,USA,2003,indie,False,America
3184,HIGHKEY Games,Canada,2008,indie,False,America
3185,HOGuru Games!,USA,1998,indie,False,America
3186,HONEY∞PARADE GAMES,Japan,1978,indie,False,Asia
3187,HOT CODE COMPANY,UK,1998,indie,False,Europe
3188,HRUST,UK,2018,indie,False,Europe
3189,HSV Games,Germany,1982,indie,False,Europe
3190,HTNG Studio,Japan,1991,indie,False,Asia
3191,HUMEY Studios,Canada,2011,indie,False,America
3192,HUNTERS,Sweden,2016,mid,False,Europe
3193,HYDR0,Sweden,2004,indie,False,Europe
3194,HaDe Games,Poland,1978,indie,False,Europe
3195,Hades Productions,France,1996,indie,False,Europe
3196,Haemimont Games,USA,1997,indie,False,America
3197,Hailey White,USA,1997,indie,True,America
3198,Hailstorm Games,Japan,1987,indie,False,Asia
3199,Hajime Doujin Circle,Japan,1984,indie,False,Asia
3200,Hakan Martin,Sweden,1975,indie,False,Europe
3201,Hakugei LLC,France,1989,indie,False,Europe
3202,Hakuya Labs,UK,1998,indie,False,Europe
3203,Half Mermaid,USA,1992,indie,False,America
3204,Half Past Yellow,Japan,2003,indie,False,Asia
3205,Halissoni,UK,2002,indie,True,Europe
3206,Halit Yaşar Aydoğdu,Sweden,2020,indie,False,Europe
3207,Hallid Games,USA,1977,indie,False,America
3208,Halseo,Japan,1996,indie,False,Asia
3209,Hamad Al-Humaidan,USA,1987,indie,False,America
3210,Hammer Games,Australia,1992,indie,False,Oceania
3211,Hammersuck Studios,Japan,2006,indie,False,Asia
3212,Hamra Digital,Canada,1995,indie,False,America
3213,Hamster On Coke Games,Russia,2000,mid,False,Europe
3214,Hamsters Gaming,Sweden,1999,mid,False,Europe
3215,Hamzah Kashmiri,Australia,1976,indie,False,Oceania
3216,Hanakai Studio,UK,1975,indie,False,Europe
3217,HanbitSoft Inc.,USA,2018,indie,False,America
3218,Handholding Inc,Japan,2013,indie,False,Asia
3219,Handmade Games,Japan,1993,indie,False,Asia
3220,HandyGames,USA,2002,mid,False,America
3221,Hang Time Studios,USA,2007,indie,False,America
3222,HangZhou GaoQiang Studio,USA,1982,indie,False,America
3223,Hangar 13,Australia,1990,indie,False,Oceania
3224,Hangyeol Lim,Japan,2005,indie,False,Asia
3225,Hannah Riddick,Russia,2019,indie,False,Europe
3226,Hannah and Joseph Games,France,1987,indie,False,Europe
3227,Hannes Beimel,Germany,2015,indie,False,Europe
3228,Hans Scharler,USA,2000,indie,True,America
3229,Hao3dStudio,Australia,1984,indie,False,Oceania
3230,HaoChuan,France,1980,indie,False,Europe
3231,HaoHao Games,UK,2008,indie,False,Europe
3232,Haocheng Yang,France,1989,indie,False,Europe
3233,Haoyou Game,Japan,1978,indie,False,Asia
3234,HapGames,France,1994,mid,False,Europe
3235,Happimal,UK,1997,indie,False,Europe
3236,Happy Accident Studios,USA,1978,indie,False,America
3237,Happy Art Club,USA,2017,indie,False,America
3238,Happy Corruption,USA,2005,indie,False,America
3239,Happy Home Games,France,2002,indie,False,Europe
3240,Happy Life,Australia,1998,indie,False,Oceania
3241,Happy Ray Games,USA,2017,indie,True,America
3242,Happy Robot Games,Germany,1983,indie,False,Europe
3243,Happy Viking Studios,Russia,1998,indie,False,Europe
3244,HappyDaedalus,Germany,2013,mid,False,Europe
3245,HappyGame,France,1988,indie,False,Europe
3246,HappyGames,USA,1981,indie,False,America
3247,HarDDeer,Russia,1982,indie,True,Europe
3248,Hard Shark Games,Australia,2016,indie,False,Oceania
3249,Hard worker,USA,2003,indie,False,America
3250,Hardi,USA,2009,mid,False,America
3251,Harebrained Schemes,UK,2005,indie,False,Europe
3252,Hari Jago,USA,2021,indie,False,America
3253,Harrison Smith,USA,2001,indie,False,America
3254,Harry Gill,USA,2010,indie,False,America
3255,Hashdev,Sweden,2003,mid,False,Europe
3256,Hasiel_Sarsby,USA,2002,indie,False,America
3257,Haska Su,UK,2007,indie,False,Europe
3258,Hassan Youssef Hilal,USA,1992,indie,False,America
3259,HataIkeda,USA,1977,indie,False,America
3260,Hathos Interactive,USA,2019,indie,False,America
3261,Haunted Pixels,Poland,2006,indie,False,Europe
3262,Havishamone Games,Sweden,1979,indie,False,Europe
3263,Haydee Interactive,Russia,1999,indie,False,Europe
3264,Hayden Nuyens,UK,2013,indie,False,Europe
3265,Hayder Mahmood,USA,1985,indie,False,America
3266,Hazy Paw Games Inc,Germany,1975,indie,False,Europe
3267,HeQingHill Game Studio,Russia,2004,indie,False,Europe
3268,HeR Interactive,Canada,1991,indie,False,America
3269,HeX,USA,2020,indie,False,America
3270,Headbang Studio,USA,1989,indie,True,America
3271,Headless Chicken Games,USA,1977,indie,False,America
3272,Heart Art Games,Australia,1992,indie,False,Oceania
3273,Heart's Choice,USA,1978,mid,False,America
3274,HeartBeat Plus,USA,1988,indie,False,America
3275,HeartCoreDev,USA,1997,indie,False,America
3276,Heartbit Interactive,Australia,1995,indie,False,Oceania
3277,Heartomics,Canada,2010,indie,False,America
3278,Heatbox Games,USA,2014,indie,False,America
3279,Heatwave Studios,Australia,2015,indie,False,Oceania
3280,Heaven Brotherhood,Poland,1989,indie,False,Europe
3281,Heavenshire Stories,USA,1991,indie,False,America
3282,Heaviside Creations,Germany,2012,indie,False,Europe
3283,Heavy Sheep,Russia,1999,indie,False,Europe
3284,HecThoor Entertainment,USA,2015,indie,False,America
3285,Hede,Germany,2003,mid,False,Europe
3286,Hede Games,USA,2012,mid,False,America
3287,Hedgewars Team,Poland,2000,indie,False,Europe
3288,Heiden,USA,2021,indie,False,America
3289,Helemon,USA,2005,indie,False,America
3290,Helen Nazarenko,USA,1986,indie,False,America
3291,Helios Studio,USA,2011,indie,False,America
3292,Hell Bomb Studio,Canada,2016,mid,False,America
3293,HellSet Studios,UK,1986,indie,False,Europe
3294,Hello Games,Canada,1987,indie,False,America
3295,Hello John,USA,1990,indie,False,America
3296,Hello There Games,France,2000,indie,False,Europe
3297,Hellshake Yano,Germany,2021,indie,False,Europe
3298,Helmi Games,USA,1981,indie,False,America
3299,Heluo Studio,USA,1975,indie,False,America
3300,Hematite,France,1977,indie,False,Europe
3301,Hen Soup Studios,Russia,1992,indie,False,Europe
3302,HenHouseStudio,France,1975,indie,False,Europe
3303,Henchman & Goon,USA,1981,indie,False,America
3304,Henning Info,Poland,2020,indie,False,Europe
3305,Henning Tornblad,USA,2011,indie,False,America
3306,Henri Tokola,Poland,1994,indie,False,Europe
3307,Henry Driver,USA,1978,indie,False,America
3308,Henry Jacobs,USA,2009,indie,False,America
3309,Hentai - Color by Number,Poland,1981,indie,False,Europe
3310,Hentai Girls VR STUDIO,USA,2001,indie,False,America
3311,Hentai Panda,Sweden,1976,mid,False,Europe
3312,Hentai Room,UK,1997,mid,False,Europe
3313,Hentai VR Studios,USA,2018,mid,False,America
3314,Hentai X,Sweden,1982,indie,False,Europe
3315,Hentai works,Australia,1989,mid,False,Oceania
3316,Hephep Team,Australia,1997,indie,False,Oceania
3317,Herbert Lin,UK,1998,indie,False,Europe
3318,Hero,Sweden,1977,mid,False,Europe
3319,HeroLabs,USA,2008,indie,False,America
3320,Herrero Games,USA,2002,indie,False,America
3321,Heskira,France,1994,indie,False,Europe
3322,HeukKell,USA,1981,indie,False,America
3323,HexGameStudio,Japan,1998,indie,False,Asia
3324,HexWar Games,Poland,2020,mid,False,Europe
3325,Hexace Games,Russia,1984,indie,False,Europe
3326,Hexagons Studio,USA,1984,indie,False,America
3327,Hexaluga mines,Canada,2005,mid,False,America
3328,Hexdragonal Games,USA,2002,indie,False,America
3329,Hexes of War,USA,1980,indie,False,America
3330,Hexproof Yag,USA,1999,indie,False,America
3331,Hexsi Games,Japan,2005,indie,False,Asia
3332,Hexxx game studio,UK,2015,indie,False,Europe
3333,HiTech Creations Inc.,Russia,2016,indie,False,Europe
3334,Hidden Ocean Games,UK,2010,indie,False,Europe
3335,Hidden People Club,Germany,2009,indie,False,Europe
3336,HideChara,USA,1980,indie,False,America
3337,HideWorks,Japan,2011,indie,False,Asia
3338,Hiding Spot,Poland,1989,indie,False,Europe
3339,Higgs Games GmbH,USA,1975,indie,False,America
3340,High Moon Studios,Poland,1998,indie,False,Europe
3341,High Stone Games,Australia,1982,indie,False,Oceania
3342,High Tower Games,UK,1983,indie,False,Europe
3343,High and Wide,USA,2010,indie,False,America
3344,Highlander Interactive,Sweden,1990,indie,False,Europe
3345,Highwater Game Studios,USA,2022,indie,False,America
3346,Hijong Park,Australia,2020,indie,False,Oceania
3347,Himi Games,Canada,2019,indie,False,America
3348,Himitsu Entertainment,UK,2019,indie,False,Europe
3349,Hinawajin,Germany,2005,indie,False,Europe
3350,Hip Games,Sweden,1976,indie,False,Europe
3351,Hippo Monster,USA,1990,indie,False,America
3352,Hippokittie Productions,Germany,2001,indie,False,Europe
3353,Hisoka,USA,2022,indie,False,America
3354,Hit'n'Run Digital Studio,Germany,1994,indie,False,Europe
3355,"Hit-Point Co.,Ltd.",Canada,2003,mid,False,America
3356,Hitbear Studio,Canada,1993,indie,False,America
3357,Hitcents,USA,2016,indie,True,America
3358,Hitori Games,Russia,2007,indie,False,Europe
3359,HmkSoft,UK,2002,indie,False,Europe
3360,Ho RaBii,Sweden,2010,indie,False,Europe
3361,Hobbisoft,USA,2011,indie,False,America
3362,Hobgoblin Games,Canada,2002,indie,False,America
3363,Hobibit,USA,1980,indie,False,America
3364,Hodu Games,Australia,1983,indie,False,Oceania
3365,Hoffnung Haydn,UK,1978,indie,False,Europe
3366,Hogo Company,USA,2022,mid,False,America
3367,Hograung Studio,France,1979,indie,False,Europe
3368,Hollow World Games llc,Japan,1995,indie,False,Asia
3369,HollowFactory,UK,1999,indie,False,Europe
3370,Holly Gardner,Russia,2016,indie,False,Europe
3371,Holographicquad,USA,1981,indie,False,America
3372,Hologryph,France,1996,indie,True,Europe
3373,Holospark,USA,2009,mid,False,America
3374,Holy Cow Productions,USA,1975,indie,False,America
3375,Holy Light,UK,2010,indie,False,Europe
3376,HolyMaskGames,Sweden,1990,indie,False,Europe
3377,Home Point Games,Australia,2011,indie,True,Oceania
3378,Home trip,Australia,2005,indie,True,Oceania
3379,Homeworks Studios,UK,1994,indie,True,Europe
3380,Homewreckers Studio,UK,1993,indie,False,Europe
3381,Honor Games,Japan,1995,mid,False,Asia
3382,Hoo-Roo Games,Canada,1983,indie,False,America
3383,Hood Mentality Software,USA,2001,indie,False,America
3384,Hoolignomes,Japan,2007,indie,False,Asia
3385,Hope defers disappointment,USA,2012,indie,False,America
3386,Hopecho,Japan,1977,indie,False,Asia
3387,Horizon Games,USA,2004,indie,False,America
3388,"Horizon Hobby, LLC",France,2020,indie,False,Europe
3389,Horizon Lab,USA,2018,indie,False,America
3390,"Horizon's End, Inc.",Russia,1985,indie,False,Europe
3391,Horizont Computergrafik,Japan,2021,indie,False,Asia
3392,Horny Tales,Germany,1996,indie,False,Europe
3393,Horny69Team,USA,1993,indie,False,America
3394,HornyDoge,Poland,2002,indie,True,Europe
3395,Horrawr,Canada,2018,indie,False,America
3396,Horror Shop,USA,2014,indie,False,America
3397,HorrorTheory,Australia,2011,indie,False,Oceania
3398,HorseGames,Japan,1975,indie,False,Asia
3399,Horus Games,Sweden,2010,indie,False,Europe
3400,Hosted Games,Russia,1980,aaa,False,Europe
3401,Hot Cocoa Games,Japan,1985,indie,False,Asia
3402,Hotloop,USA,1992,indie,False,America
3403,Hotta Studio,UK,1979,indie,False,Europe
3404,Hough Studio,Russia,1991,indie,False,Europe
3405,House of Pandas,Australia,2003,indie,False,Oceania
3406,House of Secrets,USA,1982,indie,False,America
3407,Housemarque,Japan,1998,indie,False,Asia
3408,Hoverkitty Games,UK,2014,mid,False,Europe
3409,How's Your English,USA,1998,indie,False,America
3410,HowlingRain,France,1995,indie,False,Europe
3411,Howtodrinkwater,Canada,2007,indie,False,America
3412,Hron,Sweden,2018,indie,True,Europe
3413,Huang Pinghui,Australia,1978,mid,False,Oceania
3414,Hubel,USA,2010,indie,True,America
3415,Hubert G,Poland,1993,indie,False,Europe
3416,HubiBoarStudio,Germany,1979,indie,False,Europe
3417,Hudson Waterman,Sweden,2017,indie,False,Europe
3418,Huge Enemy Production,Japan,2016,indie,False,Asia
3419,HugePixel,Poland,1981,mid,False,Europe
3420,Hugo Miraballes,Canada,2000,indie,False,America
3421,Huhi Games,USA,1996,indie,False,America
3422,"Humanture, Inc.",UK,2013,indie,False,Europe
3423,Humbara Game Studio,Canada,2005,indie,False,America
3424,Humdinger Games,Japan,2009,indie,False,Asia
3425,Humongous Entertainment,Japan,2015,aaa,False,Asia
3426,HuneX,Germany,2013,indie,False,Europe
3427,HungryDingo,USA,1998,mid,False,America
3428,Hunny Bunny Studio,Australia,1988,mid,False,Oceania
3429,Huntah,Poland,2018,indie,False,Europe
3430,Hunter Powrie,USA,1986,indie,False,America
3431,Huracan Studio,USA,2000,indie,False,America
3432,Hush Fin Games,Sweden,2003,indie,False,Europe
3433,Husk,Germany,2017,indie,False,Europe
3434,Husky Swim Team,USA,1978,indie,False,America
3435,Huu Games,Sweden,1996,indie,False,Europe
3436,Hybernation,USA,1987,indie,False,America
3437,Hybris Studios,UK,2005,indie,False,Europe
3438,Hydravision Entertainment,Russia,2019,indie,False,Europe
3439,HyeongSeon Kim,Sweden,2011,indie,False,Europe
3440,Hyeongseo Shin,USA,2013,indie,False,America
3441,Hyerin Lee,Canada,2012,indie,False,America
3442,Hyper Awesome Entertainment,UK,2021,indie,False,Europe
3443,Hyper Hippo Games,Canada,1995,mid,True,America
3444,HyperDevbox,Sweden,1984,indie,False,Europe
3445,Hyperbook Studio,UK,2018,indie,False,Europe
3446,Hyperstrange,Germany,1975,indie,False,Europe
3447,Hypnos Games,Australia,1983,indie,False,Oceania
3448,Hyptosis,France,2012,indie,False,Europe
3449,Hyuna Lee,USA,1987,indie,False,America
3450,Hyunggu Han,Germany,1985,indie,False,Europe
3451,Hängagubbe studio AB,USA,1988,indie,False,America
3452,I Need Play,Australia,2011,indie,False,Oceania
3453,I Nod,UK,1998,indie,True,Europe
3454,I SHOW YOU,Sweden,2007,indie,False,Europe
3455,I'm moralist,USA,2006,indie,False,America
3456,IBLACKHOLES,Japan,2001,indie,False,Asia
3457,IBOLOGY LLC,Poland,2002,indie,False,Europe
3458,IBONG,Russia,1982,indie,False,Europe
3459,ICCreations,Japan,1998,indie,False,Asia
3460,ICSTOR,Germany,2009,indie,False,Europe
3461,IDEA FACTORY,USA,2017,mid,False,America
3462,IDUN Interactive,Japan,1993,indie,False,Asia
3463,IFOnly,Sweden,1981,indie,False,Europe
3464,IGGYMOB,Russia,1981,indie,False,Europe
3465,IGeGeGaeIm,USA,2001,indie,False,America
3466,IIchan Eroge Team,Russia,2014,indie,False,Europe
3467,IKI Games,USA,2003,indie,False,America
3468,IKIGames,Russia,2017,mid,False,Europe
3469,IKO,Japan,1989,indie,False,Asia
3470,ILCOIN GAMES,Germany,1982,indie,False,Europe
3471,ILYA GUBIN,Japan,1982,indie,False,Asia
3472,IM4A,Russia,2004,indie,False,Europe
3473,IMPOSSIBLE INC,Poland,2020,indie,False,Europe
3474,IMaiIna,UK,1998,indie,False,Europe
3475,INCA Studios,Japan,1992,indie,False,Asia
3476,INNERVISION™,USA,2001,indie,False,America
3477,INNOVATIVE DIGITAL SOLUTIONS,USA,2001,indie,True,America
3478,INSILICO,USA,1998,indie,False,America
3479,INTENSE,Japan,2022,indie,False,Asia
3480,"INTI CREATES CO., LTD.",UK,2011,mid,False,Europe
3481,IO Games,USA,2000,mid,False,America
3482,IP Izmailov Vladimir Yurievich,France,1978,indie,False,Europe
3483,IR Studio,Germany,1983,aaa,False,Europe
3484,ISVR,UK,2021,indie,False,Europe
3485,ISY,Sweden,2008,indie,False,Europe
3486,ITC Studio,USA,2020,indie,False,America
3487,ITC_Studio,Japan,2015,indie,False,Asia
3488,ITD Collective,UK,2015,indie,False,Europe
3489,IZZLE,Poland,1985,indie,False,Europe
3490,Ian Davey,USA,1980,indie,True,America
3491,Ian Frank Productions,USA,2012,indie,False,America
3492,Ian Lilley,France,2009,indie,False,Europe
3493,Ian Truelove,USA,1999,indie,True,America
3494,Ian Wiggins,Canada,2004,indie,False,America
3495,Ice Flames,Russia,1986,indie,False,Europe
3496,Ice Fruit Games,Sweden,1994,indie,False,Europe
3497,Ice-Cold Shivering Studios,Poland,2021,indie,False,Europe
3498,Ice-Pick Lodge,Russia,1991,indie,False,Europe
3499,IceFury,USA,1984,indie,False,America
3500,IceVayne Games,France,2012,indie,False,Europe
3501,Icealot,USA,2013,indie,False,America
3502,Iceberg Interactive,USA,1991,indie,False,America
3503,Icehelm,USA,2006,indie,False,America
3504,Icetesy,Sweden,1988,indie,False,Europe
3505,IchigoGames,Japan,1976,indie,False,Asia
3506,Iconic Games,Japan,2015,indie,False,Asia
3507,IcyQuill,Canada,1999,indie,False,America
3508,Idea Cabin,France,2003,indie,False,Europe
3509,Idea Factory,USA,1975,mid,False,America
3510,Idea Factory International,France,2015,indie,False,Europe
3511,IdeaX,USA,1996,indie,False,America
3512,Ideas Pad,Japan,2014,indie,False,Asia
3513,Idol FX,USA,2008,indie,False,America
3514,IdyllsEnd Studios,Sweden,1987,indie,False,Europe
3515,Ignacio Medina,Germany,2008,indie,False,Europe
3516,Ignatios Productions,USA,1998,mid,False,America
3517,Igor Frank,USA,1995,indie,False,America
3518,Igor Galochkin,USA,2019,indie,False,America
3519,Igor Migun,USA,2005,indie,False,America
3520,Igor Vasilenko,USA,2020,indie,False,America
3521,Iguana Entertainment,USA,2022,mid,False,America
3522,Ilan Papini,Japan,2000,indie,False,Asia
3523,Ilex Games,USA,1987,indie,False,America
3524,IllFonic,Sweden,1992,indie,False,Europe
3525,Illwinter Game Design,USA,2012,mid,False,America
3526,Ilmir Nasertdinov,Russia,2021,indie,False,Europe
3527,ImCyan,Sweden,2002,indie,False,Europe
3528,Imad Chahine,USA,1995,indie,False,America
3529,Image Labo,France,2002,indie,False,Europe
3530,Image Works,UK,2015,indie,False,Europe
3531,ImageCode,Japan,1977,indie,False,Asia
3532,Imaginati,USA,2001,indie,False,America
3533,ImaginationOverflow,Poland,2016,indie,False,Europe
3534,Imagine,Germany,2000,indie,True,Europe
3535,Imagos Softworks,USA,1995,indie,False,America
3536,Imigea Ltd,USA,1990,indie,False,America
3537,Immersion,France,1998,mid,False,Europe
3538,Immersion Plus,UK,1975,indie,False,Europe
3539,Immersive Desires,USA,1996,indie,False,America
3540,Immersive-Games,Germany,1995,indie,False,Europe
3541,Impact Gameworks,Germany,1999,indie,False,Europe
3542,Impasto Team,USA,1988,indie,False,America
3543,Impressions Games,USA,2013,indie,False,America
3544,Impromptu Games,Russia,2017,indie,False,Europe
3545,Imran Arafat,Sweden,2001,indie,False,Europe
3546,Incandescent Games,Japan,1995,indie,False,Asia
3547,Incandescent Workshop LLC,USA,2006,mid,False,America
3548,Incest Tales,Australia,2001,indie,False,Oceania
3549,Inceton games,Japan,2013,indie,False,Asia
3550,Incineration Productions,UK,2011,indie,True,Europe
3551,Incinious,USA,2011,indie,False,America
3552,Incompetant Games,Sweden,1993,indie,False,Europe
3553,Independencegamesdeveloper,Australia,1977,mid,False,Oceania
3554,Independent Arts Software,Sweden,1977,indie,False,Europe
3555,Independent Developer,USA,2005,indie,False,America
3556,Independent Games Limited,Russia,2021,indie,False,Europe
3557,Indie,UK,1997,indie,False,Europe
3558,Indie Dynamics,Germany,1995,indie,False,Europe
3559,Indie Marc,USA,1994,indie,False,America
3560,Indie/Anon Games,Japan,2016,indie,False,Asia
3561,IndieGala,USA,1998,indie,False,America
3562,Indiecode Games,USA,1989,indie,True,America
3563,Indigo Studios - Interactive Stories,USA,1981,indie,False,America
3564,IndigoBlue Game Studio,Poland,2021,indie,False,Europe
3565,IndigoWare,USA,1987,indie,False,America
3566,Individual Software,Poland,2009,aaa,False,Europe
3567,Individual233,Sweden,1978,indie,False,Europe
3568,Indoor Astronaut,Russia,1982,indie,True,Europe
3569,Indy Lion Studios,UK,1991,indie,False,Europe
3570,Infinadeck Studios,France,1999,indie,False,Europe
3571,Infinite Dreams,USA,1983,indie,False,America
3572,Infinite Monkeys Entertainment Ltd.,USA,1995,indie,False,America
3573,Infinite State Games,Russia,2001,indie,False,Europe
3574,InfiniteStarRiver,France,2008,indie,False,Europe
3575,Infinity Apparatus,Germany,2017,indie,False,Europe
3576,Infinity XR,USA,2021,indie,False,America
3577,Infogrames,USA,1993,mid,False,America
3578,Infogrames Multimedia SA,UK,1990,indie,False,Europe
3579,Ingenio Contenido Digital,Canada,1988,indie,False,America
3580,Ingenious Knowledge,USA,2006,indie,False,America
3581,Ingeniousfun,USA,1988,indie,False,America
3582,InitiaSnow,UK,2006,indie,False,Europe
3583,Ink Stains Games,USA,2012,indie,False,America
3584,Inlet Pipe Productions,Japan,1995,indie,False,Asia
3585,Inmatrix LTD,UK,2004,indie,False,Europe
3586,Inncop,Poland,1981,indie,False,Europe
3587,Inner Realm Studios,USA,1998,mid,False,America
3588,Inner World Games,Japan,2014,indie,False,Asia
3589,Innersloth,Russia,1987,indie,False,Europe
3590,Innervoid Interactive,Japan,2018,indie,False,Asia
3591,InnoGames,Poland,2016,indie,False,Europe
3592,InnoGlow,Japan,1981,indie,False,Asia
3593,Innoverse Ltd,USA,2004,indie,False,America
3594,Innuendo Squad Studios,USA,2017,indie,False,America
3595,Ino-Co Plus,UK,1982,indie,False,Europe
3596,Inoa Games,USA,2002,indie,False,America
3597,Inorganic Games,UK,2002,indie,False,Europe
3598,Inorganic Visions,USA,1992,indie,False,America
3599,Inre,USA,1999,indie,False,America
3600,Insane Dreamers,Japan,1993,mid,False,Asia
3601,Insatiable Game Studio,USA,1992,indie,False,America
3602,Insert Disk 22,Japan,2002,indie,False,Asia
3603,Insomniac Games,USA,1990,mid,False,America
3604,Instrumental Leap,USA,1978,indie,False,America
3605,Integer games,Germany,1990,mid,False,Europe
3606,Intelligent Systems,USA,1989,indie,False,America
3607,Intelligible Games,Canada,2000,indie,False,America
3608,Inter Galaxy Entertaiment,USA,2021,indie,False,America
3609,InterAction studios,Canada,2006,mid,False,America
3610,InterServ International,Russia,1997,indie,False,Europe
3611,Interactive Fate,Canada,1993,indie,False,America
3612,Interactive Stone,USA,2007,indie,False,America
3613,Interactive Wave Studios,France,2022,indie,False,Europe
3614,Interama - Interactive Technology,Sweden,1990,indie,False,Europe
3615,Interdimensional Games Inc,Canada,1985,indie,False,America
3616,Intergalactic,Sweden,1984,indie,False,Europe
3617,Interplay Entertainment Corp.,France,2002,indie,False,Europe
3618,Intervoke,USA,1991,indie,False,America
3619,IntraMentalDev,USA,1975,indie,False,America
3620,Intravenous Software,Australia,2012,indie,True,Oceania
3621,Introware Studios,Sweden,2005,indie,False,Europe
3622,Intuition Technology,Poland,2011,indie,False,Europe
3623,Inu to Neko,USA,1989,indie,False,America
3624,Inugami Studio,USA,1984,indie,False,America
3625,Invent4 Entertainment,USA,2022,indie,False,America
3626,Inverse Game,Japan,1997,indie,False,Asia
3627,InvertMouse,USA,2006,mid,False,America
3628,Invi Games,Japan,1997,indie,False,Asia
3629,Invictus Games Ltd.,UK,2008,mid,False,Europe
3630,Invincible Cat,Poland,2013,indie,False,Europe
3631,Invision Technologies,USA,2008,indie,False,America
3632,Invoker Studios,USA,2001,indie,False,America
3633,Io-Interactive A/S,France,1984,indie,False,Europe
3634,Ioaan Prepodobniy,USA,2011,indie,False,America
3635,Iottech Bilişim Danışmanlık Limited Şirketi,Australia,1998,indie,False,Oceania
3636,Ireero,USA,1999,indie,False,America
3637,Iridon,Australia,2015,indie,False,Oceania
3638,Iridon Interactive,Sweden,2003,indie,False,Europe
3639,Iris Trummer,Sweden,1986,indie,False,Europe
3640,Irisloft,Canada,1996,indie,False,America
3641,Iriya72,UK,1992,indie,False,Europe
3642,Iron Galaxy Studios,USA,2008,indie,False,America
3643,Iron Jelly,Poland,1982,indie,False,Europe
3644,Iron Stag Games,Japan,1997,indie,False,Asia
3645,Iron Tower Studio,Australia,2006,mid,False,Oceania
3646,Iron Wolf Games,USA,2018,indie,False,America
3647,IronFeather Games,Australia,2014,indie,False,Oceania
3648,IronZog,USA,2006,indie,False,America
3649,Ironclad Games Corporation,Russia,1975,indie,False,Europe
3650,Ironcode Gaming,USA,2012,indie,False,America
3651,Ironward,Japan,1975,mid,False,Asia
3652,IronyDev,France,1975,indie,True,Europe
3653,Irresponsible Games,USA,1993,indie,False,America
3654,Isaac Andrews,Japan,2010,mid,False,Asia
3655,Isaac Wilfredo Amaya León,USA,1992,indie,False,America
3656,IsaacZhang,Canada,2002,indie,False,America
3657,Isaiah Jordan,USA,1989,indie,True,America
3658,Isak Åslund,Sweden,1990,indie,False,Europe
3659,Ishtar Games,France,2002,indie,False,Europe
3660,Isojumper,Sweden,1991,indie,False,Europe
3661,Italic,Germany,1986,indie,False,Europe
3662,Itera Laboratories,Canada,1995,indie,False,America
3663,IteraLabs,USA,1987,indie,False,America
3664,Ithaqua Labs,UK,1987,mid,False,Europe
3665,Ivan Kulibin,USA,2011,indie,False,America
3666,Ivan Moraleja Games,Japan,1986,indie,False,Asia
3667,Ivan Pichugin,Sweden,2002,indie,False,Europe
3668,Ivan Valeryevich Suvorov,Germany,2019,indie,False,Europe
3669,Ivan Zanotti's MyMadnessWorks,Sweden,2020,indie,False,Europe
3670,Ivanovich Games,UK,2004,mid,False,Europe
3671,Iván Piccione,UK,1976,indie,False,Europe
3672,IzukawaN,USA,2001,mid,False,America
3673,J P Termaat,USA,1994,indie,False,America
3674,J&J Game Dev's,Germany,1998,indie,False,Europe
3675,J-Tech Studio,Germany,2011,indie,False,Europe
3676,J. King-Spooner,USA,2000,indie,False,America
3677,J.Bowman,Canada,2004,indie,False,America
3678,J.Li,Sweden,2004,indie,False,Europe
3679,J.P. van Osta,USA,1992,indie,False,America
3680,J2YSOFT,France,1996,indie,False,Europe
3681,JAMONG,Poland,2011,indie,False,Europe
3682,JAR Studios,UK,1978,indie,False,Europe
3683,JBSIMWORKS,Germany,2007,indie,False,Europe
3684,JBroook,USA,1988,indie,False,America
3685,JC Tinkers,Germany,2006,indie,False,Europe
3686,JCP Games Studio,Sweden,2015,indie,False,Europe
3687,JD Video Game Productions,UK,1994,indie,False,Europe
3688,JDM4iK Games,Sweden,2006,indie,False,Europe
3689,JDMSoftware,USA,1979,mid,True,America
3690,JGP Games,France,1982,indie,False,Europe
3691,JIANG CHENG,USA,1981,indie,False,America
3692,JIN,Poland,2003,indie,False,Europe
3693,JJM,Sweden,1994,indie,False,Europe
3694,JJTheJetPlane27,Australia,1990,indie,False,Oceania
3695,JKDL,Germany,2014,indie,False,Europe
3696,JKK_WORKS,Poland,2014,indie,False,Europe
3697,JL-Studio,USA,1976,indie,False,America
3698,JMF Games,Poland,2017,indie,False,Europe
3699,JMJ Interactive,Japan,2019,indie,False,Asia
3700,JOGARA LTD,Japan,1993,indie,False,Asia
3701,JOIS Games,USA,2012,indie,False,America
3702,JOP Studios,France,2000,indie,False,Europe
3703,JOX Studio,Russia,2004,indie,False,Europe
3704,JRad Games,Japan,1976,indie,False,Asia
3705,JS STUDIO,USA,1999,indie,True,America
3706,JUANWUWU Games,UK,2016,indie,False,Europe
3707,JUBSTUDIO,France,2003,indie,True,Europe
3708,JUDOBABY INC.,Sweden,1983,indie,False,Europe
3709,JUMP OR FALL,Canada,1992,indie,True,America
3710,JW,USA,2007,indie,False,America
3711,J_C,Japan,1997,indie,False,Asia
3712,Jabutkba Games,Germany,2007,indie,False,Europe
3713,Jack Eisenfeld,France,1997,indie,False,Europe
3714,Jack Gloyens,Germany,2004,indie,False,Europe
3715,Jack Le Hamster,Russia,1992,indie,False,Europe
3716,Jack Queen,France,2000,indie,False,Europe
3717,Jack Schlesinger,Poland,2005,indie,False,Europe
3718,Jack Twin,Japan,2017,indie,False,Asia
3719,JackBox Gamez,Canada,2007,mid,False,America
3720,JackSong Studio,Germany,1983,indie,False,Europe
3721,Jackal in the sugarcane fields,Germany,2012,indie,False,Europe
3722,"Jackbox Games, Inc.",France,2000,indie,False,Europe
3723,JackoAces Studios,USA,2021,indie,False,America
3724,Jacob Folkerts,USA,1981,indie,False,America
3725,Jacob Gislason,Canada,1995,indie,False,America
3726,Jacob Janerka,Australia,2021,indie,False,Oceania
3727,Jacob Kendall,USA,1986,indie,False,America
3728,Jacob Kooiman,UK,2001,indie,False,Europe
3729,Jacob McCormick,USA,1991,indie,False,America
3730,Jacob Micallef,Poland,1979,indie,False,Europe
3731,Jaden Duchene,UK,2015,indie,False,Europe
3732,Jadon Barnes,Sweden,1995,indie,False,Europe
3733,Jaesung Kim,Japan,1983,indie,False,Asia
3734,Jairus Cambe,Germany,1987,indie,False,Europe
3735,Jaison Robson Gusava,Japan,2018,indie,False,Asia
3736,Jak Wilmot,USA,1985,indie,False,America
3737,Jakai,Germany,1987,indie,False,Europe
3738,Jake Altmann,USA,2017,indie,False,America
3739,Jake Berry,USA,1983,indie,False,America
3740,Jake Donkersgoed,UK,2001,indie,False,Europe
3741,Jake Huhman,Poland,1996,indie,False,Europe
3742,Jake Johnson,Canada,2021,indie,False,America
3743,Jake Olson,Japan,1988,indie,False,Asia
3744,Jake Stull,Japan,1997,indie,False,Asia
3745,Jake Tucker,Sweden,1983,indie,False,Europe
3746,Jakob Ferenius,Japan,2015,indie,False,Asia
3747,Jakob Vidal,USA,1980,indie,False,America
3748,Jakub Domanski,Japan,1981,indie,False,Asia
3749,Jakub Wilczak,USA,2013,indie,False,America
3750,James,USA,1993,mid,False,America
3751,James Fitzgerald (Cavedens),USA,2020,indie,False,America
3752,James Flannery,Sweden,1985,indie,False,Europe
3753,James H. Van der Meulen,USA,2011,mid,False,America
3754,James Interactive,Japan,2014,indie,False,Asia
3755,James Nye,UK,1978,indie,False,Europe
3756,James Olks,Sweden,2012,indie,False,Europe
3757,James Patton,Sweden,1991,indie,False,Europe
3758,James Pham,USA,2001,indie,False,America
3759,James Robinson,UK,1978,indie,False,Europe
3760,James Sager,Germany,2021,indie,False,Europe
3761,James W Sager III,Russia,1978,indie,False,Europe
3762,Jamhack Games,USA,2011,indie,False,America
3763,Jampacked Games,Canada,1977,indie,False,America
3764,Jan Baumann,USA,2001,indie,False,America
3765,Jan Malitschek,France,1980,indie,False,Europe
3766,Jan Švec,Japan,1983,indie,False,Asia
3767,Janabajty Tomasz Namiota,USA,1977,indie,False,America
3768,Janarik Games LLC,USA,1997,indie,False,America
3769,Jani Penttinen,UK,1989,indie,True,Europe
3770,Janxferz,USA,1987,indie,False,America
3771,JapanCo,Poland,2018,indie,False,Europe
3772,Japanime Digital,USA,2005,indie,False,America
3773,Jared Skinner,Russia,2019,indie,False,Europe
3774,Jaroslav Micek,Canada,2010,indie,False,America
3775,Jaruwit Kraijan,Japan,2014,indie,False,Asia
3776,Jason Gertner,UK,1987,indie,False,Europe
3777,Jason Kelly,Sweden,1990,indie,False,Europe
3778,Jason Lin,Germany,1989,indie,False,Europe
3779,Jason Maiser,Russia,2009,indie,False,Europe
3780,Jason RT Bond,Australia,1975,indie,False,Oceania
3781,Jason Runkel,USA,1978,indie,False,America
3782,Java Printz LLC,USA,1986,indie,False,America
3783,Jaw Drop Games,UK,2013,indie,False,Europe
3784,Jay,USA,1993,indie,False,America
3785,Jay Geis,UK,2017,indie,False,Europe
3786,Jay Hawkins,USA,1991,indie,False,America
3787,JayFiArts,USA,2020,indie,False,America
3788,Jayay,UK,1989,indie,False,Europe
3789,Jaz Marshall-Porter,UK,1998,indie,False,Europe
3790,Jean Davalos,USA,2016,indie,False,America
3791,Jean-Baptiste Simillon,Sweden,1995,indie,False,Europe
3792,Jean-Yves QUENTEL,Japan,1978,indie,False,Asia
3793,Jeff Apostolos,UK,2014,indie,False,Europe
3794,Jeff Nusz,USA,1983,indie,False,America
3795,Jeff Row,Germany,1994,indie,False,Europe
3796,Jeff Trier,USA,1998,indie,False,America
3797,Jeffrey Cretin,Russia,1977,indie,False,Europe
3798,Jeffrey Nivens,Canada,2016,indie,False,America
3799,Jeistar,Australia,1976,indie,False,Oceania
3800,JelloGames,USA,1992,indie,False,America
3801,JellyFluff Games,UK,1980,indie,False,Europe
3802,Jellyfish Parade,Poland,1999,indie,False,Europe
3803,Jennifer Kindl,Poland,1999,indie,False,Europe
3804,Jens Roderus,USA,1999,indie,False,America
3805,Jeremy Bailenson,Japan,1978,indie,False,Asia
3806,Jeremy Reineck,USA,1997,indie,False,America
3807,Jerome Konieczka JR.,Sweden,1996,indie,False,Europe
3808,Jerry Miller,Sweden,2012,indie,False,Europe
3809,Jerzie,USA,2021,indie,False,America
3810,Jesper Michael Petersen,Japan,2002,indie,False,Asia
3811,Jesse Aidyn,Sweden,1978,indie,False,Europe
3812,Jesse Petrone,Germany,2021,indie,False,Europe
3813,Jessica,USA,2009,indie,False,America
3814,Jessy Lemieux,Germany,2011,indie,False,Europe
3815,Jestercraft,USA,1999,indie,False,America
3816,Jet Stone Games,Australia,1990,indie,False,Oceania
3817,Jetdogs Studios,USA,2018,aaa,False,America
3818,Jether,USA,1990,mid,False,America
3819,Jetpack Interactive,USA,2011,indie,False,America
3820,Jewel Lim,France,1998,indie,False,Europe
3821,JiMTa-积木塔,USA,2016,indie,False,America
3822,JiangHu Studio,France,1982,indie,False,Europe
3823,Jill Gates,France,1991,indie,False,Europe
3824,Jim Bame,Japan,1976,indie,False,Asia
3825,Jim's SqueakLab,Japan,1997,indie,False,Asia
3826,JimDex,Poland,1988,indie,False,Europe
3827,JimJams Games,Germany,1980,indie,False,Europe
3828,Jimmy Hall Jr.,France,1995,indie,False,Europe
3829,JinCycle,Japan,1991,mid,False,Asia
3830,Jinah Kim,USA,2006,indie,False,America
3831,JingtuStudio,France,1984,indie,False,Europe
3832,Jinvira,France,1989,indie,False,Europe
3833,Jiofef,USA,2018,indie,False,America
3834,Jippo Media,Japan,1995,indie,True,Asia
3835,Jiri Otoupal,Canada,1978,indie,False,America
3836,Jiwon Suh,Australia,1991,indie,True,Oceania
3837,Jiří Živný,Poland,1997,indie,False,Europe
3838,Jloo,USA,1990,indie,False,America
3839,Joe Colombo,USA,2003,indie,False,America
3840,Joe Nevells,USA,1988,indie,False,America
3841,Joe Richardson,UK,2018,indie,False,Europe
3842,Joe Sansone,France,1993,indie,False,Europe
3843,Joehot200,UK,1998,indie,False,Europe
3844,Joel Carter,UK,2016,indie,False,Europe
3845,Joey Drew Studios,Australia,1993,indie,False,Oceania
3846,Jofer's Games,USA,1977,indie,False,America
3847,Johan Games,USA,2012,indie,True,America
3848,Johanna McClenahan,France,1995,indie,False,Europe
3849,Johannes Förth,Russia,2007,indie,False,Europe
3850,Johannes Gäbler,Canada,1988,indie,False,America
3851,Johannes Noak,Germany,2017,indie,False,Europe
3852,Johannes Schatteiner,UK,2016,indie,False,Europe
3853,John Caruso,USA,1989,indie,False,America
3854,John Company,Australia,2015,indie,False,Oceania
3855,John Fluet,UK,2021,indie,False,Europe
3856,John Galanakis,Sweden,1978,indie,False,Europe
3857,John Muia,France,2008,indie,False,Europe
3858,John Peate,USA,2011,indie,False,America
3859,John Shields,USA,1990,indie,False,America
3860,John Szymanski,Australia,1989,indie,False,Oceania
3861,John Wallie,Russia,1982,indie,False,Europe
3862,John tex,Japan,2001,indie,False,Asia
3863,JohnPeppermint,UK,2007,indie,False,Europe
3864,Johnathon Reid Autry,UK,2005,indie,False,Europe
3865,Johncarlos Lillo,Japan,2001,indie,False,Asia
3866,Johnny Ostad,Poland,1983,indie,False,Europe
3867,Jok,USA,2001,indie,False,America
3868,Jolly Crouton Media Ltd.,France,2013,mid,False,Europe
3869,Jolly Roger Game,USA,1995,indie,False,America
3870,Jolly's Team,UK,2007,indie,False,Europe
3871,Jollypunch Games,Germany,2015,indie,False,Europe
3872,Jomarcenter Gaming Studio,USA,1986,indie,False,America
3873,Jonah Gaynor,USA,1982,indie,False,America
3874,Jonah Saunders,Russia,2020,indie,False,Europe
3875,Jonas Dall,Russia,1983,indie,False,Europe
3876,Jonathan Lynch,Poland,1976,indie,False,Europe
3877,Jonathan MacLellan,Australia,1983,indie,False,Oceania
3878,Jonathan Moye,Germany,1999,indie,False,Europe
3879,Jonathan Robson,UK,2000,indie,False,Europe
3880,Jonathan Stano,USA,1993,indie,False,America
3881,Jongseop Lee,Sweden,1996,indie,False,Europe
3882,JooGray videogames,France,2021,indie,True,Europe
3883,Joon Games,Canada,1997,indie,False,America
3884,Joongwon Entertainment,Sweden,2015,indie,False,Europe
3885,Joost/Will Vonk,Poland,1993,indie,False,Europe
3886,JoqLePecheur,Canada,2021,indie,False,America
3887,Jordan Freeman Group,Russia,2007,indie,False,Europe
3888,Jordan Hurley,Sweden,2012,indie,False,Europe
3889,Jordan Mochi,Canada,2004,indie,False,America
3890,Jordan Rott,Japan,2007,indie,False,Asia
3891,Jordy Lakiere,USA,1981,indie,False,America
3892,Jorge Alvarez,Japan,1978,indie,False,Asia
3893,Jorrit Van de Velde,Sweden,2012,indie,False,Europe
3894,Jorvan,Sweden,1993,indie,False,Europe
3895,Jose Lousa,UK,1986,mid,False,Europe
3896,Jose Pedro Díaz,USA,2022,indie,False,America
3897,Jose Romaguera Montero,Canada,2002,indie,False,America
3898,Josep G. Camarasa,Germany,2014,indie,False,Europe
3899,Joseph Bramlett,UK,1985,indie,False,Europe
3900,Joseph Carrillo,USA,2003,indie,False,America
3901,Joseph Cook,USA,1991,mid,False,America
3902,Joseph Dolmaya,Russia,1989,indie,False,Europe
3903,Joseph Griggs,USA,1988,indie,False,America
3904,Joseph Lee,Japan,1985,indie,True,Asia
3905,Josh Beatty,Sweden,2009,indie,False,Europe
3906,Josh Hill,USA,2006,indie,False,America
3907,Josh Lasky,USA,1988,indie,False,America
3908,Josh Perusse,Australia,2002,indie,False,Oceania
3909,Josh Reaver,Germany,2004,indie,False,Europe
3910,Josh Tam Universe,USA,2020,indie,False,America
3911,Joshua Bergstrom,USA,2002,indie,False,America
3912,Joshua Chen,USA,1983,mid,False,America
3913,Joshua Keith,Canada,1982,indie,False,America
3914,Joshua Linscott,Russia,2022,indie,False,Europe
3915,Joshua Missile,Canada,1995,mid,False,America
3916,Joshua Nelson,UK,2004,indie,False,Europe
3917,Josiah Christiansen,Japan,1979,indie,False,Asia
3918,Josyan,UK,1977,mid,False,Europe
3919,José Manuel Conesa Hernández,Sweden,2008,indie,False,Europe
3920,Jotar,Poland,2017,indie,False,Europe
3921,Jovan Jeftic,France,2015,indie,False,Europe
3922,Joy Everafter Stories,USA,2012,indie,False,America
3923,JoyBits Ltd.,Australia,2018,mid,False,Oceania
3924,JoyJutsu Games,Japan,2006,indie,False,Asia
3925,JoyMasher,Canada,1993,mid,False,America
3926,JoyMoon Tech Ltd.,France,1980,indie,False,Europe
3927,Joysteak Studios,Poland,2022,indie,False,Europe
3928,Joytoart Technology,Japan,2006,indie,False,Asia
3929,João Agostinho Gabardo Neto,USA,1986,indie,True,America
3930,João Paulo Freitas da Silva,Canada,2014,indie,False,America
3931,Joël Cancela Vaz,Germany,2015,indie,False,Europe
3932,Juan Manuel Flecha,Germany,1986,indie,False,Europe
3933,Jubei Games,Poland,1993,indie,False,Europe
3934,Juicy Pulp Games,Japan,2015,indie,False,Asia
3935,Jukio,UK,2005,indie,False,Europe
3936,Jules Maurer,USA,1993,indie,False,America
3937,Jules-Makes-Games,Japan,1990,indie,False,Asia
3938,Julia Lee,USA,2004,indie,False,America
3939,Julien Mackay,France,1997,indie,False,Europe
3940,Julio Oliveira,Canada,2005,indie,False,America
3941,Jump Over The Age,Poland,2013,indie,False,Europe
3942,JumpCore Productions,USA,1993,indie,False,America
3943,JunPeng Huang,USA,2001,indie,False,America
3944,"Jundroo, LLC",Russia,1991,indie,False,Europe
3945,Juri Schupilo,UK,2003,mid,False,Europe
3946,Jurval Corp,USA,1978,indie,False,America
3947,Just One More Minute,Canada,1996,indie,False,America
3948,Just Sauce Studio,USA,2003,indie,False,America
3949,Just kidding entertainment,Germany,1985,indie,False,Europe
3950,JustForward,Russia,1982,indie,False,Europe
3951,JustJeff,France,1996,mid,False,Europe
3952,JustMakeGames,Germany,2021,indie,True,Europe
3953,JustTomcuk,UK,2020,mid,False,Europe
3954,Justin Gourley,UK,2010,indie,False,Europe
3955,Justin Green(Musician),USA,1988,indie,False,America
3956,Justin Martin,USA,1985,indie,False,America
3957,Jutsu Games,UK,2020,indie,False,Europe
3958,Jérémy Entressangle,Russia,1998,mid,False,Europe
3959,Jérôme Braëms,USA,2021,indie,False,America
3960,Jöbstl S.,USA,1976,indie,False,America
3961,Jötunn Games,Germany,2007,indie,False,Europe
3962,K Bros Games,Japan,1985,indie,False,Asia
3963,K-D Lab,USA,2015,mid,False,America
3964,K-land Games,USA,1992,indie,False,America
3965,K84,Poland,1999,indie,False,Europe
3966,KABloom Interactive,USA,2022,indie,False,America
3967,KADOKAWA,Poland,1979,mid,False,Europe
3968,KAIJYU-09,Canada,2021,indie,False,America
3969,KAPPIRE,USA,2009,indie,False,America
3970,KARTEA Games,USA,2022,indie,False,America
3971,KBA3u's factory,UK,2013,indie,False,Europe
3972,KBS Games,Russia,2002,indie,False,Europe
3973,KE GANXING,USA,1992,indie,False,America
3974,KEA Games,USA,2016,indie,False,America
3975,KENZsoft,UK,2002,indie,False,Europe
3976,KESOFTGAMES,Australia,2010,indie,False,Oceania
3977,KEY,USA,2019,indie,False,America
3978,KEYREAL,USA,1976,indie,False,America
3979,KG Game Studuo,Canada,1998,indie,False,America
3980,KG Games,Canada,2003,indie,False,America
3981,KG/AM,Australia,2000,indie,False,Oceania
3982,KGS,Japan,2005,indie,False,Asia
3983,KHALED ALRASHEEDI,France,1996,indie,False,Europe
3984,KHAN Games,France,1980,indie,False,Europe
3985,KIBODO,USA,2006,mid,False,America
3986,KIBODO GAMES,USA,2000,mid,False,America
3987,KIMI's Project,Japan,2021,indie,False,Asia
3988,KIMIDORI SOFT,Russia,1978,mid,False,Europe
3989,KIMYS STUDIOS,USA,1994,indie,False,America
3990,KINYA,Poland,1977,indie,False,Europe
3991,KIXEYE,Germany,2001,indie,False,Europe
3992,KJames,USA,1988,indie,False,America
3993,KKGameJam,Russia,2009,indie,False,Europe
3994,KLASSEN,Australia,1990,indie,False,Oceania
3995,"KOEI TECMO GAMES CO., LTD.",Canada,2007,aaa,False,America
3996,KOG,Canada,2021,indie,False,America
3997,KOL Studio,USA,2019,indie,False,America
3998,KONAMI,USA,1975,mid,False,America
3999,KOTARO YOSHIDA,Russia,1985,indie,False,Europe
4000,KR,Poland,1982,indie,True,Europe
4001,KRAKL Games,Japan,1985,indie,False,Asia
4002,KT Racing,Germany,1983,mid,False,Europe
4003,KT.SOFTWARE,Germany,2000,indie,True,Europe
4004,KTCGames,USA,1993,indie,False,America
4005,KUOKUO,Sweden,1992,indie,False,Europe
4006,KX Games,France,1998,indie,False,Europe
4007,KY XE,USA,1993,indie,False,America
4008,KYEONGSOO JEONG,USA,2014,indie,False,America
4009,KZ42,UK,2013,indie,False,Europe
4010,Ka Hin Yuen,Japan,1996,indie,False,Asia
4011,Kadragon,Canada,1983,indie,False,America
4012,Kaelee Feliciano,Canada,2005,indie,True,America
4013,Kainuu Museum,UK,1984,indie,False,Europe
4014,"Kairosoft Co.,Ltd",Australia,1975,aaa,False,Oceania
4015,KaiserGames,USA,2019,indie,False,America
4016,Kajaani University Of Applied Sciences,Japan,1981,indie,False,Asia
4017,Kajak Games,Japan,1985,indie,False,Asia
4018,Kajoo Games,France,1989,indie,False,Europe
4019,Kaka Ku Games Inc.,USA,1987,indie,False,America
4020,KaleidoGames,Poland,2002,mid,False,Europe
4021,Kallan Dautriche,UK,2014,indie,False,Europe
4022,Kalopsia Games,Sweden,2010,indie,False,Europe
4023,Kalponic Studio,France,1979,indie,False,Europe
4024,KamiCraft,USA,1988,indie,False,America
4025,Kaminariya,USA,1981,indie,False,America
4026,Kaneda Games,Germany,2016,indie,False,Europe
4027,Kanipro Games,UK,2012,indie,False,Europe
4028,KappCan,Australia,2022,indie,False,Oceania
4029,Kara Stone,France,2005,mid,False,Europe
4030,Karaman Games,USA,1989,indie,False,America
4031,KarashiRenkon Hobbies,USA,2014,indie,False,America
4032,Karin Entertainment,USA,1975,indie,False,America
4033,Karl Bujak,Sweden,1978,indie,False,Europe
4034,Karl Lindblom,Russia,2002,indie,False,Europe
4035,Karl Wenzel,UK,2007,indie,False,Europe
4036,Karma Team,USA,2000,indie,False,America
4037,Karmapstudio,UK,2005,indie,False,Europe
4038,Kas1o,Poland,1995,indie,False,Europe
4039,Kasaa Solution,Sweden,1988,indie,False,Europe
4040,Kaspertje,Australia,1992,indie,False,Oceania
4041,Katapult,Poland,2010,indie,False,Europe
4042,Katatema,Canada,1991,indie,False,America
4043,Katelyn Buell,Germany,2002,indie,False,Europe
4044,Katharsis,USA,1998,indie,False,America
4045,Katherine Simons,Russia,1997,indie,False,Europe
4046,Katta Games,USA,2010,indie,False,America
4047,Katus Game,Sweden,1987,indie,False,Europe
4048,Kauê Araujo dos Santos,USA,2022,indie,False,America
4049,Kavorkaplay,USA,1998,indie,False,America
4050,Kawaii Hentai,USA,1994,mid,False,America
4051,Kawaiisun Games,Sweden,1991,indie,False,Europe
4052,Kayisoft,USA,1992,indie,True,America
4053,Kazakhstan Sila Games,USA,2005,indie,False,America
4054,Kazakov Oleg,Australia,2020,indie,False,Oceania
4055,Kazuhide Oka,France,2011,indie,False,Europe
4056,Kazumitsu Ota,Poland,2005,indie,False,Europe
4057,Keanan Pucci,France,2006,indie,False,Europe
4058,Kedexa,Russia,2016,mid,False,Europe
4059,Keen Games GmbH,Russia,1977,indie,False,Europe
4060,Keenan Evans,France,2020,indie,False,Europe
4061,Keffny Charles,Canada,1983,indie,False,America
4062,Kefir build,Poland,1982,indie,False,Europe
4063,Keith Rhymer,France,1978,indie,False,Europe
4064,Keith Ty Havron,Poland,1992,indie,False,Europe
4065,KeithFrost,USA,2014,indie,False,America
4066,Kelarly,UK,2018,indie,False,Europe
4067,Kelli Norris,UK,2020,indie,False,Europe
4068,Kelso-Lamb Games,Australia,2021,indie,False,Oceania
4069,Kemalcan Ustabasi,Japan,2017,indie,False,Asia
4070,Ken Jacobs,Poland,2017,indie,False,Europe
4071,Kenneth Dodrill,USA,2007,indie,False,America
4072,Kenningsly,USA,1986,indie,False,America
4073,Kenny Bier,USA,1987,indie,False,America
4074,Kenny Diaz,UK,2015,indie,False,Europe
4075,Kenshin Game Studio,Poland,1975,indie,False,Europe
4076,Kento Tomonari,Germany,1982,indie,False,Europe
4077,Kerim Kumbasar,Germany,2019,indie,False,Europe
4078,Keslem Oy,Sweden,1980,indie,False,Europe
4079,Ketchup AjiNo Mayonnaise,USA,2021,indie,False,America
4080,Kether Studio,UK,2015,indie,False,Europe
4081,KevKev,Russia,1975,indie,False,Europe
4082,KevTheDev,UK,1980,indie,False,Europe
4083,Kevin Kulendran,Australia,1994,indie,False,Oceania
4084,Kevin Paek,France,1987,indie,False,Europe
4085,Kevin Wacknov,Canada,1994,indie,False,America
4086,Key17 Games,Canada,1986,indie,False,America
4087,KeyboardKrieger,Germany,2001,indie,False,Europe
4088,Khalil Hammouda,USA,1987,indie,False,America
4089,Khud0,USA,2019,indie,False,America
4090,KiWi Studio LLC,USA,1997,indie,False,America
4091,Kibi Games,UK,2016,indie,False,Europe
4092,Kibosso Media,Poland,2018,indie,False,Europe
4093,Kid,USA,2012,indie,False,America
4094,Kiddy,Germany,1988,mid,False,Europe
4095,Kielan xD,Japan,2016,indie,False,Asia
4096,Kiguteam（キグチーム）,Russia,1988,indie,False,Europe
4097,Kiki Castella,Australia,2010,indie,False,Oceania
4098,Killbug Studio,Russia,1980,indie,False,Europe
4099,Killed Pixel Games,USA,1988,indie,False,America
4100,Killer Lobster,USA,1982,indie,False,America
4101,KillerPokeGames,France,2005,indie,False,Europe
4102,Killmonday Games AB,Germany,1998,indie,False,Europe
4103,Kiloo,France,1977,indie,False,Europe
4104,Kimble Games,USA,1997,indie,False,America
4105,Kindermann Corp.,USA,2001,indie,False,America
4106,KineticDog,UK,1981,indie,False,Europe
4107,King Corg Games,UK,1985,indie,False,Europe
4108,King Key Games,USA,1976,mid,False,America
4109,King Kong,France,2012,mid,False,Europe
4110,King Stone,Japan,2000,indie,False,Asia
4111,Kingdom Pots,USA,2021,indie,False,America
4112,Kings and Catapults,UK,2018,indie,False,Europe
4113,Kink Master Studios,USA,1989,mid,False,America
4114,Kinky Fridays,Sweden,2007,indie,False,Europe
4115,Kinn Chen,Japan,1992,indie,False,Asia
4116,KipFlip,UK,1976,indie,False,Europe
4117,Kiran M,USA,1994,indie,False,America
4118,Kirill Kovalchuk,Australia,2008,indie,False,Oceania
4119,Kiririn,Australia,1983,indie,False,Oceania
4120,Kiro Games,UK,1978,indie,False,Europe
4121,Kishan Emens (dev),UK,1984,indie,False,Europe
4122,Kisimul Studio,Japan,1985,indie,False,Asia
4123,Kit Gardner,France,1987,indie,False,Europe
4124,Kit Martin,UK,1980,indie,False,Europe
4125,Kitadashi,Poland,2002,indie,False,Europe
4126,Kitfox Games,USA,2018,indie,False,America
4127,Kitsu Games,Russia,1975,mid,False,Europe
4128,Kitsunebival,UK,2005,indie,False,Europe
4129,Kitten Cup Studio,UK,1988,indie,False,Europe
4130,Kitty,France,2004,indie,False,Europe
4131,Kiwiforge,Russia,1981,indie,False,Europe
4132,Kiz Studios,UK,1983,indie,False,Europe
4133,Klayser,UK,1993,indie,False,Europe
4134,Kleber Augusto Wilcke,Canada,2002,indie,False,America
4135,Klei Entertainment,Germany,1997,indie,False,Europe
4136,Klonk Games,Russia,2012,indie,True,Europe
4137,Klothscape,Sweden,1986,indie,False,Europe
4138,"Kluge Strategic, LLC",UK,1996,indie,False,Europe
4139,Kman Studios,USA,2013,indie,False,America
4140,KmanStudios,Sweden,2016,indie,False,Europe
4141,Knifish Games,Japan,1977,indie,False,Asia
4142,Knob Cat Games,Japan,1996,indie,False,Asia
4143,Knuckle Cracker,USA,1984,indie,False,America
4144,Koalabs,UK,2005,indie,True,Europe
4145,Koanai Studios,Australia,2001,indie,False,Oceania
4146,Kobra Studio,UK,2008,indie,False,Europe
4147,Kodansha,Japan,1980,indie,False,Asia
4148,KodiiGames,Canada,2016,indie,False,America
4149,KoheiGallery,Russia,1975,indie,False,Europe
4150,Kokolori Studios,USA,2007,indie,False,America
4151,Koksny.com,Japan,2006,indie,False,Asia
4152,Kokudo Studio,Canada,2002,indie,False,America
4153,Kokutou Umeboshi,UK,1991,mid,False,Europe
4154,KolbasinoGames,USA,2003,indie,False,America
4155,"Konami Digital Entertainment Co., Ltd.",Russia,2020,indie,False,Europe
4156,Konnichiwa Games,Germany,1998,indie,False,Europe
4157,Konnichiwa Games & Media,USA,2002,indie,False,America
4158,Konsordo,UK,2018,indie,False,Europe
4159,Konstantinos Katsoris,USA,2020,indie,False,America
4160,Konstructors,USA,2014,indie,False,America
4161,Koraporation,Japan,1978,indie,False,Asia
4162,Kore Meta Inc.,USA,2006,indie,False,America
4163,Korion Interactive,USA,2013,mid,False,America
4164,Korpi Games Oy,USA,1996,indie,False,America
4165,Korpus,Russia,1976,indie,False,Europe
4166,KorteGames,USA,1997,indie,False,America
4167,Korvinrular,Japan,1994,indie,False,Asia
4168,Kosmo Cat,Germany,1997,indie,False,Europe
4169,Kotovodk Studio,Germany,2000,aaa,False,Europe
4170,Kourov Vyacheslav,USA,1981,indie,False,America
4171,Kovaldevlog,USA,2006,indie,False,America
4172,Kraken Games,USA,2004,indie,False,America
4173,Kraken Ink.,USA,2021,indie,False,America
4174,Kreativitetsbanken,Germany,1977,indie,False,Europe
4175,Krillbite Studio,UK,1984,indie,False,Europe
4176,Krish Shrikumar,Canada,1981,mid,False,America
4177,Kristopher Werlinder,Australia,1980,indie,False,Oceania
4178,Krome Studios,France,1994,mid,False,Europe
4179,Krujoko,USA,2022,mid,False,America
4180,Krylov Viktor,France,1980,indie,False,Europe
4181,KuKo,Japan,1982,aaa,False,Asia
4182,Kubilay Dekin,Germany,1994,indie,False,Europe
4183,Kubili,Germany,1990,indie,False,Europe
4184,Kukouri Mobile Entertainment,USA,2011,indie,False,America
4185,Kumao,Russia,2002,indie,False,Europe
4186,Kumkwat Entertainment,Canada,1986,indie,False,America
4187,Kumogakure.,Canada,2013,indie,False,America
4188,Kung Fu Robots LLC,USA,1993,indie,False,America
4189,Kuno Interactive,UK,1976,indie,False,Europe
4190,Kurayami Yume Games,France,1992,indie,False,Europe
4191,Kurechii,Germany,2015,indie,False,Europe
4192,Kuroki Yume,USA,1976,indie,False,America
4193,Kuupu,USA,2014,indie,False,America
4194,Kuzcopia,Canada,2004,indie,False,America
4195,Kverta Limited,France,1996,indie,False,Europe
4196,Kwak Jiho,Japan,2010,indie,True,Asia
4197,Kwan To Leung,UK,1997,indie,False,Europe
4198,KxONE,USA,2022,mid,False,America
4199,Kyle Kerlikowske,Germany,1985,indie,False,Europe
4200,Kyle Obranovic,USA,1977,mid,False,America
4201,Kyle Rodgers,Germany,1980,indie,False,Europe
4202,Kylie Wester,Germany,1997,indie,False,Europe
4203,"Kynapsis, Lda",Russia,2008,indie,False,Europe
4204,Kyrylo Kuzyk,USA,1995,indie,False,America
4205,Kyuubinx Prototype,Japan,1984,indie,False,Asia
4206,Kyy Games,USA,1997,indie,False,America
4207,L&P,UK,1976,indie,False,Europe
4208,L. Stotch,USA,2022,mid,False,America
4209,L4S Games,USA,2009,indie,False,America
4210,LANGYA,France,1982,indie,False,Europe
4211,LAS Team,USA,1982,indie,False,America
4212,LASTONE,USA,1985,indie,False,America
4213,LB,Australia,2000,indie,False,Oceania
4214,LBR games,UK,1988,indie,False,Europe
4215,LC Game,Germany,1995,indie,False,Europe
4216,LEGION GAMES,France,2017,indie,False,Europe
4217,LFB Studios,Australia,2015,indie,False,Oceania
4218,LFR games,Germany,2000,indie,False,Europe
4219,LGT SIA,UK,2004,aaa,False,Europe
4220,LGV,Sweden,1985,mid,False,Europe
4221,LHP,USA,1993,indie,True,America
4222,LIANGJIANGPING,Poland,2004,indie,False,Europe
4223,LIDO GAMES,Canada,1981,indie,False,America
4224,LINE Games Corporation,France,2001,mid,False,Europe
4225,LION STUDIO TEAM,France,2014,indie,False,Europe
4226,LIONHEART GAMING,France,2007,indie,False,Europe
4227,LM2play,Germany,2021,indie,False,Europe
4228,LN,USA,2014,mid,False,America
4229,LOOT Interactive,Germany,2005,indie,False,Europe
4230,LOTE Team,Australia,1976,indie,False,Oceania
4231,LS  Studio,Sweden,2016,indie,False,Europe
4232,LSG Games,Japan,1987,indie,False,Asia
4233,LSGames,USA,1998,indie,False,America
4234,LSJ Productions,USA,2005,indie,False,America
4235,LST Games,Sweden,1995,indie,False,Europe
4236,LTZ,USA,1976,mid,False,America
4237,LTZinc,Japan,1990,aaa,False,Asia
4238,LU,Japan,1990,indie,False,Asia
4239,LU QI,Australia,2007,mid,False,Oceania
4240,LUZSTARDOM,Russia,1996,indie,False,Europe
4241,LV WEI,Sweden,1990,indie,False,Europe
4242,LXHX,Australia,1975,indie,False,Oceania
4243,LY-GAME,Canada,2001,indie,False,America
4244,LYS,Australia,1999,indie,False,Oceania
4245,La Cosa,UK,1991,indie,False,Europe
4246,La Grange,Germany,2020,indie,False,Europe
4247,La Spina Francesco,France,2009,indie,False,Europe
4248,Lab Rabbit Games ltd,Japan,2021,indie,False,Asia
4249,Lab42,Poland,2021,indie,False,Europe
4250,Laboratory Systems,UK,2020,indie,False,Europe
4251,Laceee,France,2003,indie,False,Europe
4252,Lached Up Games,USA,1984,indie,False,America
4253,Lachlan Woods,Russia,2012,indie,False,Europe
4254,Ladomu,USA,1985,indie,False,America
4255,Laela Russell,France,1984,indie,False,Europe
4256,Lai Ze Ren,Russia,1988,indie,False,Europe
4257,Laina Interactive,UK,2019,indie,False,Europe
4258,Lakeview Interactive LLC,Sweden,2006,indie,False,Europe
4259,Lala Garuda,Russia,1996,indie,False,Europe
4260,Lam Games,Japan,2003,indie,False,Asia
4261,Lamapotato,Germany,2013,indie,True,Europe
4262,Lambhalf,USA,2008,indie,False,America
4263,LameGames,USA,1998,indie,False,America
4264,LampFire,Canada,1994,indie,False,America
4265,Lance Hill,USA,2015,indie,False,America
4266,Land Patricio - Space Indie Studios,Canada,2018,indie,False,America
4267,Landfall,Russia,2019,mid,False,Europe
4268,Lantis,France,1999,indie,False,Europe
4269,LaoMaoGame,USA,1988,indie,False,America
4270,LaoO Studio,USA,1975,indie,False,America
4271,Laoyin,Canada,2022,indie,False,America
4272,Lapioware,Japan,2005,indie,False,Asia
4273,Laptopcoder11,USA,1997,indie,False,America
4274,Larian Studios,Germany,2007,indie,False,Europe
4275,Lars Korden,UK,2006,indie,False,Europe
4276,LarsMidnatt,Sweden,2005,indie,False,Europe
4277,Larsmidnatt,Sweden,1975,indie,False,Europe
4278,Larsonsoft,USA,1989,indie,False,America
4279,LaserOnion,USA,1992,indie,False,America
4280,Lasse Zacho Malver,Canada,1982,indie,False,America
4281,Lasso Games,UK,2004,indie,False,Europe
4282,Last Chicken Games,France,1975,indie,False,Europe
4283,Last Credit Games,Poland,2008,indie,False,Europe
4284,Last Lotus,Russia,1998,indie,False,Europe
4285,Last Man Gaming,UK,1981,indie,False,Europe
4286,Last Quarter Studios,Japan,1992,indie,False,Asia
4287,Last Sundae Studios,Germany,2022,indie,False,Europe
4288,Last Tuesday Games,USA,1978,indie,False,America
4289,Last-Mag Studios,Germany,1990,indie,False,Europe
4290,Lastwhirlwind,Canada,2019,indie,False,America
4291,Late Night Studios,Poland,1989,indie,False,Europe
4292,Late teur t' gem,Japan,1977,indie,False,Asia
4293,Lateralis Heavy Industries,USA,1992,indie,False,America
4294,"Lathebreaker Studio, LLC",USA,1979,indie,False,America
4295,Laumania ApS,USA,1994,indie,False,America
4296,Laura Shigihara,USA,2012,indie,False,America
4297,Laush Dmitriy Sergeevich,Japan,1981,aaa,False,Asia
4298,Lav Games,Russia,1995,indie,False,Europe
4299,LaxieStudios,USA,2005,indie,False,America
4300,Layer Arcade,USA,1987,indie,False,America
4301,Lazarfisch,Germany,2013,indie,False,Europe
4302,Lazrool,Germany,2012,mid,False,Europe
4303,Lazy Acorn Studios,Sweden,2021,indie,False,Europe
4304,Lazy Brain Games,Russia,1987,indie,False,Europe
4305,Lazy Morning Games,France,2004,indie,False,Europe
4306,Lazy Turtle Games,USA,2001,mid,False,America
4307,LeGrudge & Rugged,Japan,1986,indie,False,Asia
4308,Leach Studios,Japan,1993,indie,False,Asia
4309,Lead Money Games,USA,2009,indie,False,America
4310,League of Pros,USA,2010,indie,False,America
4311,Leakage Games,France,1982,indie,False,Europe
4312,Leandro Gabriel,Australia,2006,indie,True,Oceania
4313,LearnDistrict Inc.,Sweden,2007,indie,False,Europe
4314,Leaves Games,USA,1979,indie,False,America
4315,Lee Kangsan,Canada,1981,indie,False,America
4316,Lee Shang Lun,Japan,2015,indie,False,Asia
4317,Lee Songwook,Poland,1987,indie,False,Europe
4318,Legion Infinity Interactive,Russia,1988,indie,False,Europe
4319,Lemon Pohl,UK,2008,indie,False,Europe
4320,LemonVelvet,Canada,2014,indie,False,America
4321,Lemondo Games,Canada,1995,indie,False,America
4322,Lena Louise Elkins,Russia,1985,indie,False,Europe
4323,Lena Raine,France,1985,indie,False,Europe
4324,Lennart Bours,Japan,2005,indie,False,Asia
4325,Lenny,Russia,2021,indie,False,Europe
4326,LeonHeart Studios,Sweden,2005,indie,False,Europe
4327,Leonardo Jorge Monge,Poland,1998,indie,False,Europe
4328,Leonid Bazhanov,UK,1997,indie,False,Europe
4329,Leonie Droege,UK,1994,indie,False,Europe
4330,Leonix,UK,2001,indie,True,Europe
4331,Leppsoft,Sweden,1978,indie,False,Europe
4332,Les Crafteurs,UK,1983,indie,False,Europe
4333,Les Kalifas,Russia,1976,indie,False,Europe
4334,Leslaw Sliwko,USA,2017,indie,False,America
4335,Lessermore,USA,1998,indie,True,America
4336,Lesson of Passion,Japan,1999,mid,False,Asia
4337,Let's go to the Grindhouse,Germany,1987,indie,False,Europe
4338,Leta Games,France,2003,indie,False,Europe
4339,Lettuce Studios,USA,1990,indie,False,America
4340,Lev Gogol,Canada,2021,indie,False,America
4341,Level 11,Australia,1977,indie,False,Oceania
4342,Level Eight AB,UK,2020,indie,False,Europe
4343,Level-Buster Studio,USA,2013,indie,False,America
4344,Level01 Gamestudio,USA,1978,indie,False,America
4345,Leviathan,USA,1998,indie,False,America
4346,LewdTube LLC,USA,2005,indie,False,America
4347,Lewis Spalato,Russia,1995,indie,False,Europe
4348,Li Changchun,Canada,1984,mid,False,America
4349,Liam Clift,Germany,2011,indie,False,Europe
4350,Liam Hanrahan,USA,1990,indie,False,America
4351,Libra Heart,Germany,2017,indie,False,Europe
4352,Lich + Lily,Germany,1993,indie,False,Europe
4353,Lichtblau IT,USA,1979,indie,False,America
4354,Lieb,Canada,2022,indie,False,America
4355,Liens,Poland,2003,indie,False,Europe
4356,Lifelight Entertainment GmbH,USA,1995,indie,False,America
4357,LigaGames,Japan,1996,indie,False,Asia
4358,Light,Australia,1991,indie,False,Oceania
4359,Light Bringer Games inc.,Russia,1976,indie,False,Europe
4360,Light Bulb Engine,France,2002,indie,False,Europe
4361,Light Island,Japan,1978,indie,False,Asia
4362,Light Studio,USA,2007,indie,False,America
4363,Light Vision Interactive,Germany,1977,indie,False,Europe
4364,LightStrings,Sweden,1995,indie,False,Europe
4365,Lighthouse Games,Japan,2011,indie,False,Asia
4366,Lightimpact,USA,1979,indie,False,America
4367,Lightning Rod Games,Australia,1982,indie,False,Oceania
4368,Lightray Games,Russia,1980,indie,False,Europe
4369,Lightshards,Japan,2016,indie,False,Asia
4370,Lightsoutgames,Russia,2018,mid,False,Europe
4371,"Lightspeed Design, Inc.",USA,2003,indie,False,America
4372,Liitle Uncle Studio,Australia,1984,indie,False,Oceania
4373,LikeGames,USA,2016,mid,False,America
4374,Lil Hentai Games,Japan,2019,mid,False,Asia
4375,LillyWelland Inc.,Australia,1976,indie,False,Oceania
4376,LillyWelland inc.,USA,2014,indie,False,America
4377,Limansia Games,USA,1989,indie,False,America
4378,Lime Blossom Studio,USA,1989,indie,False,America
4379,Liminal Logic,Russia,2009,indie,False,Europe
4380,Limitcore.studio,France,2011,indie,False,Europe
4381,Limited Bits,Sweden,2020,indie,False,Europe
4382,Limited Input,USA,1984,indie,False,America
4383,Limited Run Games,USA,1976,indie,False,America
4384,Limitless Gamez,Australia,1977,mid,False,Oceania
4385,Lin Jiaping,Germany,1979,indie,False,Europe
4386,Lin Lin,UK,1989,indie,False,Europe
4387,Lin Meyer,USA,1985,indie,False,America
4388,LinQ,USA,1988,indie,False,America
4389,LineChill,USA,2003,indie,False,America
4390,Ling Hun Project,Australia,1976,indie,False,Oceania
4391,Lingon Studios,Russia,2022,indie,False,Europe
4392,Lingtan Studio,USA,2003,indie,False,America
4393,LinkSolutions Ltd.,USA,1999,indie,False,America
4394,Linke Huang,USA,1986,indie,False,America
4395,Linked Bits,Germany,2008,indie,False,Europe
4396,Linked Squad,Russia,1982,indie,False,Europe
4397,Linkflag Studio,Russia,1997,indie,False,Europe
4398,Linky317,UK,1987,indie,False,Europe
4399,Lino Rabolini,USA,2007,indie,False,America
4400,Lino Slahuschek,USA,1982,indie,False,America
4401,Lion game Lion,USA,1999,indie,False,America
4402,LionDev,UK,1981,indie,False,Europe
4403,Lions Games Entertainment,Australia,1979,indie,False,Oceania
4404,Liquid Beaver Studios,Poland,1994,indie,False,Europe
4405,Liquid Darkness,Canada,2016,indie,False,America
4406,Liquid Pug,UK,2005,indie,True,Europe
4407,Lisa Voronova,Australia,2021,indie,False,Oceania
4408,Listener Online II Inc,UK,1984,indie,False,Europe
4409,LiterallyEveryone Games,USA,1975,indie,False,America
4410,Little Black Book Entertainment,USA,2019,indie,False,America
4411,Little Cloud Games,USA,2013,indie,False,America
4412,Little Denis Games,Poland,2017,indie,False,Europe
4413,Little Dreams Gaming,France,1985,indie,False,Europe
4414,Little Martian Games,USA,2008,indie,False,America
4415,Little Smart Planet,Russia,2017,indie,False,Europe
4416,Little Tiger Game,Sweden,1982,indie,False,Europe
4417,Little World Studio,USA,1988,indie,False,America
4418,Litty Games,France,1991,indie,False,Europe
4419,Liujiajun,USA,1976,mid,False,America
4420,Live CGI,Sweden,1977,indie,False,Europe
4421,Live Motion Games,USA,2001,mid,True,America
4422,Living Books,UK,2013,indie,False,Europe
4423,LixDSL,USA,1981,indie,True,America
4424,Lixep Games,Sweden,1980,indie,False,Europe
4425,LizardFactory,USA,2005,indie,False,America
4426,LoPoly Games,UK,2009,indie,False,Europe
4427,LoadUpGames.com,Poland,2015,mid,True,Europe
4428,Loaded Deck Games,Japan,1991,indie,False,Asia
4429,Loading Home,France,1998,indie,False,Europe
4430,Loafsoft,France,1981,indie,False,Europe
4431,Loboda Maksym,Russia,2011,indie,False,Europe
4432,Lobster Games,USA,1983,indie,False,America
4433,Locojoy Games,USA,2017,indie,False,America
4434,Locomotivah,USA,2000,indie,False,America
4435,Lodder Digital Media,France,1990,indie,False,Europe
4436,Log Games Ltd,USA,2017,indie,False,America
4437,Logan Apple,Canada,2004,indie,False,America
4438,Logan Bailey,Japan,2011,indie,False,Asia
4439,Logic Artists,USA,1983,indie,False,America
4440,Logisk Studio Inc.,UK,1984,indie,False,Europe
4441,Loju,Sweden,1977,indie,False,Europe
4442,Lokator Studio,Russia,2015,indie,True,Europe
4443,Londer Software,USA,1986,indie,True,America
4444,Lone Artisan Games,France,1990,indie,False,Europe
4445,Lonely Frontier Studio,UK,2011,indie,False,Europe
4446,Lonely Troops,Poland,1987,mid,False,Europe
4447,Lonepiece,Poland,2011,indie,False,Europe
4448,Long Pause Entertainment,Australia,2004,indie,False,Oceania
4449,Long Qi  Software Technology,Germany,1982,indie,False,Europe
4450,Long Wing Studio,France,2007,indie,False,Europe
4451,LongYou Game Studio,UK,1986,indie,False,Europe
4452,Longbow Games,Russia,2006,mid,False,Europe
4453,Longmire Studio,Japan,1981,indie,False,Asia
4454,Loolust,UK,2008,indie,False,Europe
4455,LoongCharm,Russia,2002,indie,False,Europe
4456,Loony Code,Australia,1983,indie,False,Oceania
4457,LoopyMood,Australia,1982,indie,False,Oceania
4458,Looterkings,Canada,1983,indie,False,America
4459,Lord Rutsah,UK,2002,indie,False,Europe
4460,Lord of the Stack,Sweden,2007,indie,False,Europe
4461,Lore Games,Poland,2007,indie,False,Europe
4462,Lorenzo Entertainment,Poland,1989,indie,False,Europe
4463,Lorenzo Redaelli,USA,2022,indie,False,America
4464,Lorenzo Romero,France,1984,indie,False,Europe
4465,Lose,Germany,1978,indie,False,Europe
4466,Lost Art Studios,UK,1989,indie,False,Europe
4467,Lost Astronaut Studios,Australia,1985,indie,False,Oceania
4468,Lost Bazaar developers,USA,1985,indie,False,America
4469,Lost Heart,Poland,1989,indie,False,Europe
4470,Lotus Innovations,Russia,1984,indie,False,Europe
4471,"Loud King Studios, LLC",Australia,2002,indie,False,Oceania
4472,Loudpak Studios,USA,2000,indie,False,America
4473,Louie Inc,Sweden,2001,mid,False,Europe
4474,Louie Waynward,Japan,1983,indie,False,Asia
4475,Louis McTague,USA,1979,indie,False,America
4476,Louka Lemire,Germany,1994,indie,False,Europe
4477,Love Conquers All Games,Canada,2013,indie,False,America
4478,Love Quest Studio,USA,2001,indie,False,America
4479,Love in Space,Japan,1985,mid,False,Asia
4480,Lovely Bytes,Russia,1990,indie,False,Europe
4481,Lovely Games,USA,2001,mid,False,America
4482,Lovenuts,USA,1997,indie,False,America
4483,Lovixsama,Australia,1992,indie,False,Oceania
4484,Low Level Game Dev,UK,2021,indie,False,Europe
4485,Lowkey GameDev,Australia,1984,indie,False,Oceania
4486,Loxarc Inc.,USA,1992,indie,False,America
4487,Lozange Lab,USA,1982,mid,False,America
4488,Lsgamedev,Germany,2015,indie,False,Europe
4489,Lu,USA,2003,indie,False,America
4490,LuCapy Studio,USA,2022,indie,False,America
4491,LuQui,USA,2021,indie,False,America
4492,Luamar Games,USA,1977,indie,False,America
4493,Luan Chenghao,Sweden,1982,indie,False,Europe
4494,"Luca ""Fox"" Giovani",Japan,1985,indie,False,Asia
4495,Luca Favano,Canada,2006,indie,False,America
4496,Luca Morello,USA,1981,indie,False,America
4497,Luca Quattrini,Canada,2013,indie,False,America
4498,Lucaciu Studio,USA,2017,indie,False,America
4499,Lucas Fernandez,Canada,2002,mid,False,America
4500,Lucas Fuchs,France,1992,indie,False,Europe
4501,Lucas Le Slo,Canada,1991,indie,False,America
4502,Lucas Molina,UK,2017,indie,False,Europe
4503,Lucas Paes Barreto Janela,Australia,1980,indie,True,Oceania
4504,LucasGame,Canada,2006,indie,False,America
4505,Luciano Pereira,Japan,2012,indie,False,Asia
4506,Lucid Dreams Studio,USA,2020,indie,False,America
4507,Lucid Games Ltd,France,2011,indie,False,Europe
4508,Lucid Pixel,Japan,2017,indie,False,Asia
4509,Lucid Silence Games,France,2012,indie,False,Europe
4510,Lucius Braunstein,France,1981,indie,False,Europe
4511,Lucky Duck Games,USA,1990,indie,False,America
4512,Lucky Loot studio,Canada,2013,indie,False,America
4513,Lucky owl,UK,2022,indie,True,Europe
4514,Luden.io,France,2003,indie,False,Europe
4515,Ludetis UG (haftungsbeschr.),Germany,2008,indie,True,Europe
4516,Ludo Land,UK,2015,indie,False,Europe
4517,Ludokultur,Japan,1976,indie,False,Asia
4518,Ludomancer,USA,2015,indie,False,America
4519,Ludomo Gamestudio,USA,2001,indie,False,America
4520,Ludosity,Canada,1991,mid,False,America
4521,Ludvig Larsson,Canada,1997,indie,False,America
4522,Luis Diaz,USA,2003,indie,False,America
4523,Luis Fae,UK,2019,indie,False,Europe
4524,Luis Felipe Pimenta,USA,1985,indie,False,America
4525,Luis G. Bento,Russia,2010,indie,False,Europe
4526,Luis Luna,Russia,1997,indie,False,Europe
4527,Luis Schmitz,USA,2006,indie,False,America
4528,Lukas Navratil,UK,2014,indie,False,Europe
4529,Lukas Tokar,Russia,1989,indie,False,Europe
4530,Lukas Trötzmüller,UK,2021,indie,False,Europe
4531,Luke Cripps,UK,2014,indie,False,Europe
4532,Luke Edwards,USA,1999,indie,False,America
4533,Luke Sanderson,Poland,2006,indie,False,Europe
4534,Luke Toons,Russia,1998,indie,False,Europe
4535,Luke Wenke,Australia,1995,indie,True,Oceania
4536,LukeMans,USA,1994,indie,False,America
4537,Lukudev,Canada,2010,indie,False,America
4538,Lukáš Vorlíček,Germany,1986,indie,False,Europe
4539,Lulalaby,Canada,1987,indie,False,America
4540,Lulu Bear Studio,Canada,2017,indie,False,America
4541,Lumenox ehf,USA,2020,indie,False,America
4542,LuminEye Limited,UK,1983,indie,False,Europe
4543,Lumorama,USA,2022,indie,False,America
4544,Luna Apps,Sweden,1993,indie,False,Europe
4545,Luna Orion,Australia,1995,indie,False,Oceania
4546,LunaFrost Studio,Japan,1977,indie,False,Asia
4547,LunaSmith,USA,1992,indie,True,America
4548,Lunagames,USA,2019,indie,False,America
4549,Lunar Burst,USA,1989,indie,False,America
4550,Lunar Collapse,Poland,1984,indie,True,Europe
4551,Lunar Division,USA,1976,indie,False,America
4552,Lunar Great Wall Studios,Japan,2003,indie,False,Asia
4553,Lunar Madcap,Germany,2011,indie,False,Europe
4554,LunarCitySeven,USA,2008,indie,False,America
4555,LunarCore Games,France,1999,indie,False,Europe
4556,Lunarhellgames,Canada,1998,indie,False,America
4557,Lunaris Aeterna,USA,1998,indie,False,America
4558,Lunaris Games,Sweden,1990,indie,False,Europe
4559,Lunatinc,UK,2019,indie,False,Europe
4560,Luois Games,Poland,2019,indie,False,Europe
4561,Luoti Games,Germany,1983,indie,False,Europe
4562,Luphi Interactive,Sweden,2007,indie,False,Europe
4563,Lushboy Studios,Germany,1981,indie,False,Europe
4564,Lusus Digital,France,2021,indie,False,Europe
4565,LuteGames,Canada,2010,indie,False,America
4566,Luven Interactive LTD,USA,1992,indie,False,America
4567,Lux Games,USA,2014,indie,False,America
4568,Luxe Haven Games,Germany,1979,indie,False,Europe
4569,Lxy,USA,2010,indie,False,America
4570,Lycian Studio,France,1997,indie,False,Europe
4571,Lynkpin Game,Canada,1979,indie,False,America
4572,LzBoY,USA,2021,indie,False,America
4573,Léo-Games,USA,2021,indie,True,America
4574,M,Germany,2002,indie,False,Europe
4575,M&H Soft,Australia,2000,indie,False,Oceania
4576,M-slam,Japan,2009,indie,False,Asia
4577,M.C Games,UK,1989,indie,False,Europe
4578,M.R.Studio,Sweden,2001,indie,False,Europe
4579,"M2 Co.,LTD",Germany,2018,mid,False,Europe
4580,M2H,Poland,2014,indie,False,Europe
4581,M30Wgames,Russia,2012,indie,False,Europe
4582,M329,Australia,2014,indie,False,Oceania
4583,M3DS,UK,1985,indie,False,Europe
4584,MA Game,USA,2013,indie,False,America
4585,MACKINN7,Australia,1986,mid,True,Oceania
4586,MAD TRIO,Sweden,2021,indie,False,Europe
4587,MAGES. Inc.,USA,2000,mid,False,America
4588,MAGIX Software GmbH,Australia,1999,aaa,False,Oceania
4589,MAGame,UK,2005,indie,False,Europe
4590,MAINSOLAR entertainment,UK,1981,indie,False,Europe
4591,MAKETAKEGAME17,USA,2002,indie,False,America
4592,MALGOW,Japan,1986,indie,False,Asia
4593,MAMMOTH,USA,1997,indie,False,America
4594,MANGLEDmaw Games,France,1996,indie,False,Europe
4595,MANIAC BOY STUDIO,USA,1991,indie,True,America
4596,MARDONIO COSTA,France,2010,indie,False,Europe
4597,MATANGA GAMES,UK,1985,indie,True,Europe
4598,MATRE,Australia,1975,indie,True,Oceania
4599,MATTGRV,UK,1976,indie,False,Europe
4600,MBPStudio22,Germany,1998,indie,False,Europe
4601,MC Sport,Australia,1987,indie,False,Oceania
4602,MCA,Japan,2009,indie,False,Asia
4603,"MCF Co.,Ltd.",UK,2018,indie,False,Europe
4604,MCG,Germany,2011,indie,False,Europe
4605,MCGame,Japan,1986,mid,False,Asia
4606,MCON,Poland,2003,indie,True,Europe
4607,MDickie,USA,2009,mid,False,America
4608,MEDIUM QUALITY GAMES,Russia,1982,indie,False,Europe
4609,MGP Studios,UK,1993,indie,False,Europe
4610,MGames Studio,Canada,2012,indie,False,America
4611,MI Matrikel 19,Sweden,2006,indie,False,Europe
4612,MI Matrikel 20,USA,2014,indie,False,America
4613,MI Matrikel 21,Sweden,2017,indie,False,Europe
4614,MI Matrikel 22,UK,2003,indie,False,Europe
4615,MIDLANDSTORY Inc.,France,1979,indie,False,Europe
4616,MINO ENTERTAINMENT INC,UK,1990,indie,False,Europe
4617,MIROWIN,Japan,2000,indie,True,Asia
4618,"MISSING GAME STUDIO, LTD.",USA,2005,indie,False,America
4619,MJM Creative Works and ideas,Sweden,2020,indie,False,Europe
4620,MKRUdesign,Germany,2008,indie,False,Europe
4621,MKSM Design LLC,France,2008,indie,False,Europe
4622,MM's Gaming Community LLC,Canada,2008,mid,False,America
4623,MMEU,Germany,1987,indie,False,Europe
4624,MNGOVR,USA,1987,indie,False,America
4625,MOAIX Studios,France,2000,indie,False,Europe
4626,MOEKOUBOU,USA,1976,indie,False,America
4627,MOKKOGRAD,UK,2005,indie,False,Europe
4628,MOONSEER VR,UK,1993,indie,False,Europe
4629,MORPATH,Canada,2008,indie,False,America
4630,MOSS,USA,1980,indie,False,America
4631,MPS Labs,Germany,2011,indie,False,Europe
4632,MPlant Games,France,2022,indie,True,Europe
4633,MSOL,USA,1994,indie,False,America
4634,MSRX22,UK,2009,indie,False,Europe
4635,MURA Interactive,Poland,2002,indie,False,Europe
4636,MWM Interactive,Germany,1986,indie,False,Europe
4637,"MWN TECH.,LTD",Canada,1977,indie,False,America
4638,MXTreality,USA,1986,mid,False,America
4639,MZ Games,Canada,1979,indie,False,America
4640,MZQ,Japan,2011,indie,False,Asia
4641,Ma Ma Software,USA,1999,mid,False,America
4642,MaSeK,Canada,1993,indie,True,America
4643,MacKenzie Kaser,USA,1996,indie,False,America
4644,MacabreM,Australia,1989,indie,False,Oceania
4645,MachHabaneroGames,Poland,1977,indie,False,Europe
4646,Machine Games,Germany,2014,indie,False,Europe
4647,Machine Nun,Sweden,2002,indie,False,Europe
4648,Maciej Targoni,Canada,2015,mid,False,America
4649,Mad Data,Australia,2016,indie,False,Oceania
4650,Mad Head Games,USA,2019,mid,True,America
4651,Mad Mag Store,Poland,1999,indie,False,Europe
4652,Mad Science Labs,Sweden,2006,indie,False,Europe
4653,Mad Scientist Studios,USA,2019,indie,False,America
4654,MadGamesmith,Canada,2003,mid,False,America
4655,MadOptimist Games,Canada,1979,indie,False,America
4656,Madar Games,USA,2006,indie,False,America
4657,Made In Holo,Germany,1985,indie,False,Europe
4658,Madeline Berger,USA,2018,indie,False,America
4659,Madison Karrh,Canada,1993,indie,False,America
4660,Madnukin,USA,2011,indie,False,America
4661,Mado,Russia,2000,indie,False,Europe
4662,Madorium,Sweden,1980,indie,False,Europe
4663,Madosoft,Japan,1983,indie,False,Asia
4664,Madowl Games,USA,2005,indie,False,America
4665,Mads & Friends,USA,1999,indie,False,America
4666,Madsug,Russia,1979,indie,False,Europe
4667,Mael Vignaux,France,2003,indie,False,Europe
4668,Maestro Cinetik,Japan,1977,mid,False,Asia
4669,Maestro Créations,Japan,1987,indie,False,Asia
4670,Maestro Games SPC,Canada,1977,indie,False,America
4671,Magellan Limited,Australia,1996,indie,False,Oceania
4672,Magic Art Hat,USA,1986,indie,False,America
4673,Magic Buya,USA,2016,indie,False,America
4674,Magic Chopstick Games,UK,1993,indie,False,Europe
4675,Magic Cuisine,USA,2015,indie,False,America
4676,Magic Era,France,2003,indie,True,Europe
4677,Magic Light Team,Japan,1990,indie,False,Asia
4678,Magic Pie,USA,1985,mid,False,America
4679,Magic Pockets,Australia,1978,indie,False,Oceania
4680,Magic Potion Games,USA,2008,indie,False,America
4681,MagicBenchVN,France,1985,indie,False,Europe
4682,MagicHouse,UK,1977,indie,False,Europe
4683,MagicIndie,USA,1989,mid,True,America
4684,MagicaLuv,USA,1978,mid,False,America
4685,Magicvalley Studio,Russia,1982,indie,False,Europe
4686,Magiko Gaming,Russia,1977,indie,False,Europe
4687,Magnifica,USA,2016,indie,False,America
4688,Magnus Muscle,Japan,2011,indie,False,Asia
4689,Magory.net,USA,2014,indie,False,America
4690,Maiden Gaming Inc.,Sweden,1990,indie,False,Europe
4691,Majao Games,France,1997,indie,False,Europe
4692,Major Parus Games,France,2005,indie,False,Europe
4693,Makeshift Software Inc,USA,2009,indie,False,America
4694,MakhamDev,USA,1993,indie,False,America
4695,Maki Toguro,USA,1999,indie,False,America
4696,Makivision,Sweden,1998,indie,False,Europe
4697,Makivision Games,Japan,1994,mid,False,Asia
4698,Maksym Kanshin,Japan,2020,indie,False,Asia
4699,Male Doll,Poland,2000,indie,False,Europe
4700,Male Doll Stories,France,1988,mid,False,Europe
4701,Malicious Tree Games,Japan,2001,indie,False,Asia
4702,Maliq Brown,Japan,1999,indie,False,Asia
4703,Malo Hilliard,UK,2017,indie,False,Europe
4704,Malonik,Canada,1988,indie,False,America
4705,Maltakreuz,Canada,2011,indie,False,America
4706,Mammalian Machine,Sweden,2017,indie,False,Europe
4707,Man of culture,UK,2004,indie,False,Europe
4708,Man-Eater Games,Russia,2001,indie,False,Europe
4709,ManBeardGames,UK,2000,indie,False,Europe
4710,Manarock,USA,2016,indie,False,America
4711,Mandese Games,Sweden,2014,indie,False,Europe
4712,Mandinga,USA,1996,indie,False,America
4713,Mandlebar,USA,1999,indie,False,America
4714,Mangammis,Japan,2003,indie,True,Asia
4715,Mango Protocol,USA,2011,indie,False,America
4716,Mango tea,USA,2022,indie,False,America
4717,Maniac Solution,Russia,2016,indie,False,Europe
4718,Maniamind,Russia,1987,indie,False,Europe
4719,Manic Game Studios,UK,1990,indie,False,Europe
4720,Manic Mice,USA,2006,indie,False,America
4721,Mannon Zane Wallace,Sweden,2014,indie,False,Europe
4722,Mantis,France,1977,indie,False,Europe
4723,Mantra,Russia,1980,indie,True,Europe
4724,ManuEcheveste,Sweden,1978,indie,False,Europe
4725,Manual,USA,1997,indie,False,America
4726,Manuel Pazos,USA,1988,indie,False,America
4727,Manufacture 43,USA,2014,indie,False,America
4728,MaouCat Studio / 魔王貓工作室,Germany,2003,indie,False,Europe
4729,Marafigo Games,Canada,1993,indie,False,America
4730,Marangon Productions,Russia,1985,indie,False,Europe
4731,Marc Kletz,USA,2001,indie,False,America
4732,Marc van Niekerk,Sweden,2001,indie,False,Europe
4733,Marcel Kuebler Software,Germany,2005,indie,False,Europe
4734,Marcelo Aparecido de Almeida Junior,USA,1990,indie,False,America
4735,March Entertainment,France,1984,indie,False,Europe
4736,Marcial Gutierrez,USA,1977,indie,False,America
4737,MarcialART,UK,1999,indie,False,Europe
4738,Marcin Kubala,Russia,2012,indie,False,Europe
4739,Marco Braun,Poland,2003,indie,False,Europe
4740,Marco Hirschfeld,USA,1976,mid,False,America
4741,Marco Marco,Australia,2011,indie,False,Oceania
4742,Marco S Hampel,UK,1980,indie,False,Europe
4743,Marco Venditto,USA,1983,indie,False,America
4744,Marcus Andersson,Canada,1984,indie,False,America
4745,Marek Večeřa,Sweden,2017,indie,False,Europe
4746,Marginal act,France,1993,mid,False,Europe
4747,Mari-Anna Lepasson,Australia,1980,indie,False,Oceania
4748,Marimori,Australia,2006,indie,True,Oceania
4749,Marina Kittaka,Sweden,2001,indie,False,Europe
4750,Mario Roberto da Silva,UK,1991,indie,False,Europe
4751,Mario von Rickenbach,USA,2008,indie,False,America
4752,Marion L'asticot,USA,1995,indie,False,America
4753,Marius Axe,USA,1990,indie,False,America
4754,Mariusz Gajewski,USA,2002,indie,False,America
4755,Mark Ainsworth,USA,2017,mid,False,America
4756,Mark Green,USA,2010,indie,True,America
4757,Mark Miller Studios,Sweden,2014,indie,True,Europe
4758,Mark Nusser,Germany,1994,indie,False,Europe
4759,Mark Radocy,Sweden,1999,indie,False,Europe
4760,Mark Schramm,Canada,1992,indie,False,America
4761,Markus Korda,UK,2007,indie,False,Europe
4762,Marmalade,Russia,2001,indie,False,Europe
4763,Marmalade Game Studio Ltd,USA,1997,indie,False,America
4764,Marquis Kurt,Germany,2006,indie,False,Europe
4765,Mars On Fire,USA,2003,indie,False,America
4766,Marsh533,USA,2017,indie,False,America
4767,Martha Magsombol,Poland,1982,indie,True,Europe
4768,Martijn Dhondt,USA,1981,indie,False,America
4769,Martin Chrzan,USA,1979,indie,False,America
4770,Martin Helvig,Russia,1980,indie,False,Europe
4771,Martin Nayeri,USA,1975,indie,False,America
4772,Martin Pichler,UK,2014,indie,False,Europe
4773,Martin Simeth,Germany,2004,indie,False,Europe
4774,Martyr Games Studio,UK,2017,indie,False,Europe
4775,Martín Díaz,USA,2020,indie,False,America
4776,Maru Project Develop Team,Sweden,1980,indie,False,Europe
4777,Maru VR Productions,Canada,1980,indie,True,America
4778,Marudice,Russia,1989,mid,False,Europe
4779,Marvellous Soft,Canada,1999,indie,False,America
4780,Marvelous Inc.,Germany,2005,mid,False,Europe
4781,Mary Ellis,Canada,2006,indie,False,America
4782,Maryvelma O'Neil,USA,1993,indie,False,America
4783,Mason Butterwick,Germany,1978,indie,False,Europe
4784,Mass Creation,Japan,1980,indie,False,Asia
4785,MassDigi,USA,1984,indie,False,America
4786,"Massive Damage, Inc.",Germany,1987,indie,False,Europe
4787,Massive Development,Canada,1979,indie,False,America
4788,Massive Entertainment – A Ubisoft Studio,Poland,1989,indie,False,Europe
4789,Massive Work Studio,France,2012,indie,False,Europe
4790,Master Plan Multimedia,UK,2015,indie,False,Europe
4791,Mastery VR,Japan,1997,indie,False,Asia
4792,Mastfire Studios Pty Ltd,Germany,2016,indie,False,Europe
4793,Mastodonte,Canada,1993,indie,False,America
4794,Maston,USA,1979,indie,False,America
4795,Mat'ndCo,Sweden,1978,indie,False,Europe
4796,Mata,Poland,1980,indie,False,Europe
4797,Matej 'Retro' Jan,Sweden,2003,indie,True,Europe
4798,Materik AB,Russia,1980,indie,False,Europe
4799,Mates in Space,Russia,1998,indie,False,Europe
4800,Mathias Jess Pedersen,France,1979,indie,False,Europe
4801,Mathias Kapelrud,Canada,1995,indie,False,America
4802,Maticolotto,Russia,2005,indie,False,Europe
4803,Matrix,UK,2006,indie,False,Europe
4804,Matrixcore Studio,Australia,1987,indie,False,Oceania
4805,Matt Games,USA,2019,indie,False,America
4806,Matt Lloyd,Japan,2004,mid,False,Asia
4807,Matt McGreevy,Russia,2000,indie,False,Europe
4808,Matt Schostek,Sweden,2003,indie,False,Europe
4809,Matt Workman,Canada,1999,indie,False,America
4810,Matteo D'Alessandro,USA,1983,indie,False,America
4811,Matthew Board,UK,2015,indie,False,Europe
4812,Matthew Crickmore,UK,2002,indie,False,Europe
4813,Matthew Davis,France,1986,indie,False,Europe
4814,Matthew Eis,Australia,1988,indie,False,Oceania
4815,Matthew Finitz,UK,1984,indie,False,Europe
4816,Matthew Hayter,USA,2006,indie,False,America
4817,Matthew Ricci,UK,2010,indie,False,Europe
4818,Matus Pavkeje,USA,2013,indie,False,America
4819,Maulidan Games,Japan,1985,indie,False,Asia
4820,Maus Software,France,1997,indie,False,Europe
4821,Maverick,USA,1995,indie,False,America
4822,Max Pedro,France,1984,mid,False,Europe
4823,Max Valentino Calderon Reyes,Australia,1988,indie,False,Oceania
4824,Maxeymus Games,USA,1994,indie,False,America
4825,Maxi Boch,UK,1994,indie,False,Europe
4826,Maxime Pointet,Japan,1982,indie,False,Asia
4827,Maximilian Strohmayr,Germany,1996,indie,False,Europe
4828,Maximum Entertainment,Russia,1983,indie,False,Europe
4829,Maxwell Play,Australia,1979,indie,True,Oceania
4830,Maxwell Volz,UK,1990,indie,False,Europe
4831,Maya Bloem,UK,1989,indie,False,Europe
4832,Mayank Singh,Sweden,2015,indie,False,Europe
4833,Maybe Later Games,Australia,1992,indie,False,Oceania
4834,Mayham Games,Germany,1996,indie,False,Europe
4835,Mayhem Games USA,Sweden,1995,indie,False,Europe
4836,MayoNinja Games,Germany,1989,indie,False,Europe
4837,Mayouma Studio,France,1990,indie,False,Europe
4838,Mazemind,Japan,1976,indie,False,Asia
4839,Me Games,Sweden,1999,indie,False,Europe
4840,Mean Mink,France,1980,indie,False,Europe
4841,Meaty Ore Games,Japan,2021,mid,False,Asia
4842,MecHead Games,Japan,1987,indie,False,Asia
4843,Mechabit Ltd,USA,1984,indie,False,America
4844,Mechanical Boss,Russia,2005,indie,False,Europe
4845,Mechanical Brain,France,1995,indie,False,Europe
4846,Mechanical Monocle,France,2010,indie,False,Europe
4847,Media Art,USA,1995,indie,False,America
4848,MedievalNexus,UK,2009,indie,False,Europe
4849,Mediocre Game Devel,Poland,1987,indie,False,Europe
4850,Medium,Germany,1982,indie,False,Europe
4851,Meepower,USA,1987,mid,False,America
4852,Meg Gravatt,Japan,1990,indie,False,Asia
4853,MegaPixel Studio S. A.,Japan,1975,indie,False,Asia
4854,Megadev,USA,1993,indie,True,America
4855,Megalith Interactive Studios,France,2001,indie,False,Europe
4856,Megaslow Studio,Japan,1984,indie,False,Asia
4857,Megastorm Games,UK,1985,indie,False,Europe
4858,Megu Studio,Russia,1981,mid,False,Europe
4859,Melancholic Nights Studio,Japan,1987,indie,False,Asia
4860,Melbot,Japan,1985,indie,False,Asia
4861,Melcher Studios,UK,1976,indie,False,Europe
4862,Mellow Armadillo,Poland,2010,indie,False,Europe
4863,MellowStudios,USA,2021,indie,False,America
4864,Melon Games,USA,2002,mid,False,America
4865,Melonhead Games Pty Ltd,UK,1995,indie,False,Europe
4866,Melos Han-Tani,Russia,2016,indie,False,Europe
4867,Memento,Germany,2011,indie,True,Europe
4868,Memory Leak Games,Japan,2021,indie,False,Asia
4869,Meng Games,USA,1979,mid,False,America
4870,Mens Sana Interactive,USA,1981,indie,False,America
4871,Mensh,Australia,1990,indie,False,Oceania
4872,Mentalytics Team,UK,1997,indie,False,Europe
4873,Meow Meow Games,UK,1979,indie,False,Europe
4874,Meowgical Games,Germany,2008,indie,False,Europe
4875,Meraki Goya,Russia,2019,indie,False,Europe
4876,Mergen,Poland,1988,indie,False,Europe
4877,Meridian'93,USA,1991,indie,False,America
4878,Meridian4,USA,2018,indie,False,America
4879,Meridian93 Studio,USA,2019,indie,False,America
4880,Merlin Beer,USA,1989,indie,False,America
4881,Mesmerise Studios,Australia,1983,indie,False,Oceania
4882,Mesmerizers,UK,2015,indie,False,Europe
4883,Metal Kokoro Games,USA,1993,indie,False,America
4884,Mete Deniz,France,2019,indie,False,Europe
4885,Metehan SENER,USA,1987,indie,False,America
4886,Meteo Games Inc.,USA,2012,indie,False,America
4887,MeteorWing,UK,1980,indie,False,Europe
4888,Meteorbyte Studios,UK,1985,indie,False,Europe
4889,Meteorise,USA,1975,indie,False,America
4890,MetroplexWeb.com,Russia,1993,indie,False,Europe
4891,Mevem Game,UK,1999,indie,False,Europe
4892,Mewzur,USA,2013,indie,False,America
4893,Mez,USA,1991,indie,False,America
4894,MhrGames,France,2003,indie,True,Europe
4895,MiCake,France,2016,indie,False,Europe
4896,Mial,Russia,1988,indie,False,Europe
4897,Miami Game Design Club,USA,1981,indie,False,America
4898,Michael Behrens,Sweden,1987,indie,False,Europe
4899,Michael Bell,Canada,1994,indie,False,America
4900,Michael Brough,Canada,2012,indie,False,America
4901,Michael Callaghan,UK,1978,indie,False,Europe
4902,Michael Crabbs,USA,1991,indie,False,America
4903,Michael Crowther,USA,1975,indie,False,America
4904,Michael Gentry,USA,1996,indie,False,America
4905,Michael Hall,Australia,1999,indie,False,Oceania
4906,Michael Josephs,Japan,2000,indie,False,Asia
4907,Michael Long,USA,2006,mid,False,America
4908,Michael Pelletier,Germany,2017,indie,False,Europe
4909,Michael Richard Lannon,USA,2014,indie,False,America
4910,Michael Samyn,USA,1976,indie,False,America
4911,MichaelArts,Poland,1992,indie,False,Europe
4912,Michal Barszczewski,UK,1999,indie,False,Europe
4913,Micheal Allen K. Ackerman,Australia,1981,indie,False,Oceania
4914,Michiel Blancquaert,USA,1987,indie,False,America
4915,MicroBot Games,Russia,1998,indie,False,Europe
4916,MicroProse,UK,1976,indie,False,Europe
4917,"MicroProse Software, Inc.",USA,1982,indie,False,America
4918,Microblast Games,USA,1988,indie,False,America
4919,Microids,France,2018,mid,False,Europe
4920,Microlith Games,Sweden,2005,indie,False,Europe
4921,Microsoft Game Studios,USA,2021,mid,False,America
4922,Microtaur,Poland,2012,indie,False,Europe
4923,Microwave Studios,USA,1976,indie,False,America
4924,Midnart,Japan,2021,indie,False,Asia
4925,Midnight Fantasy,USA,2000,indie,False,America
4926,Midnight Games,USA,2006,mid,False,America
4927,Midnight Sea Studios,Japan,1986,indie,False,Asia
4928,Midon Ltd,Germany,1977,indie,False,Europe
4929,Miel,Australia,1992,mid,False,Oceania
4930,Mifavanila,Canada,1987,indie,False,America
4931,Mifux Studio,USA,1992,indie,False,America
4932,Miga Games,USA,2019,indie,False,America
4933,Mighty Papaya,USA,2016,indie,True,America
4934,Miguel O. Mercado,Germany,2002,indie,False,Europe
4935,Mihai Morosanu,Canada,1989,mid,False,America
4936,Mihiraghi,Russia,1993,indie,False,Europe
4937,Mikail Miller,Germany,2004,indie,False,Europe
4938,Mike Bushell,Germany,1998,indie,False,Europe
4939,Mike Casto,UK,2010,indie,False,Europe
4940,Mike Krow,UK,2015,indie,False,Europe
4941,Mike Ten,USA,2000,indie,False,America
4942,MikeTheTech,Australia,1993,mid,False,Oceania
4943,Mikey D,Canada,2006,mid,False,America
4944,Mikey Houser,UK,2002,indie,False,Europe
4945,Mikki-Boi,USA,1983,indie,False,America
4946,Milan Matonok,UK,2004,indie,False,Europe
4947,Milan Raijmakers,Germany,2018,indie,False,Europe
4948,Milestone S.r.l.,USA,2007,mid,False,America
4949,Milkbag Games,Australia,1984,indie,False,Oceania
4950,Milkcraft Studio,Germany,2022,indie,False,Europe
4951,Milkroom Studios GmbH,Russia,1983,indie,False,Europe
4952,Milkstone Studios,Russia,2019,indie,False,Europe
4953,Millenium Games,Poland,1982,indie,False,Europe
4954,Millwoo Studio,Germany,2008,indie,False,Europe
4955,Milo Brandt,USA,2010,indie,False,America
4956,Milo Wilson,USA,1989,indie,False,America
4957,Milo's Studio,Russia,2006,indie,False,Europe
4958,Milpitians,Canada,1998,indie,False,America
4959,"Miltonius Arts, LLC",UK,2017,indie,False,Europe
4960,MinMax Games Ltd.,USA,1997,indie,False,America
4961,Minaduki Cafe,Canada,1981,indie,False,America
4962,Minami chan,France,1984,indie,False,Europe
4963,Mind Marvels,Sweden,1987,indie,False,Europe
4964,Mind Over Matter Studios,Sweden,2007,indie,False,Europe
4965,Mind Over Melee,Japan,1979,indie,False,Asia
4966,"MindBlocks Studio, LLC",UK,2000,indie,False,Europe
4967,Mindful Mammoth,USA,2015,indie,False,America
4968,MindfulKnight Creations,Poland,1976,indie,True,Europe
4969,MindlessMatrix,USA,1988,indie,False,America
4970,Mindmuscle Games,Russia,1979,indie,False,Europe
4971,Mindware,Japan,1982,indie,False,Asia
4972,Ming Chen,UK,2000,indie,True,Europe
4973,MingCang Studio,Germany,1996,indie,False,Europe
4974,Mingshen Wu,USA,2002,indie,False,America
4975,MiniGang,Sweden,2015,indie,False,Europe
4976,Minicactus Games,USA,2006,mid,False,America
4977,Minimallab,Japan,1997,indie,True,Asia
4978,Minimol Games,Canada,1999,mid,False,America
4979,Mino Games,Russia,2002,indie,False,Europe
4980,Minor Faction,France,1997,indie,False,Europe
4981,Minor Key Games,Canada,1976,indie,False,America
4982,Minsan Pte Ltd,Australia,1980,indie,False,Oceania
4983,Minskworks,Germany,1980,indie,False,Europe
4984,Minstrel Studio,Poland,2015,indie,False,Europe
4985,Mint,Japan,2022,indie,False,Asia
4986,Mintaka Softworks,France,2005,indie,True,Europe
4987,Minus Landscape,UK,2020,indie,False,Europe
4988,Minus2,USA,2001,indie,False,America
4989,Mio Games,Canada,2012,indie,False,America
4990,Mipmap,Russia,2007,indie,False,Europe
4991,Miracle,Japan,2004,indie,False,Asia
4992,MirageV,Germany,2009,indie,False,Europe
4993,Miria Studios,USA,2012,indie,False,America
4994,Miro Yang,Japan,1986,indie,False,Asia
4995,Miroko,USA,1985,indie,True,America
4996,Mischievous Bandit Games,France,2002,indie,False,Europe
4997,Misfit Village,USA,1979,indie,False,America
4998,Misfits Attic,Japan,1975,indie,False,Asia
4999,MishGun,Russia,2016,indie,False,Europe
5000,Mismatched Games,Russia,1977,indie,False,Europe
5001,Missed Approach Interactive,USA,2018,indie,False,America
5002,Missing Middle Games,Japan,2020,indie,False,Asia
5003,MistyMountainStudio,Canada,1982,indie,False,America
5004,Mitch,USA,2022,indie,False,America
5005,Mitch Rickman,France,1976,indie,False,Europe
5006,Mitchell Hepburn,UK,2019,indie,False,Europe
5007,Mitchell Shannon,Canada,2019,indie,False,America
5008,Mitchelson Brooks,Germany,2001,indie,False,Europe
5009,Mithra Interactive,USA,2010,indie,False,America
5010,Mitorah Games,USA,1980,indie,False,America
5011,Mizael Montenegro de Melo Barros,Australia,1997,indie,False,Oceania
5012,Mizoriot Creative Company LTD.,Japan,1990,indie,False,Asia
5013,Mizrab,Sweden,1982,indie,True,Europe
5014,Mk-II,USA,1986,mid,False,America
5015,Mlyst,Japan,2009,indie,False,Asia
5016,Mob Entertainment,USA,1979,indie,False,America
5017,Moback,France,2012,indie,False,Europe
5018,Mobiga Entertainment,Germany,1989,indie,False,Europe
5019,Mobile Pie,UK,2022,indie,False,Europe
5020,Mobile Pie Ltd,USA,1978,indie,False,America
5021,MobileBits,USA,2008,indie,False,America
5022,Mobirate,Germany,1975,indie,False,Europe
5023,MobiusCode,Poland,1995,indie,False,Europe
5024,Mobizen,Poland,1988,indie,False,Europe
5025,Mocove Studio,Japan,2005,indie,False,Asia
5026,ModMaximuss,USA,2010,indie,False,America
5027,Moda Code Games,Germany,1979,indie,False,Europe
5028,Mode 7,USA,2007,indie,False,America
5029,Modern Dream,Russia,2005,indie,False,Europe
5030,Modern Dream Ltd,Australia,2011,indie,False,Oceania
5031,MoeNovel,France,2001,mid,False,Europe
5032,Moeity,UK,1989,indie,False,Europe
5033,Moey,UK,2002,indie,True,Europe
5034,Mojang Studios,UK,2000,indie,True,Europe
5035,Mojiken,Canada,1998,indie,False,America
5036,MojoTouch,France,1989,indie,False,Europe
5037,Molly Games,USA,2014,indie,False,America
5038,Molton Studio,Japan,2001,indie,False,Asia
5039,Momentum,Russia,1985,indie,False,Europe
5040,Momentum Games,Germany,2006,indie,False,Europe
5041,Monabi Games,Japan,1976,indie,False,Asia
5042,"Monarchy Media, LLC",Germany,2020,indie,False,Europe
5043,Monavista dev,USA,2016,indie,True,America
5044,Monkey Craft,USA,1992,indie,False,America
5045,Monkey Moon,Russia,1996,indie,False,Europe
5046,Monolith Productions,Germany,1995,indie,False,Europe
5047,Monster Bath Games Inc.,Poland,2005,indie,False,Europe
5048,Monster Couch,UK,2019,mid,False,Europe
5049,"Monster Games, Inc.",Germany,2018,indie,False,Europe
5050,Monster Paw,France,2011,indie,False,Europe
5051,MonsterAttack,UK,2019,indie,False,Europe
5052,MonsterGaze,UK,2008,indie,False,Europe
5053,"Monstermob USA, INC",USA,2015,indie,False,America
5054,Monstrum,USA,1993,indie,False,America
5055,MonteCube,USA,1995,indie,False,America
5056,Montraluz,Germany,1997,indie,False,Europe
5057,Moolion,USA,1996,indie,False,America
5058,Moon Ice Games,UK,1991,indie,False,Europe
5059,MoonShine Games,France,1987,mid,False,Europe
5060,Mooneye Studios,Sweden,1983,indie,False,Europe
5061,Moonfire Entertainment,Canada,1987,indie,False,America
5062,Moonlight Games,UK,2009,indie,False,Europe
5063,MoonlightGames,USA,2004,indie,False,America
5064,Moonlite Software,USA,2021,indie,False,America
5065,Moonmana,USA,1990,mid,False,America
5066,Moonrise Interactive,Russia,1996,indie,False,Europe
5067,Moonroof Studios,France,2006,indie,False,Europe
5068,Moonshine,UK,2020,indie,False,Europe
5069,Moonshot Games,Germany,2009,indie,False,Europe
5070,Moosopolis Games,USA,1979,indie,False,America
5071,Mopp4Studios,Australia,2010,indie,False,Oceania
5072,"Moragami Co., Ltd",USA,1987,indie,False,America
5073,Morally Gray Net,USA,2006,indie,False,America
5074,MoreNEWttoStudio,Australia,2012,indie,False,Oceania
5075,Moreal Dimension,Japan,2001,indie,False,Asia
5076,Moreflight Studios,USA,2002,indie,False,America
5077,Morf Games,Japan,1981,indie,False,Asia
5078,MorfeoDev,UK,1982,indie,False,Europe
5079,Morgan Houston,USA,1978,indie,True,America
5080,Morgan Vitale,USA,1981,indie,False,America
5081,Morgan Wesemann,USA,1981,indie,False,America
5082,Moritz Nachtigall,Canada,1988,indie,True,America
5083,Morning Herb Studios,France,1978,indie,True,Europe
5084,Morningstar Studios,UK,2014,indie,False,Europe
5085,MortShadow,USA,1990,indie,False,America
5086,Mortatha,France,2011,indie,False,Europe
5087,Mosaic Mask Studio,Sweden,1997,indie,False,Europe
5088,Mosaique Games,USA,2010,indie,False,America
5089,Moshe Linke,Russia,1985,indie,False,Europe
5090,"Moss Co., Ltd.",Poland,1988,indie,False,Europe
5091,Mostly Harmless Games,USA,1985,indie,False,America
5092,Mostly Random Games,Russia,1992,indie,False,Europe
5093,Moth Fried Games,USA,1990,indie,False,America
5094,Mothware,USA,2004,indie,False,America
5095,"Motion Capture HumLabb, Lunds Universitet Video David Blomquist Yoga Michaela Tellenmark Physiotherapy Ulrika Björck, Caroline Dahlberg Oliver Lindman Credit: Theis Madsen MD&CEO CopenRealityApS",Sweden,1989,indie,False,Europe
5096,Motion Twin,USA,2017,indie,False,America
5097,Mouldy Toof Studios,Germany,2013,indie,False,Europe
5098,Mounaim,Japan,1989,indie,False,Asia
5099,MountWeazel,USA,2020,indie,False,America
5100,Mountainwheel Games,USA,1999,indie,False,America
5101,Mouse Hat Games,Russia,1976,indie,False,Europe
5102,Movarice Entertainment Inc.,USA,2018,indie,False,America
5103,Movavi Software,Russia,2008,mid,False,Europe
5104,Moving Player,USA,2007,indie,False,America
5105,MovingMonk,Poland,2013,indie,False,Europe
5106,Mr Crops,USA,1979,indie,False,America
5107,Mr Granade,Canada,1999,indie,False,America
5108,Mr Tomatus,UK,1988,indie,False,Europe
5109,Mr.CreepGames,UK,1990,indie,False,Europe
5110,MrSpartano,Sweden,1999,indie,False,Europe
5111,MrSuicideSheep,Japan,1976,indie,False,Asia
5112,Mredziński,Germany,2016,indie,False,Europe
5113,MuffinGames,Japan,1976,indie,False,Asia
5114,Muggo Entertainment,UK,1999,indie,True,Europe
5115,Muhammet Esat BÜYÜKBULUT,Japan,2003,indie,False,Asia
5116,Muikkumedia Oy,USA,1991,indie,False,America
5117,Multi_ChoiceGames,USA,1991,indie,False,America
5118,Multiblender Games,USA,2012,indie,False,America
5119,Multiverse Games,Germany,1987,indie,False,Europe
5120,MumboJumbo,Australia,1998,mid,True,Oceania
5121,Murky Water Studios,USA,2020,indie,False,America
5122,Murray Smith,USA,2019,indie,False,America
5123,Musa GUNGOR,USA,2008,indie,False,America
5124,Musa Odabasi,Japan,1993,indie,False,Asia
5125,Musclebird,Japan,1986,indie,False,Asia
5126,Mushreb Games,UK,2008,indie,False,Europe
5127,Music Games For All,Sweden,2014,indie,False,Europe
5128,Musiiiik Games,France,2022,indie,False,Europe
5129,Must Be Happy,Germany,2002,indie,False,Europe
5130,Mustache Games,USA,1987,indie,False,America
5131,Mustafa Caner Tonbul,USA,1981,indie,False,America
5132,Mustafa YILMAZER,Russia,2009,indie,False,Europe
5133,Mustella Games,Japan,1998,mid,False,Asia
5134,Mutated Software,USA,1986,indie,False,America
5135,Mutts Presents,USA,1985,indie,False,America
5136,Muzaku,Japan,1976,indie,False,Asia
5137,Muzzy Lane Software,Sweden,2000,indie,False,Europe
5138,My pixel is alive!,USA,1984,indie,False,America
5139,MyACG Studio,USA,2013,indie,False,America
5140,MyDearest Inc.,Germany,1992,indie,False,Europe
5141,MyGames,Japan,2020,indie,False,Asia
5142,Myarcadegames Studios,USA,2015,indie,False,America
5143,Myewphi,USA,1999,indie,False,America
5144,Mykel Flynn,USA,2008,indie,False,America
5145,Mykhail Konokh,Canada,2000,indie,False,America
5146,Mykytas Anton,Canada,2008,indie,False,America
5147,Myna Games Ltd.,France,2008,indie,False,Europe
5148,Myre36,France,2020,indie,False,Europe
5149,Myriad,UK,1991,mid,False,Europe
5150,Myroid-Type Comics,UK,2007,indie,False,Europe
5151,Myron Games,USA,1977,indie,False,America
5152,Myrrh creative,Germany,1998,indie,False,Europe
5153,Myshkin Entertainment,USA,2001,indie,False,America
5154,Mystery Studios,USA,1976,indie,False,America
5155,MysteryCorgi,USA,1976,indie,False,America
5156,MysteryTag,Russia,1984,indie,False,Europe
5157,Mysterytag,Germany,2022,indie,False,Europe
5158,Mystic Brew Games,Russia,2000,indie,False,Europe
5159,Mystiqular,USA,1989,indie,False,America
5160,Mythical City Games,USA,2000,indie,False,America
5161,Mzonestudio,Japan,1988,mid,False,Asia
5162,Mácula Interactive,UK,1978,indie,False,Europe
5163,Mårten Jonsson,USA,2015,indie,False,America
5164,MòGames,USA,1978,indie,False,America
5165,Möf Selvi,Sweden,2016,indie,False,Europe
5166,Mötiv,USA,1993,indie,False,America
5167,Māris Ozols,Japan,2005,indie,True,Asia
5168,N-Body Solutions,Australia,2005,indie,False,Oceania
5169,N-Fusion Interactive,UK,1994,mid,False,Europe
5170,N4bA,USA,1981,mid,False,America
5171,NAISU,Canada,1992,mid,False,America
5172,NAKATOMI,Japan,2015,indie,False,Asia
5173,NAMCO,USA,2000,indie,False,America
5174,NANACAN,France,1997,indie,False,Europe
5175,NAPE GAMES,USA,1978,mid,False,America
5176,NAYUTA STUDIO,Germany,2003,indie,False,Europe
5177,NCR Games,Japan,2007,indie,True,Asia
5178,NDOgames,Russia,2021,indie,False,Europe
5179,NEGYMANS,Japan,1984,indie,False,Asia
5180,NEOLAVI,UK,2017,indie,False,Europe
5181,NEOWIZ,Canada,2015,mid,False,America
5182,NEXION,USA,1987,indie,False,America
5183,NEXON,UK,2000,indie,False,Europe
5184,"NEXON Games Co., Ltd.",USA,1975,indie,False,America
5185,NEXT-SOFT+,USA,2011,indie,False,America
5186,NEZOS GAMES,Russia,1984,indie,False,Europe
5187,NG Smith,Germany,1988,indie,True,Europe
5188,NGE,USA,1977,indie,False,America
5189,NGS,Japan,1979,indie,False,Asia
5190,NGUYỄN MINH HÙNG,Sweden,1985,indie,False,Europe
5191,NGV Studio,Japan,1980,indie,False,Asia
5192,NIGORO,Poland,1996,indie,False,Europe
5193,NIHmpact,Australia,2005,indie,False,Oceania
5194,NIKSTE,USA,2010,indie,False,America
5195,NIN-GEN,Sweden,2022,indie,False,Europe
5196,NINE VR,France,2008,indie,False,Europe
5197,NJoyGo Inc.,Canada,2020,indie,False,America
5198,NK CREATIV GAMES,Canada,2013,indie,False,America
5199,NLB project,USA,1976,indie,False,America
5200,NN Game Studio,USA,2007,indie,False,America
5201,NNゲーム工房,Australia,2000,indie,False,Oceania
5202,NO MORE HUMANS,Germany,1991,indie,False,Europe
5203,NOAH'S VRK,USA,1989,indie,False,America
5204,NON EXISTENT STUDIOS 2,USA,1990,indie,False,America
5205,NORSKA,USA,1981,indie,False,America
5206,NPCWARE,Japan,2001,indie,False,Asia
5207,NQNStudios,UK,1996,indie,False,Europe
5208,NSC Creative,USA,2014,indie,False,America
5209,NT SOFT,Sweden,1979,indie,False,Europe
5210,NTSOFT,Sweden,1978,indie,False,Europe
5211,NTWL,Poland,1984,indie,False,Europe
5212,NUU-Pro,Australia,1996,indie,False,Oceania
5213,NX Games,USA,1990,indie,False,America
5214,NYX Digital Ltd,Australia,2000,mid,False,Oceania
5215,Naali Entertainment,UK,1990,indie,False,Europe
5216,Nacks Soft,France,1985,mid,False,Europe
5217,Nadia JuM GameN,Germany,2012,indie,False,Europe
5218,Nadia Soft Inc.,USA,1980,indie,False,America
5219,NaipSoft,Canada,1984,aaa,False,America
5220,Naivus Luo,Japan,1980,indie,False,Asia
5221,Nakayoshi honpo,Russia,2019,indie,False,Europe
5222,Naked High,Australia,1975,indie,False,Oceania
5223,Naku Kinoko,USA,1993,indie,False,America
5224,NamaTakahashi,UK,2018,indie,False,Europe
5225,Namion Games,Canada,2017,indie,False,America
5226,Nanali Studios,USA,1994,indie,False,America
5227,"Nanchang Pubugui Online Game Co., Ltd",USA,2012,indie,False,America
5228,NanningsGames,USA,1975,mid,False,America
5229,NanoSable,USA,1985,indie,False,America
5230,Naoka Studio,Poland,2006,indie,False,Europe
5231,Naps Team,Germany,2014,indie,False,Europe
5232,NarrativeArea,USA,2014,indie,False,America
5233,Narrator,USA,2013,mid,False,America
5234,Nasty Cat,USA,2019,mid,False,America
5235,Nate Peters,Japan,1989,indie,False,Asia
5236,Nate Sanders,USA,1996,indie,False,America
5237,Nathan Bennett,Canada,2003,indie,False,America
5238,Nathan Gallardo,Japan,1993,indie,False,Asia
5239,Nathaniel Carter,Poland,2001,indie,False,Europe
5240,Naughty Clogs,USA,1994,mid,False,America
5241,Naughty Narratives,USA,2004,indie,False,America
5242,Nauris Amatnieks,USA,1980,mid,False,America
5243,Nazar Korinnyi,Sweden,1984,indie,False,Europe
5244,NeMo_met Games,Japan,1984,indie,False,Asia
5245,NeWa Studios,USA,1996,indie,False,America
5246,Neama Kazemi,Germany,2020,indie,False,Europe
5247,Neckbolt,UK,2016,mid,False,Europe
5248,NecroCatic Games,Canada,2021,indie,False,America
5249,Necroactive,Sweden,1988,indie,False,Europe
5250,Nectarian,France,1998,indie,False,Europe
5251,Nectarware,USA,1979,indie,True,America
5252,NedoStudio,Poland,1991,mid,False,Europe
5253,NeedUs Corp.,Poland,2004,indie,False,Europe
5254,Nefrace,UK,2020,indie,False,Europe
5255,NegativeGenius LLC,Japan,1995,indie,False,Asia
5256,Neither One Games,Canada,2017,indie,False,America
5257,Neki4 Electronics,Sweden,2011,indie,False,Europe
5258,NekkoNikko,USA,1985,indie,False,America
5259,NekoNyan Ltd.,UK,2006,indie,False,Europe
5260,NekoSithSoft,UK,1977,indie,False,Europe
5261,Nekolyst,USA,2013,indie,False,America
5262,Nekonotomo,USA,1987,indie,False,America
5263,Nell & Bessetto,UK,1975,indie,False,Europe
5264,Nemeton Singularity Simulations,Canada,2014,indie,False,America
5265,Nemuristar,USA,2005,indie,False,America
5266,Neo Toms,Australia,1987,indie,False,Oceania
5267,NeoXReality Inc,UK,2017,indie,False,Europe
5268,NeocoreGames,Russia,1992,indie,False,Europe
5269,Neoh Games,Sweden,2012,indie,False,Europe
5270,Neojac Entertainment Inc.,France,2002,indie,False,Europe
5271,Neokosmos Technologies,Canada,1977,indie,False,America
5272,Neolithic Games,Canada,2010,indie,False,America
5273,Neon Arkade Games,Australia,2004,indie,True,Oceania
5274,Neon Doctrine,UK,2001,indie,False,Europe
5275,Neon Wizard Games,Australia,1979,indie,False,Oceania
5276,"Neonovice Co., Ltd.",Sweden,2004,indie,False,Europe
5277,Neopica,France,1989,indie,False,Europe
5278,NerdRage Studios,Poland,1989,indie,False,Europe
5279,Nerdook Productions,UK,2016,indie,False,Europe
5280,Nerial,Poland,2017,indie,False,Europe
5281,NeroGameDev,USA,1991,indie,True,America
5282,Nerogetz,USA,1989,indie,False,America
5283,Nessie Games,Japan,2000,indie,True,Asia
5284,NetEase Games,USA,1979,mid,False,America
5285,NetGames,USA,2009,indie,False,America
5286,Netcode Studios Inc,USA,2021,indie,False,America
5287,Netnip Ltd.,France,1994,indie,False,Europe
5288,NeuroMatrix,France,2006,indie,False,Europe
5289,Neuron Flare Works,USA,2017,indie,False,America
5290,Neuroticfly Games,Russia,1990,indie,False,Europe
5291,Neurowocky,UK,2021,indie,False,Europe
5292,Never Software,Germany,1987,indie,True,Europe
5293,NeverNorthGames,Japan,1996,indie,False,Asia
5294,Neverknow247,Australia,1976,indie,False,Oceania
5295,New Angle Digital,Sweden,2021,indie,False,Europe
5296,New Beings,France,2017,indie,False,Europe
5297,New Physics,USA,2002,indie,False,America
5298,New Reality Games,USA,1981,indie,False,America
5299,New World Computing,USA,2009,indie,False,America
5300,New World Horizon LLC,France,1979,indie,False,Europe
5301,NewSmile Games,Sweden,1975,indie,False,Europe
5302,NewWestGames,USA,1992,indie,False,America
5303,NewWorldCoders,USA,2003,indie,False,America
5304,Newgrange Game,Japan,2009,indie,False,Asia
5305,Newmatic,USA,2017,indie,False,America
5306,Nex,Russia,1997,indie,False,Europe
5307,Nexile,UK,1999,indie,False,Europe
5308,Next Game Level,Germany,1991,indie,False,Europe
5309,Next Step Studios,Sweden,2014,indie,False,Europe
5310,NextDoorDev Games,Russia,1980,indie,False,Europe
5311,NextNinja,USA,1996,indie,False,America
5312,Nexvel Entertainment,Poland,2009,indie,False,Europe
5313,Ni Mahao,Australia,2015,indie,False,Oceania
5314,NiFo,UK,1999,indie,False,Europe
5315,Niall McShane,Japan,2007,mid,False,Asia
5316,Niamara,UK,1985,indie,False,Europe
5317,Nicholas Ewalt,France,2012,indie,False,Europe
5318,Nicholas Jauregui,USA,2022,indie,False,America
5319,Nicholas Orlowski,France,2006,indie,False,Europe
5320,Nicholas Pellegrino,Japan,1995,indie,False,Asia
5321,Nick Blake,USA,1977,indie,True,America
5322,Nick Housmans,USA,2011,indie,False,America
5323,Nick Papageorgiou,Australia,1998,indie,False,Oceania
5324,Nickle3DArt,UK,1975,indie,False,Europe
5325,Nickolas Machado,Poland,1980,indie,False,Europe
5326,Nico Papalia,USA,2008,indie,False,America
5327,Nicola Mari,USA,1983,indie,False,America
5328,Nicolas Bellomo,Germany,2010,indie,False,Europe
5329,Nicolas Rousseau,UK,2014,indie,False,Europe
5330,Nicolas Witthoeft,Russia,2015,indie,False,Europe
5331,Nicolas Zurek,UK,2002,indie,False,Europe
5332,Nicolás Rivero,Poland,1978,indie,False,Europe
5333,Nicu Stefan Cristian,France,1983,indie,False,Europe
5334,Nidal alshawwaf,Poland,1984,indie,False,Europe
5335,Niferno Studio,Poland,1979,indie,False,Europe
5336,NifftyGameWorks,UK,2006,indie,False,Europe
5337,Night Stroll Studio,USA,1976,indie,True,America
5338,Nightdive Studios,USA,1986,mid,False,America
5339,Nightly Studios,Poland,2008,indie,False,Europe
5340,NightmaresGames,Poland,1998,indie,False,Europe
5341,Nightshade,Australia,1996,indie,False,Oceania
5342,Nightwatch Studios,USA,2011,indie,False,America
5343,Nihad Nasupovic,Russia,1989,indie,True,Europe
5344,Nihon Falcom,UK,2010,mid,False,Europe
5345,Niket Patel,Sweden,1980,indie,False,Europe
5346,"Nikita ""Ghost_RUS""",Germany,2011,aaa,False,Europe
5347,Nikita Kaf,Germany,2010,indie,False,Europe
5348,Nikita Lisitsa,USA,2000,indie,False,America
5349,Nikita Morti,USA,2001,indie,False,America
5350,Nikita Sozidar,UK,2022,indie,False,Europe
5351,Niko Korolog,USA,2012,indie,True,America
5352,Niko Salocin,Sweden,1977,indie,False,Europe
5353,Nikoballz,UK,2009,indie,False,Europe
5354,Nikolay Karakelyan,USA,2010,indie,False,America
5355,Niku Games,USA,1996,indie,False,America
5356,Niles Sankey,France,2011,indie,False,Europe
5357,Nimble Giant Entertainment,USA,1976,indie,False,America
5358,Nimbus Interactive,Canada,1983,indie,False,America
5359,Nina Demirjian,Australia,2018,indie,False,Oceania
5360,Nincent,Australia,1975,indie,False,Oceania
5361,Nine Studio,Sweden,2011,indie,False,Europe
5362,"NineD Digital,Nuclear Studio",Russia,1987,indie,False,Europe
5363,Ninetail,USA,2002,indie,False,America
5364,Ninetales Studios,France,1987,indie,False,Europe
5365,Ninja Kiwi,USA,1983,indie,False,America
5366,Ninja Theory,Germany,2012,mid,False,Europe
5367,NinjaCat,USA,1982,indie,False,America
5368,Ninjachang,USA,2013,indie,False,America
5369,NioStudio,Australia,2000,indie,False,Oceania
5370,NioTum,Russia,2019,indie,False,Europe
5371,NipoBox,USA,2016,indie,False,America
5372,"Nippon Ichi Software, Inc.",Australia,1990,mid,False,Oceania
5373,NipsApp Gaming Studio,USA,1990,indie,False,America
5374,Nir Blu,Canada,2018,indie,False,America
5375,Niris Games,Australia,1992,indie,False,Oceania
5376,Nitro Games,Germany,2016,indie,False,Europe
5377,Nitro+CHiRAL,USA,2019,indie,True,America
5378,Nitrome,USA,1988,indie,False,America
5379,Nival,USA,2016,mid,False,America
5380,Nivnan,Poland,1995,indie,False,Europe
5381,Nixxes,UK,2008,mid,False,Europe
5382,No Ceiling Games,Japan,1987,indie,False,Asia
5383,No Code,USA,1999,indie,False,America
5384,No One Studios,Poland,2017,indie,False,Europe
5385,No one important,Japan,1992,indie,False,Asia
5386,"No, You Shut Up Inc.",USA,2002,indie,False,America
5387,No.25,USA,1978,mid,False,America
5388,NoFace工作室,Germany,1988,mid,False,Europe
5389,NoNuclearWar,Sweden,1984,indie,False,Europe
5390,NoaSFW,USA,1975,indie,False,America
5391,Noah King,Russia,1979,indie,False,Europe
5392,Noah Lewin,UK,2016,mid,False,Europe
5393,Noble Fox Games,USA,1992,indie,False,America
5394,Noble Muffins,Australia,1992,mid,False,Oceania
5395,Nochi Studios,USA,1983,indie,True,America
5396,Nocteon Games,USA,2006,indie,False,America
5397,Noforgetit,Australia,2010,indie,False,Oceania
5398,NoiseKitty,Sweden,1982,indie,False,Europe
5399,Noiseminded,UK,1991,indie,False,Europe
5400,Nokta Games,USA,2017,indie,False,America
5401,Nokwite Games,UK,2000,indie,True,Europe
5402,Noland Studios,Germany,1981,indie,False,Europe
5403,Nolo,USA,1990,indie,False,America
5404,Nonage,France,2010,indie,False,Europe
5405,Nonlinear,Germany,2008,indie,False,Europe
5406,Noobedidoob,France,2008,indie,True,Europe
5407,Noobilator7,Australia,1995,indie,False,Oceania
5408,Noobzilla,Russia,2001,indie,False,Europe
5409,Noodletub Games,USA,1987,indie,False,America
5410,Noon Games,Canada,2021,indie,False,America
5411,Nopia,USA,1992,indie,False,America
5412,NoraPerikaProject,France,2017,mid,False,Europe
5413,Noraheart,France,2011,indie,False,Europe
5414,Normal Distribution LLC,UK,2014,indie,False,Europe
5415,Norman Collonville,USA,1977,mid,False,America
5416,Norn,UK,1990,mid,False,Europe
5417,North of Earth,Japan,2002,indie,False,Asia
5418,NorthernBytes Software,USA,1979,indie,False,America
5419,Northfire Studios,Sweden,1989,indie,False,Europe
5420,Nostatic Software,USA,2004,indie,False,America
5421,Not A Company,Australia,1979,indie,False,Oceania
5422,Not Awful Studio,Australia,2010,indie,False,Oceania
5423,Not The Best Games,USA,2022,indie,False,America
5424,Not Yet,UK,1977,indie,False,Europe
5425,Not a Number,Sweden,2001,indie,False,Europe
5426,Not-So Classic Games,USA,2012,indie,False,America
5427,NotBotFox Games,Sweden,1980,indie,False,Europe
5428,NotGameYet,USA,1982,indie,False,America
5429,NotLink,USA,2013,indie,False,America
5430,NotYet,France,1990,indie,True,Europe
5431,Notex,Canada,2009,indie,False,America
5432,Nothing Rhymes With Entertainment,Russia,2021,indie,True,Europe
5433,Notion Games,Poland,1988,indie,False,Europe
5434,Notovia,Sweden,1981,indie,False,Europe
5435,Notus Games Ltd,Germany,2011,mid,False,Europe
5436,NovaBearGames,Japan,1997,indie,False,Asia
5437,NovaSoft Interactive Ltd.,Russia,2010,indie,False,Europe
5438,Novation Games,USA,1981,indie,False,America
5439,Novelingo,Germany,2017,indie,False,Europe
5440,Novity,USA,1985,indie,False,America
5441,NowakGames,USA,1986,indie,False,America
5442,Nowhere Studios,USA,1983,indie,False,America
5443,Nowhere Town,USA,2003,indie,False,America
5444,NoxWorld,USA,1982,indie,False,America
5445,Noxurtica,Canada,1998,mid,False,America
5446,Nozori Games,Sweden,1994,indie,False,Europe
5447,NuChallenger,Japan,2019,indie,False,Asia
5448,Nuclear Mages Studio,Sweden,2005,indie,False,Europe
5449,Nuclear Raven Games,USA,1977,indie,False,America
5450,Nude Maker,Canada,2001,indie,False,America
5451,NukGames,Russia,1988,mid,False,Europe
5452,Nukearts Studio,UK,2002,mid,False,Europe
5453,Nuked Cockroach,Poland,1992,indie,False,Europe
5454,Nukepop Games,Canada,2018,indie,False,America
5455,Null Activity,Sweden,2012,indie,False,Europe
5456,Null Reference LTD,Sweden,1996,indie,False,Europe
5457,Null Reference Studio,USA,2013,indie,False,America
5458,Nullray Gaming,Germany,2003,indie,False,Europe
5459,Nullsson,France,2003,indie,False,Europe
5460,Numizmatic,USA,1988,indie,False,America
5461,Nuts and Volts Electronics,Russia,1976,indie,False,Europe
5462,NuttyCat Games,USA,2009,indie,False,America
5463,Nuvya Dutt Sharda,USA,2012,indie,False,America
5464,NvrSkipGameDay,Canada,1978,indie,False,America
5465,Nyahhoiya,Canada,1982,indie,False,America
5466,Nyanco Project,UK,2016,indie,False,Europe
5467,NyankoFeti,Canada,1983,indie,False,America
5468,Nyankofeti,USA,1989,mid,False,America
5469,Nyberius,USA,1978,indie,False,America
5470,Nysko Games Ltd.,France,1979,indie,False,Europe
5471,OAA (외계인납치작전),Germany,1996,indie,False,Europe
5472,OAKgames,USA,1991,indie,False,America
5473,OBOYUDORI,USA,1986,indie,True,America
5474,OCCA Studios,Japan,1988,indie,False,Asia
5475,OCEAN Software,Russia,2019,indie,False,Europe
5476,ODD Games,Japan,2014,indie,False,Asia
5477,ODav,Japan,2015,indie,False,Asia
5478,OF Studio,Canada,1995,indie,False,America
5479,OFF1C1AL,Canada,1996,indie,True,America
5480,OKCITY,Russia,1976,indie,False,Europe
5481,OKSoft,Canada,2021,indie,True,America
5482,OMAGX Studios,UK,2022,indie,False,Europe
5483,OMNIDREAM CREATIONS,Germany,1980,indie,False,Europe
5484,"OMOCAT, LLC",Japan,1981,indie,False,Asia
5485,ONEUNIVERSE Co. Ltd.,Sweden,2016,indie,False,Europe
5486,OOO Gameprom,Russia,2022,indie,False,Europe
5487,OPERAHOUSE,USA,1984,indie,False,America
5488,OPG EUPHORE,UK,2018,indie,False,Europe
5489,OPG Katana,Sweden,2016,indie,False,Europe
5490,OPT Studio,USA,1985,indie,False,America
5491,ORANGE POPCORN,Poland,2013,indie,False,Europe
5492,ORBMIT Productions,Germany,1993,indie,False,Europe
5493,ORICO interactive,Sweden,1979,indie,False,Europe
5494,OSAMA ZAMO,Poland,1993,indie,False,Europe
5495,OSome Studio,Russia,1995,indie,False,Europe
5496,OTA IMON Studios,USA,2002,indie,False,America
5497,OWO Games,USA,1978,indie,True,America
5498,OZNA STUDIO,USA,1990,mid,False,America
5499,Oak Lane Media,France,1980,indie,False,Europe
5500,Oakley Blade Games,Japan,2008,indie,False,Asia
5501,Oasis Games,UK,1982,indie,False,Europe
5502,Oatmello,USA,1992,indie,False,America
5503,Oba Games,Australia,1998,indie,False,Oceania
5504,Objectif 3D,UK,1985,mid,False,Europe
5505,Objective Reality Inc.,UK,1977,indie,False,Europe
5506,Oblivionburn Productions,USA,2005,indie,False,America
5507,Obsessive Science Games,USA,2001,indie,False,America
5508,Obsidian Entertainment,France,2004,indie,False,Europe
5509,Occult Lily,Russia,1976,indie,False,Europe
5510,"Ocean Drive Studio, Inc.",Russia,2008,indie,False,Europe
5511,Oceandeep Network,USA,1992,indie,False,America
5512,Ocellus Studio,Sweden,2000,indie,False,Europe
5513,Octillion Entertainment,Germany,2010,indie,False,Europe
5514,Octo Games,Canada,1991,mid,False,America
5515,OctoSplash,USA,2016,indie,False,America
5516,Octobear Knight Games,Australia,2006,indie,False,Oceania
5517,October Games,USA,1987,indie,False,America
5518,Octopie Lab,Russia,2008,indie,False,Europe
5519,Octopirate Games,UK,1990,indie,False,Europe
5520,Odd Games,USA,2019,indie,False,America
5521,Oddity,Canada,2021,indie,False,America
5522,Oddscure,Germany,2017,indie,False,Europe
5523,Oddshot Games,UK,1994,indie,False,Europe
5524,Odencat,USA,2001,indie,False,America
5525,Odime Games,USA,2021,indie,False,America
5526,Odin Strabo Jensen,Germany,1988,indie,False,Europe
5527,Offbeat,Australia,1991,indie,False,Oceania
5528,Offce大原,Sweden,1999,indie,False,Europe
5529,Office Ohara,Australia,1999,indie,False,Oceania
5530,"Officeu Co., Ltd.",Australia,1998,indie,False,Oceania
5531,Official Jabe,Poland,1977,indie,False,Europe
5532,Official LAMBs,Russia,2021,indie,False,Europe
5533,Offworld Industries,UK,2018,indie,False,Europe
5534,Oficina de Games,USA,2021,indie,True,America
5535,OgmaGames,USA,1999,indie,False,America
5536,Ogre Head Studio,Russia,1993,indie,False,Europe
5537,Ogre Pixel,Australia,2008,indie,False,Oceania
5538,Ohayo Software,Sweden,1989,indie,False,Europe
5539,OikariBuncho,UK,2010,indie,False,Europe
5540,OkawariHakumai,Japan,1992,indie,False,Asia
5541,Okron Studio,Australia,2004,indie,False,Oceania
5542,Old Eagle,Canada,2018,indie,False,America
5543,Old Man Watson,USA,2018,indie,False,America
5544,Old Micheal Act,Australia,1993,indie,False,Oceania
5545,Old Skool Games,Sweden,1988,indie,False,Europe
5546,Old Skull Games,Poland,1987,indie,False,Europe
5547,Oleg Danilov,USA,1995,indie,False,America
5548,Oleh Baziv,USA,2021,mid,False,America
5549,Oleksandr Savostianov,USA,1981,indie,False,America
5550,Oliver Josh,Canada,2004,indie,False,America
5551,Olly Whillans,Canada,1982,indie,False,America
5552,Omega Company Limited,France,1987,indie,False,Europe
5553,Omega Gaming LLC,USA,2018,indie,False,America
5554,Ominous Entertainment,USA,2000,mid,False,America
5555,Omnia Studios,Australia,1977,indie,False,Oceania
5556,Omnichron Studios,Poland,2021,indie,False,Europe
5557,Omnimind,USA,2014,indie,False,America
5558,Omnirift,Japan,1995,indie,False,Asia
5559,On Target Simulations,USA,2007,indie,False,America
5560,On The Wall Entertainment,Russia,2021,indie,False,Europe
5561,Once A Bird,Sweden,1975,indie,False,Europe
5562,One Dave Software,USA,1976,indie,False,America
5563,One Man Games,USA,1981,indie,False,America
5564,One Man Left Studios,UK,2010,indie,False,Europe
5565,One More Level,Germany,1975,indie,False,Europe
5566,One More Time,UK,2005,indie,False,Europe
5567,One Secret Pseudo,Japan,2021,indie,False,Asia
5568,One Team.,Australia,1982,indie,False,Oceania
5569,One Wheel Studio,Sweden,1975,indie,False,Europe
5570,OneBlock,Canada,2000,indie,False,America
5571,OneTale Gamez,Russia,1983,indie,False,Europe
5572,OneTapGolfVR,USA,2013,indie,False,America
5573,OneTechAsia,USA,2008,indie,False,America
5574,OneTwoPlay,Germany,1981,indie,False,Europe
5575,Onix Games,USA,2000,mid,False,America
5576,Ontake Workshop,UK,1976,indie,False,Europe
5577,Onu Games,Russia,2001,indie,False,Europe
5578,Onur Doğan,Poland,1985,indie,False,Europe
5579,Oohoo Studio,France,2007,indie,False,Europe
5580,Oointah,USA,1992,indie,False,America
5581,Oori,UK,1980,indie,False,Europe
5582,Opala Project,USA,2022,mid,False,America
5583,Open Alpha,USA,2008,mid,False,America
5584,Open House Games,Australia,1977,indie,False,Oceania
5585,Opendream,France,1996,indie,False,Europe
5586,Operaludica,Sweden,2002,indie,False,Europe
5587,Oppai Games,Russia,1977,mid,False,Europe
5588,Oppressive Games,USA,2022,indie,False,America
5589,OranCG,Russia,1976,indie,False,Europe
5590,Orange Blossom,Australia,1978,indie,False,Oceania
5591,Orange Pylon Games,USA,1999,indie,False,America
5592,Orange View Limited,France,1976,indie,False,Europe
5593,OrangeCat,Canada,1979,indie,False,America
5594,Orange_Juice,Russia,1981,indie,False,Europe
5595,Orata Studio,Russia,1991,indie,False,Europe
5596,Orbi Universo Team,UK,2002,indie,False,Europe
5597,Orbifold,USA,2011,indie,False,America
5598,Orbit Games Inc.,France,2006,indie,False,Europe
5599,Orbit Studio,Germany,1984,indie,False,Europe
5600,Orbjeff LLC,Australia,1991,indie,False,Oceania
5601,Orchidstra Entertainment,Australia,1982,indie,False,Oceania
5602,Orcsoft,Sweden,1975,indie,False,Europe
5603,Orenji Games Entertainment,Australia,1987,indie,False,Oceania
5604,Orfeas Game Studio,USA,2017,indie,False,America
5605,Organon Software,Canada,2008,indie,False,America
5606,Orgesta Inc.,USA,1989,indie,False,America
5607,Ori,France,1982,indie,False,Europe
5608,OriGaming Studio,France,2003,indie,False,Europe
5609,Oribe Ware Games,USA,1978,indie,False,America
5610,Original Studios,Australia,2012,indie,False,Oceania
5611,Orneon,Russia,1993,mid,False,Europe
5612,Oroi Game Studios,Sweden,2020,indie,False,Europe
5613,Orongto,Australia,2012,indie,False,Oceania
5614,Ortharion project,UK,2013,indie,False,Europe
5615,Orthogonal Games,France,2015,indie,False,Europe
5616,OrtiGames/OrtiSoft,France,1999,indie,False,Europe
5617,Oruji Productions,France,2010,indie,False,Europe
5618,Osaka Studios,Russia,2022,indie,False,Europe
5619,Osarion,Canada,2004,indie,False,America
5620,Osaris Games,Germany,1984,indie,False,Europe
5621,Oscar Brittain,UK,1999,indie,False,Europe
5622,Oscar Crespo,Germany,1984,indie,False,Europe
5623,Oscar Kenneth Albero Ingles,USA,1976,indie,False,America
5624,Oscar Ortigueira López,Sweden,2011,indie,False,Europe
5625,Oscar Trevino,Australia,1987,indie,False,Oceania
5626,Osgoode Media,Sweden,1981,indie,False,Europe
5627,Oskey Games,Russia,1989,indie,False,Europe
5628,Osoroshī otoko,USA,2002,indie,False,America
5629,Ota Mato,Germany,1978,indie,False,Europe
5630,Other Account Games,Canada,2010,indie,False,America
5631,Other Ocean Interactive,UK,1982,indie,False,Europe
5632,Otis Anderson,UK,1976,indie,False,Europe
5633,Otis Miller,USA,1988,indie,False,America
5634,OtterWays,Australia,2021,indie,False,Oceania
5635,Oung Oung,France,1995,indie,False,Europe
5636,OuroborOs_,France,1998,indie,False,Europe
5637,Out Gaming,Sweden,2008,indie,False,Europe
5638,Out of the Park Developments,Sweden,1976,indie,False,Europe
5639,Outer Brain Studios,Australia,1975,indie,False,Oceania
5640,Outer Planet Studios,Australia,2017,indie,False,Oceania
5641,Outis Media,USA,2019,mid,False,America
5642,Outlier Interactive,Japan,1976,indie,False,Asia
5643,Outside Realm,Poland,1984,indie,False,Europe
5644,Outsider Games,Russia,2009,indie,False,Europe
5645,Over the Top Games,Japan,1992,indie,False,Asia
5646,Overaction Game Studio,Germany,2011,indie,False,Europe
5647,Overcurfew,UK,1979,indie,False,Europe
5648,Overflow,USA,2010,indie,False,America
5649,Overgroup,Japan,2018,indie,False,Asia
5650,Overlay Games,Sweden,1987,indie,False,Europe
5651,Overlord Empire LLC,UK,1996,indie,False,Europe
5652,Overrun Games,Russia,1991,mid,False,Europe
5653,Oversight Productions,Russia,2000,indie,False,Europe
5654,Owl Green Sea,USA,1994,indie,False,America
5655,Owlcat Games,USA,1977,indie,False,America
5656,Owlchemy Labs,Poland,1985,indie,False,Europe
5657,Owlnight,USA,1975,indie,False,America
5658,Owned by Gravity,Japan,2013,indie,False,Asia
5659,Owner,Sweden,1979,indie,False,Europe
5660,Oxeye Game Studio,USA,1999,indie,False,America
5661,Oxymoron Games,USA,2017,indie,False,America
5662,Oyashiro.dev,France,1976,indie,True,Europe
5663,P.+,USA,2008,indie,False,America
5664,PAIN PEPPER,France,1980,indie,False,Europe
5665,PALETTE,France,2022,mid,False,Europe
5666,PANACHE STUDIOS,Japan,1986,indie,False,Asia
5667,PASSENGER,Germany,2012,indie,False,Europe
5668,PATRONES & ESCONDITES,France,2015,indie,False,Europe
5669,PBKN,Canada,1989,indie,False,America
5670,PE4ENEGI GAMES,USA,2006,indie,False,America
5671,PEACH CAT,Germany,2000,indie,False,Europe
5672,PELMENI GAMES,Canada,2003,indie,False,America
5673,PH3 GmbH,Canada,2001,mid,False,America
5674,PHL Collective,Germany,1997,indie,True,Europe
5675,PICTOLOGI,Russia,2022,indie,False,Europe
5676,PING YI LIN,Canada,2005,indie,False,America
5677,PIPE Studio,Sweden,1985,indie,False,Europe
5678,PIRI PIRI INTERACTIVE,Sweden,1979,indie,False,Europe
5679,PISHO,USA,2000,indie,False,America
5680,"PIXEL CO., LTD",Canada,1991,indie,False,America
5681,PIXOWL INC.,USA,1987,indie,False,America
5682,PJ.Unreally,USA,1983,indie,False,America
5683,PKO Game Studio,UK,2020,indie,False,Europe
5684,PLUTONIZATION,USA,2000,indie,False,America
5685,POISON,Germany,1980,mid,False,Europe
5686,POLIEXA Entertainment,USA,1985,indie,False,America
5687,PRG,USA,1985,indie,True,America
5688,PRO PLAYA DEV,USA,2002,indie,False,America
5689,PROJECT RAGDOLL,Japan,2017,indie,False,Asia
5690,PROMISE GAMES,Japan,2009,indie,False,Asia
5691,"PULSMO,INC.",UK,1982,indie,False,Europe
5692,PUMPKIM,Japan,2017,mid,False,Asia
5693,PUZZLE Games,UK,2012,aaa,True,Europe
5694,PWCT Software,Australia,2012,indie,False,Oceania
5695,PWNED Studio,USA,2000,indie,False,America
5696,PX Studio,USA,1981,indie,False,America
5697,PYKE,USA,1978,indie,False,America
5698,Pablo Picazo,USA,1991,indie,False,America
5699,Paint Can Games LLC,UK,2009,indie,False,Europe
5700,Painted Black Games,USA,2004,indie,False,America
5701,Pal Diaray,Japan,2007,indie,False,Asia
5702,Paleap Studio,USA,1975,indie,False,America
5703,Palek,France,2006,indie,False,Europe
5704,PalfreyGames,Germany,1986,indie,False,Europe
5705,Palindrome Interactive,USA,2008,indie,False,America
5706,Palladine Studios,UK,2011,indie,False,Europe
5707,Pallav Sharda,Canada,2006,indie,False,America
5708,Palomar Games,Canada,2003,indie,False,America
5709,Pan-Tsu,Japan,1989,indie,False,Asia
5710,PanGuoJun,Germany,1982,mid,False,Europe
5711,PancakeGames,USA,2018,indie,False,America
5712,Panda,UK,1996,indie,False,Europe
5713,Panda Games,Russia,2022,indie,True,Europe
5714,Panda Indie Studio,Russia,2012,indie,False,Europe
5715,Panda Studio,France,2000,indie,False,Europe
5716,Pandita Studio,Australia,2004,indie,False,Oceania
5717,Pandora Game Studio,USA,2006,indie,False,America
5718,Pandora Machine,UK,1984,indie,False,Europe
5719,Pandora Media Games,USA,1975,indie,False,America
5720,PanfilovDev,USA,2017,indie,False,America
5721,Pangake,USA,2015,indie,False,America
5722,PaniCer,Canada,1980,indie,False,America
5723,Pankabre,Canada,2017,indie,False,America
5724,Pannl Inc.,Russia,2009,indie,False,Europe
5725,Panoramik Games LTD,Sweden,2018,indie,False,Europe
5726,Pantsu Productions,Germany,2021,mid,False,Europe
5727,Pantumaca Barcelona,France,1986,indie,False,Europe
5728,Panzershark,Germany,1995,indie,False,Europe
5729,Papu's Games,Australia,2013,indie,False,Oceania
5730,Paradox Development Studio,Germany,2009,mid,False,Europe
5731,Paradox Mind,USA,2002,indie,False,America
5732,Parallax Arts Studio,Germany,2009,indie,False,Europe
5733,Parallax Labs,Australia,1983,indie,False,Oceania
5734,Parallel Circles,USA,1996,indie,False,America
5735,Parallel Studio,Australia,2019,indie,False,Oceania
5736,Paralune LLC,France,2009,indie,False,Europe
5737,Pardinus,Canada,2020,indie,False,America
5738,Pariah Interactive Inc.,Japan,1993,indie,False,Asia
5739,Parisii,USA,2013,indie,False,America
5740,Park SungJin,Canada,2007,indie,False,America
5741,Parker,USA,1980,indie,False,America
5742,Parker Becton,Japan,2009,indie,False,Asia
5743,Parker Crandell,Australia,1977,indie,False,Oceania
5744,"Parsec Productions, LLC",Japan,1997,indie,False,Asia
5745,Partic Games,USA,2009,indie,False,America
5746,Partizan Software,UK,1987,indie,False,Europe
5747,Party Moose Games,Australia,1986,indie,True,Oceania
5748,Parul Wadhwa,France,1992,indie,False,Europe
5749,Passageway Games,USA,2014,indie,False,America
5750,Pastagames,France,2004,indie,False,Europe
5751,Pastel Peaks Production,Germany,1999,indie,False,Europe
5752,Pastel Studios,Poland,2011,indie,False,Europe
5753,Pastorelli Studio,Japan,2020,indie,False,Asia
5754,PastureSoft,Poland,1983,indie,False,Europe
5755,Patient Cactus,Germany,2006,indie,False,Europe
5756,Patito,USA,2016,indie,False,America
5757,Patria Games®,Canada,1975,indie,False,America
5758,Patriot Game Studio,USA,2015,indie,False,America
5759,Patryk Starzyński,UK,2019,indie,False,Europe
5760,Paul Berne,USA,1998,indie,False,America
5761,Paul Bird,UK,2021,indie,False,Europe
5762,Paul Connor,Canada,2011,mid,True,America
5763,Paul Cooper,Canada,1985,indie,False,America
5764,Paul Goddard,Germany,2022,indie,False,Europe
5765,Paul Helman,UK,1991,indie,False,Europe
5766,Paul Huston,Germany,2004,indie,False,Europe
5767,PaulJang,USA,1997,indie,False,America
5768,Pavo Entertainment,France,1986,indie,False,Europe
5769,Paweł Dywelski,France,1983,indie,False,Europe
5770,PePPeroni,Canada,1992,indie,False,America
5771,Peace_Studio,Poland,1989,indie,False,Europe
5772,Peaceful Life Games,USA,2011,indie,False,America
5773,Peach Pie Productions,UK,1985,indie,False,Europe
5774,Peach Rain,Canada,1995,indie,False,America
5775,Peaksel,Russia,2021,indie,False,Europe
5776,Peanut Button,Japan,1996,indie,False,Asia
5777,Peddler Games,Australia,1985,indie,False,Oceania
5778,Pedro Castro Menezes,Germany,2019,indie,False,Europe
5779,Pedro Henrique Baretta,Germany,2018,mid,False,Europe
5780,PeechVerse Studios,USA,2007,indie,False,America
5781,Pelikan,Canada,1998,indie,False,America
5782,Pelle Niklas Abrahamsson,Australia,2006,indie,False,Oceania
5783,Pendopo Creations,Australia,2010,indie,False,Oceania
5784,Pendulo Studios,France,2006,indie,False,Europe
5785,Penguin Gamers,USA,1991,indie,False,America
5786,Penguin Tower Studios,USA,2015,indie,False,America
5787,Pent Panda,Sweden,2007,indie,False,Europe
5788,Pentacle,USA,1982,indie,False,America
5789,Pepes Games,Germany,1985,indie,True,Europe
5790,PepoLab,Germany,2020,indie,False,Europe
5791,Pequi Hills Studio,USA,1977,indie,False,America
5792,Peragames,UK,2000,indie,False,Europe
5793,Peremett-Studio,UK,2004,indie,False,Europe
5794,Perfect Games,Poland,1987,indie,False,Europe
5795,Performance Artist,Canada,1998,indie,False,America
5796,Performance Artist Games,USA,2001,mid,False,America
5797,Perg Valley,Poland,2008,indie,False,Europe
5798,Perky Peach Games,Russia,2003,indie,False,Europe
5799,Permafrost Studio,USA,2014,indie,False,America
5800,PerpetualOOMM,Poland,2019,indie,False,Europe
5801,Person of Interests,Russia,1993,indie,False,Europe
5802,Persona and Pixel studio,Russia,1977,indie,False,Europe
5803,PersonaeGame Studio,USA,1999,indie,False,America
5804,Personal,Australia,1982,indie,False,Oceania
5805,Personal Software Services,Germany,2010,indie,False,Europe
5806,Persp3ctive,Canada,1983,indie,False,America
5807,Perspektik,USA,1998,indie,False,America
5808,Persuasion Game Studio,Poland,2008,indie,False,Europe
5809,Pesky Panthera,Russia,2000,indie,False,Europe
5810,PestoForce,USA,1996,indie,False,America
5811,Petal Sakura,Sweden,2002,indie,False,Europe
5812,Pete DeSimone,Australia,2012,indie,False,Oceania
5813,Peter Kosyh,Russia,2003,indie,False,Europe
5814,Peter Lee,USA,1985,indie,False,America
5815,Peter Manfreda,Canada,2007,indie,False,America
5816,Peternauta,Russia,2017,indie,False,Europe
5817,Petr Šimůnek,France,2021,indie,False,Europe
5818,"Petricore, Inc.",Australia,1995,indie,False,Oceania
5819,Petro Shoferystov,Poland,1993,indie,False,Europe
5820,Petroglyph,USA,2014,mid,False,America
5821,Pewter Games Studios,Australia,2019,indie,False,Oceania
5822,Pex Entertainment,UK,1983,indie,False,Europe
5823,Phantom,USA,1977,indie,True,America
5824,Phantom Compass,Russia,1998,indie,False,Europe
5825,Phantom Projekts,Germany,1989,indie,False,Europe
5826,PhantomCore Studio,USA,2016,indie,False,America
5827,Phantomisreal Ltd.,Sweden,1982,indie,False,Europe
5828,Pheonise,Poland,1979,indie,False,Europe
5829,Philip,UK,2005,indie,True,Europe
5830,Philip Drobar,USA,2015,indie,False,America
5831,Philippe Schober,Canada,2018,indie,False,America
5832,Philosophy♂,UK,2008,indie,False,Europe
5833,Phoebus76,UK,2012,indie,False,Europe
5834,Phoenix Game Studio,Canada,1984,indie,False,America
5835,Phoenix Online Studios,Poland,1989,indie,False,Europe
5836,PhoenixFire Games,Sweden,2003,indie,False,Europe
5837,Phoenixxx Games,USA,2001,mid,False,America
5838,Photon Arena,USA,1998,indie,False,America
5839,Phung Games,Australia,2020,indie,False,Oceania
5840,Physalis Media LLC,UK,1988,indie,False,Europe
5841,Piaj,USA,1988,indie,False,America
5842,Pianist Jonathan Sersam Sound Hans Nilsson Joar Löfberg Dancer Osama Al Shihabi,USA,2009,indie,False,America
5843,Pickle Drugs,USA,1983,indie,False,America
5844,Picopicowvo,USA,1987,indie,False,America
5845,Picorinne Soft,Sweden,2016,indie,True,Europe
5846,Picroma,UK,1980,indie,False,Europe
5847,Pictopotamus,Canada,1980,indie,False,America
5848,Pidibidi Games,UK,2006,indie,False,Europe
5849,Piece Of Voxel,Canada,2004,mid,False,America
5850,Piece of Cake Fabulous,Germany,2005,indie,False,Europe
5851,Pieces Interactive,Canada,2017,indie,False,America
5852,Pierre Dussausse,Russia,1997,indie,False,Europe
5853,Pil/Slash,UK,2022,indie,False,Europe
5854,Pilbo Games,Germany,1992,indie,False,Europe
5855,Pilgrim Adventures,UK,2011,indie,False,Europe
5856,Pillow Fight,UK,2014,indie,False,Europe
5857,Pinacoteca de São Paulo,Poland,2017,indie,False,Europe
5858,Pinblend Studios,UK,2017,indie,False,Europe
5859,Pink Cookie Games,Canada,2000,indie,False,America
5860,Pink Tea,Poland,2020,indie,False,Europe
5861,PinkPeachStudio,USA,2005,indie,False,America
5862,PinkPub18,Japan,1988,indie,False,Asia
5863,Pinky Pads,Russia,2021,mid,False,Europe
5864,PinkySoul,Germany,2012,mid,False,Europe
5865,PinoPrime,Australia,1976,indie,False,Oceania
5866,Pinokl Games,USA,2011,indie,False,America
5867,Pinpin Team,Sweden,1988,indie,False,Europe
5868,Pionierwerk,Sweden,1981,indie,False,Europe
5869,Piotr Bunkowski,Russia,2017,indie,False,Europe
5870,Pipera Games,USA,1994,indie,False,America
5871,Pippin Games,Germany,1990,indie,False,Europe
5872,Piranha Bytes,UK,1998,indie,False,Europe
5873,Pirates Bay Studio,USA,2011,indie,False,America
5874,Pirates Of The Digital Sea,Germany,1995,indie,False,Europe
5875,Piston Media,UK,2001,indie,False,Europe
5876,Pitfall Studio,Canada,2004,indie,False,America
5877,Pitigamedev,Sweden,1989,indie,False,Europe
5878,Pix Arts,UK,1990,indie,False,Europe
5879,Pixadome,Germany,1991,indie,False,Europe
5880,Pixart Games,Germany,2006,indie,False,Europe
5881,Pixbits,Canada,1986,indie,False,America
5882,Pixel,France,2012,indie,False,Europe
5883,Pixel Blight,USA,1986,indie,False,America
5884,Pixel Bones Studio,USA,1996,indie,False,America
5885,Pixel Cattle Games,Sweden,2004,indie,False,Europe
5886,"Pixel Constructor, LLC.",Sweden,2021,indie,False,Europe
5887,Pixel Forge Games,Japan,1995,indie,False,Asia
5888,Pixel Fun Games Production,Australia,2008,indie,False,Oceania
5889,Pixel Heart Studio,USA,2018,indie,False,America
5890,Pixel Muffin Studios,USA,1998,indie,False,America
5891,Pixel Paradise,Russia,1978,indie,False,Europe
5892,Pixel Peanuts,USA,1977,indie,False,America
5893,Pixel Playground Games,Germany,2013,indie,False,Europe
5894,Pixel Puzzles,Canada,2004,mid,False,America
5895,Pixel Reef,Japan,2011,indie,False,Asia
5896,Pixel Trapps,Canada,2019,indie,False,America
5897,Pixel Wrappers,Canada,1998,indie,False,America
5898,Pixel vs Pixel,UK,1990,indie,False,Europe
5899,PixelArtGames,UK,1978,mid,False,Europe
5900,PixelBot Games,Sweden,1977,indie,False,Europe
5901,PixelCrown Games,USA,1994,indie,False,America
5902,PixelDol,UK,1980,indie,False,Europe
5903,PixelGreeds,Poland,2011,indie,False,Europe
5904,PixelMouse,Japan,1997,indie,False,Asia
5905,PixelPulseGames,USA,1988,indie,False,America
5906,PixelSized,Germany,1980,indie,True,Europe
5907,PixelWorkshop,USA,2011,indie,False,America
5908,PixelXYZ,Sweden,2012,indie,False,Europe
5909,Pixelabor,France,1980,indie,False,Europe
5910,Pixelatto,Japan,2016,indie,False,Asia
5911,Pixelfresh Games,Japan,1978,indie,False,Asia
5912,PixelfunGames,USA,1975,indie,False,America
5913,Pixelgon Games,Australia,1980,indie,False,Oceania
5914,Pixelity Inc.,Germany,1980,indie,False,Europe
5915,Pixeljam,USA,2000,indie,True,America
5916,Pixellore Inc,USA,1984,indie,False,America
5917,Pixelnicks,USA,2018,indie,False,America
5918,Pixelsplosion Studios,Australia,2001,indie,False,Oceania
5919,Pixelz Games,France,1978,mid,False,Europe
5920,PixiEditor Organization,Russia,2018,indie,False,Europe
5921,PixieBixxie,USA,2000,indie,False,America
5922,Pixleaves,Sweden,1977,indie,False,Europe
5923,Pixleon,Canada,2003,indie,False,America
5924,Plaidman Games,UK,2022,indie,False,Europe
5925,Planescape Game Studio,Russia,1990,indie,False,Europe
5926,Planeshift Interactive,France,2021,indie,False,Europe
5927,PlanetStudios,USA,1987,indie,False,America
5928,Planeta,UK,2009,indie,True,Europe
5929,Planets Nu,USA,2016,indie,False,America
5930,Plato Game Development,Poland,2008,indie,False,Europe
5931,Platuro,Russia,1993,indie,False,Europe
5932,Play Nimbus,USA,1976,indie,False,America
5933,Play Wireless,Canada,2015,indie,False,America
5934,Play2Chill S.A.,Sweden,1975,indie,False,Europe
5935,"PlayDay Co., Ltd.",UK,1983,indie,False,Europe
5936,PlayPath experiences,USA,1983,indie,True,America
5937,PlayToday,Poland,1987,indie,False,Europe
5938,PlayWay SA,UK,1997,indie,False,Europe
5939,PlayWrite Studios,Poland,1979,indie,False,Europe
5940,PlayZilla.tk,Canada,1975,indie,False,America
5941,Playables,USA,2017,indie,False,America
5942,Playata GmbH,UK,2019,indie,False,Europe
5943,"Playdek, Inc.",Poland,1981,indie,False,Europe
5944,Played With Fire,Japan,1984,indie,False,Asia
5945,"Player Of Music Technology Co.,Ltd",Japan,1997,indie,False,Asia
5946,Player Transform,Germany,1999,indie,False,Europe
5947,Playito.com,Sweden,1988,mid,False,Europe
5948,Playloop Studios S.R.L.,USA,1979,indie,False,America
5949,Playsnak,Russia,1976,indie,False,Europe
5950,Playsport Games,Japan,1978,indie,False,Asia
5951,Playtouch,UK,1985,indie,False,Europe
5952,PlazSoft,Germany,1992,indie,False,Europe
5953,Plug,Germany,1978,indie,False,Europe
5954,Plumko,Canada,1980,indie,False,America
5955,Plush Productions LLC,Poland,1976,indie,False,Europe
5956,Pluto VR,USA,1993,indie,False,America
5957,PnDAa,Australia,1981,indie,False,Oceania
5958,PoRovoz Studios,USA,1985,indie,False,America
5959,Poccade LLC,Canada,2016,indie,True,America
5960,PocketGames,Canada,1993,indie,True,America
5961,Poco a Poco,USA,1976,indie,False,America
5962,Poetic,Sweden,2000,indie,False,Europe
5963,Point Bleep Studios,Germany,2015,indie,False,Europe
5964,Point8 Games Inc.,Japan,1994,indie,False,Asia
5965,Poisson Rouge Interactica ltd,UK,2012,indie,False,Europe
5966,Pokenomy,Australia,1998,indie,False,Oceania
5967,Pokies4fun,Poland,1990,mid,False,Europe
5968,Poking Water Games,Poland,1983,indie,False,Europe
5969,Polantronic,USA,2002,indie,True,America
5970,PolarFantasyStudio,USA,1978,indie,False,America
5971,PolarOwl Studio,Russia,2007,indie,False,Europe
5972,PolincGames,USA,2022,indie,False,America
5973,Political Games LLC,Germany,1981,indie,False,Europe
5974,Poliya's Studio,USA,1980,indie,False,America
5975,Poly Poly Games,Japan,1977,indie,False,Asia
5976,PolyLS,Japan,2021,indie,False,Asia
5977,PolyPusher Studios,Japan,1984,indie,False,Asia
5978,Polyarc,Poland,1981,indie,False,Europe
5979,Polyblock Studio,Canada,2004,indie,False,America
5980,Polyburg Studio,Japan,2001,indie,False,Asia
5981,Polychroma Games,USA,2004,indie,False,America
5982,Polygon Dust Entertainment Ltd.,UK,1978,indie,False,Europe
5983,Polygon Matter,USA,2008,indie,False,America
5984,Polygon Pictures Inc.,Japan,1987,indie,False,Asia
5985,Polygonal Wolf,USA,2020,indie,False,America
5986,Polyslash,USA,2002,indie,False,America
5987,Polytale Games,Germany,2008,indie,False,Europe
5988,Polyverse Games,Japan,2020,indie,False,Asia
5989,Polywickstudio,USA,1976,indie,False,America
5990,Pomshine Games,Germany,1996,indie,False,Europe
5991,Ponywolf,Canada,1987,indie,False,America
5992,Pooandplay,USA,2003,indie,False,America
5993,Poof,Poland,2000,indie,False,Europe
5994,Pookie,USA,1997,indie,False,America
5995,Poopsy,Germany,1983,indie,False,Europe
5996,Popcannibal,Japan,1977,indie,False,Asia
5997,Popiicorn Game,USA,2001,indie,False,America
5998,Portal Entertainment,UK,1996,indie,False,Europe
5999,Portal Studios,USA,1979,indie,False,America
6000,Portponky,USA,2012,mid,False,America
6001,Posh Sloth Productions,Japan,1991,indie,True,Asia
6002,Posh Toffee Games,Russia,1991,indie,False,Europe
6003,Possum House Games,Germany,2010,indie,False,Europe
6004,Post Boredom Games,Canada,2019,indie,False,America
6005,Postal Knight Games,France,1992,indie,False,Europe
6006,Postcursor Laboratories,UK,2017,indie,False,Europe
6007,Pot-bellied Gnomes,USA,1986,indie,True,America
6008,Potato Interactive,France,2007,indie,True,Europe
6009,Potato10,Germany,2016,indie,False,Europe
6010,Powder Team,Poland,2000,indie,False,Europe
6011,Power Up to Maximum,Germany,2006,mid,False,Europe
6012,PraetorGames,France,1987,indie,False,Europe
6013,Pragmatix Ltd,Japan,1982,indie,False,Asia
6014,Pranay Munda,UK,2010,indie,False,Europe
6015,Prapancha Studios,USA,1999,indie,False,America
6016,Precatio,USA,2006,indie,False,America
6017,"Precision Games, LLC",USA,2005,indie,False,America
6018,Predator,USA,1986,indie,False,America
6019,PredposledniyRubikon,Japan,1988,indie,False,Asia
6020,Prefrontal Cortex,Australia,2017,indie,False,Oceania
6021,President Studio,USA,2011,indie,False,America
6022,Pretoriano_dev,Australia,2003,indie,False,Oceania
6023,Pretty Fly Games,USA,1991,indie,False,America
6024,Primary cells studio,Japan,2017,indie,False,Asia
6025,Prime Games,USA,1978,indie,False,America
6026,Prime Time Studio,Poland,2009,indie,False,Europe
6027,Prime VR Inc.,USA,2001,indie,False,America
6028,Primordial Muse,USA,2017,indie,False,America
6029,PrisMaze棱镜迷阵,France,2017,indie,False,Europe
6030,Priyam Parikh,USA,2009,indie,False,America
6031,ProYuga Advanced Technologies Ltd,Russia,1990,indie,False,Europe
6032,Procedural Level,Canada,2014,indie,False,America
6033,Procer,Germany,2012,indie,False,Europe
6034,Production Exabilities,USA,1982,indie,False,America
6035,Produzioni Varie e Casuali,Japan,1976,indie,False,Asia
6036,Proeminent Code SRL,Germany,2015,indie,False,Europe
6037,Professional Villains,USA,2017,mid,False,America
6038,Professor Why,Poland,1979,indie,False,Europe
6039,ProgentiorWorks,Sweden,1991,indie,False,Europe
6040,Programancer,USA,1982,indie,False,America
6041,"Programming Johnny Nyman Softwarehut,Character modelling Peter Flygenring Toft",Sweden,1997,indie,False,Europe
6042,Progress Games,Canada,1989,indie,False,America
6043,Progressive Games,Japan,2007,indie,False,Asia
6044,Project 172,Sweden,2009,indie,False,Europe
6045,Project Eril,Poland,1991,indie,False,Europe
6046,Project ICKX,UK,1995,indie,False,Europe
6047,Project Whitecard Studios Inc.,USA,1986,indie,False,America
6048,ProjectMoon,UK,1980,indie,False,Europe
6049,Projects from Basement,UK,2016,indie,False,Europe
6050,Prologue Games,Sweden,2007,indie,False,Europe
6051,"Prometheus Vision Technology Co., Ltd.",Canada,2012,indie,False,America
6052,Prop Logic,USA,2017,indie,False,America
6053,PropilGames,Sweden,1984,indie,False,Europe
6054,Propulsion Games,Russia,2012,indie,False,Europe
6055,ProteanDerg,Canada,2005,indie,False,America
6056,Protection Games,USA,1977,indie,False,America
6057,Protomni Multimedia,USA,1982,indie,False,America
6058,Proton Studio Inc,Russia,2012,indie,False,Europe
6059,Protony Games,UK,1977,indie,False,Europe
6060,Proxy Vision Projects,Germany,1990,indie,False,Europe
6061,PrueLightStudio,USA,2019,indie,False,America
6062,Pseudobug,USA,2021,indie,False,America
6063,Psychor,USA,2004,indie,False,America
6064,Psychotic Psoftware,Poland,2017,indie,False,Europe
6065,Psyonx Studio,UK,1993,indie,False,Europe
6066,Psyop,Sweden,2001,indie,False,Europe
6067,Pterosoft studio,USA,2014,indie,False,America
6068,Ptits Potes N'Co,Germany,2021,indie,False,Europe
6069,Pub Games,France,1976,indie,False,Europe
6070,Puck Redflix,Japan,1984,indie,False,Asia
6071,Puddleside,USA,2010,indie,False,America
6072,Puffer Games,UK,1985,indie,False,Europe
6073,Pufferfish Digital,UK,1990,indie,False,Europe
6074,Pugstorm,UK,2009,indie,False,Europe
6075,"Pulse Check Games, LLC",USA,2011,indie,False,America
6076,Punkmice,Russia,1992,indie,False,Europe
6077,Pura Studio,Germany,2007,indie,False,Europe
6078,Pure Heart Game Studio,USA,2002,indie,False,America
6079,Purisic Games,USA,2005,indie,False,America
6080,Purist Games,Australia,2008,indie,False,Oceania
6081,Purple Game Arts,Germany,2002,indie,True,Europe
6082,Purple Lamp,Poland,1980,indie,False,Europe
6083,Purple Nebula,USA,1982,indie,False,America
6084,Purple Thunder Games,Russia,2021,indie,False,Europe
6085,Purple Void,France,2013,indie,False,Europe
6086,Purring Campfire,USA,1988,indie,False,America
6087,PushStart Studio,USA,1988,indie,False,America
6088,Pusselbit,UK,1975,indie,False,Europe
6089,Puuba,Australia,1977,indie,False,Oceania
6090,Puzzle Game,UK,2007,indie,False,Europe
6091,Puzzle L Porject,UK,2019,mid,True,Europe
6092,PuzzleSpace,USA,1992,indie,False,America
6093,Puzzles by Joe,Japan,1991,mid,False,Asia
6094,Pyramid,USA,1995,mid,False,America
6095,Pyramid Games,Sweden,2019,indie,False,Europe
6096,PyrofrogStudos,USA,2011,indie,False,America
6097,Pyros263,Poland,2005,indie,False,Europe
6098,"Q Switched Productions, LLC",Japan,2022,indie,False,Asia
6099,QJ,Japan,2019,indie,False,Asia
6100,QLOC,Germany,2009,mid,False,Europe
6101,QOVAQ,Germany,2021,indie,True,Europe
6102,QRA-CS,UK,2010,indie,False,Europe
6103,QSN,USA,2003,indie,False,America
6104,QUByte Interactive,Japan,1981,indie,False,Asia
6105,QUIKIN Games,Poland,2014,indie,False,Europe
6106,QZQ Studio,UK,1999,indie,False,Europe
6107,QguGame,Germany,2014,indie,False,Europe
6108,Qian Light  Network Technology,France,1990,indie,False,Europe
6109,QingHe Studio,Germany,2019,indie,False,Europe
6110,Qingmu production team,Japan,2007,indie,False,Asia
6111,Qruppo,UK,1980,indie,False,Europe
6112,QuadCom Interactive,Germany,1995,indie,False,Europe
6113,Quadfix Games,USA,1982,indie,False,America
6114,Quadruple-Q,Canada,2018,indie,False,America
6115,Quail Island Software,Poland,2005,indie,False,Europe
6116,Quaint Emerald,USA,1999,indie,False,America
6117,Quake Business,USA,1982,indie,False,America
6118,Quantaze Interactive,USA,2018,indie,False,America
6119,Quantic Dream,USA,2013,mid,False,America
6120,Quantized Bit,Russia,2000,mid,False,Europe
6121,Quantum Gear Studios,UK,2001,indie,False,Europe
6122,Quantum Quiver Games,France,1981,indie,False,Europe
6123,Quantum Sufficit,USA,1998,indie,False,America
6124,QuantumCipher,UK,1975,indie,True,Europe
6125,QuantumTechno Games,Germany,2016,indie,False,Europe
6126,Quark Game Studio,Russia,1994,indie,False,Europe
6127,Quarlellle,Germany,1986,mid,True,Europe
6128,Quasar Games,Sweden,1999,indie,False,Europe
6129,QubicGames,USA,2022,indie,False,America
6130,Queenfish Games,France,2002,indie,False,Europe
6131,QuickBobber,USA,2002,indie,False,America
6132,Quicksilver Software,USA,1994,indie,False,America
6133,Quiet River,Poland,2006,indie,False,Europe
6134,Quiet Storm,UK,1976,indie,False,Europe
6135,Quill Game Studios,Russia,1994,indie,False,Europe
6136,Quirk Bit Limited,Australia,1987,indie,False,Oceania
6137,Quite Quiet Games,Russia,1976,indie,False,Europe
6138,Qumaron,USA,1998,mid,False,America
6139,Qwiboo Ltd,UK,1999,indie,False,Europe
6140,R C Knight,Poland,1986,indie,False,Europe
6141,R H C s,UK,1993,indie,False,Europe
6142,R. Benny,UK,1996,indie,False,Europe
6143,R. Güray Aslı,UK,1978,indie,True,Europe
6144,R3 Games,Sweden,2002,indie,False,Europe
6145,R8 Games Ltd,USA,1986,indie,False,America
6146,RABIE MOUNTHER TURKI HADDAD,USA,2003,indie,False,America
6147,RAMIC STUDIO,Sweden,2019,indie,False,Europe
6148,RAWRLAB Games,UK,1983,indie,False,Europe
6149,RD's Gaming Studio,France,1999,indie,True,Europe
6150,RE Atelier,USA,1992,indie,False,America
6151,REACTORJOY,USA,1998,indie,False,America
6152,REDSEN GAME,Poland,1991,indie,False,Europe
6153,RETCON Games,Japan,1999,indie,False,Asia
6154,RETSUZAN,USA,2009,indie,True,America
6155,REVVALUTION Studio,Japan,2008,indie,False,Asia
6156,RH POSITIVE,Japan,2006,indie,False,Asia
6157,RIALAB,USA,1980,indie,False,America
6158,RIQPLAY,Germany,1997,indie,False,Europe
6159,RIVERSIDE SPORTS,Russia,1975,mid,False,Europe
6160,ROOM 205,USA,1983,indie,False,America
6161,ROSSCO Games,UK,1991,indie,False,Europe
6162,RP Game Design Pty Ltd,France,2002,indie,False,Europe
6163,RPAX,Canada,1985,indie,False,America
6164,RPG Video,Germany,1989,indie,False,Europe
6165,RPGGAME,Sweden,1996,indie,False,Europe
6166,RPGames,UK,2012,mid,False,Europe
6167,RSK Entertainment,Poland,2009,mid,True,Europe
6168,RSoft Games,Germany,2015,indie,False,Europe
6169,RUOK,Australia,2007,indie,False,Oceania
6170,RUZURA Interactive,USA,2017,indie,False,America
6171,RUzura Interactive,Russia,2007,indie,False,Europe
6172,Rabbit Bay Games,USA,1992,indie,True,America
6173,Rabbit Hole Studios,Canada,2002,indie,False,America
6174,Rabotiagi games,France,1993,indie,False,Europe
6175,Raciebug,UK,1984,indie,False,Europe
6176,Racing Bros,Poland,1979,aaa,False,Europe
6177,Racs Studio,Australia,1984,indie,False,Oceania
6178,RadM,Australia,1993,indie,False,Oceania
6179,Radaev Valentine,France,2022,indie,False,Europe
6180,Radhood,Japan,2014,indie,False,Asia
6181,Radhood Originals,Australia,2003,indie,False,Oceania
6182,Radiance Games,Russia,1988,indie,False,Europe
6183,Radiangames,USA,2016,indie,False,America
6184,Radiation Blue,USA,1985,indie,True,America
6185,RadicalHyena,Poland,2010,indie,False,Europe
6186,Radioactive-Software,Canada,1979,indie,False,America
6187,Radwog Games,UK,1975,indie,False,Europe
6188,Raed Abbas,USA,1979,indie,False,America
6189,Raf1Dev,UK,1990,indie,False,Europe
6190,Rafael Barreto,USA,2020,indie,False,America
6191,Rafael Lopes,USA,2013,indie,False,America
6192,Rage Bear Studios,Australia,1995,indie,False,Oceania
6193,Ragehog Studios,Japan,1984,indie,False,Asia
6194,RagingRam Oy,Sweden,1996,indie,False,Europe
6195,Ragir,Sweden,1975,indie,True,Europe
6196,Ragnar,Sweden,2019,indie,False,Europe
6197,Ragnarökr Project,Russia,2007,indie,False,Europe
6198,Raharabin,Sweden,2003,indie,False,Europe
6199,Rail Slave Games,USA,1979,mid,False,America
6200,Rain Drop Forest Studio,UK,1986,indie,False,Europe
6201,Rain Games,USA,2017,indie,False,America
6202,Rain Jam Games,USA,2002,indie,False,America
6203,Rainbow Arts,Germany,2009,indie,False,Europe
6204,Rainbow Cat Studio,Canada,2005,indie,False,America
6205,Rainbow Games,USA,2020,indie,False,America
6206,RainbowStudio,USA,2016,indie,False,America
6207,Rainier Interactive,Russia,2021,indie,False,Europe
6208,Rainmade Games,USA,2013,indie,False,America
6209,RainySquare Games,Germany,2007,indie,False,Europe
6210,Raithen,USA,2009,indie,False,America
6211,Rake in Grass,Russia,2011,indie,False,Europe
6212,Ralien Studios,Australia,2008,indie,False,Oceania
6213,Rambunny,USA,2019,indie,False,America
6214,Ramify Games,UK,1995,indie,False,Europe
6215,Ramotion Inc.,Canada,2005,indie,False,America
6216,Random,Poland,2018,indie,False,Europe
6217,Random Bird Studio,UK,1977,indie,False,Europe
6218,Random Theory Games,Poland,2013,indie,False,Europe
6219,Randumb Studios,Australia,2020,mid,False,Oceania
6220,Ranger Game,USA,1988,indie,False,America
6221,Rank17,France,2012,indie,False,Europe
6222,Raphael,Germany,1990,indie,False,Europe
6223,Rappid Studios,USA,1982,indie,False,America
6224,Rapscallion,France,2006,indie,True,Europe
6225,Raquel Perez,Sweden,1985,indie,False,Europe
6226,Rara Avis Interactive,Germany,1986,indie,False,Europe
6227,RareFetishGamez,Japan,1978,indie,False,Asia
6228,Rascal Devworks,Germany,1988,indie,False,Europe
6229,Ratalaika Games S.L.,USA,1982,indie,True,America
6230,Rattingham Studios,USA,1975,indie,True,America
6231,Raul Bravo,Canada,1999,indie,False,America
6232,Raum Digital Studio,UK,1977,indie,False,Europe
6233,Raven Games,Japan,2015,indie,False,Asia
6234,Raven Novels,Poland,2018,indie,False,Europe
6235,Raven Software,UK,1975,mid,False,Europe
6236,RavenFist Studios LLC,Poland,1987,indie,False,Europe
6237,Ravens Eye Studio,Russia,1993,indie,False,Europe
6238,Ravenscape Collective,Canada,2010,indie,False,America
6239,Ravinia,UK,1990,indie,False,Europe
6240,Raw Lion Workshop,USA,2007,mid,False,America
6241,Rawr x3 Games,Russia,1992,indie,False,Europe
6242,Ray Hsiao,Russia,2010,indie,False,Europe
6243,Ray Tanner,USA,1994,indie,False,America
6244,Raylight Games S.r.l.s.,Australia,1995,indie,False,Oceania
6245,Rayll Studios,Russia,1977,indie,True,Europe
6246,Raymond Heaton,Canada,1976,indie,False,America
6247,Re trope games,Russia,1986,indie,True,Europe
6248,Re.Chao,Poland,1992,indie,False,Europe
6249,ReHarmony Games,Australia,2012,mid,False,Oceania
6250,Read Play Code,Poland,1996,indie,True,Europe
6251,Ready To Play,Canada,2002,mid,False,America
6252,"Reailty Smash, Inc.",Sweden,1999,indie,False,Europe
6253,Real Epic Development Studios,USA,1975,indie,False,America
6254,RealFire Interactive,UK,1998,indie,False,Europe
6255,Reality Adrift Studio,USA,1980,indie,False,America
6256,Reality Pump Studios,Sweden,1989,indie,False,Europe
6257,ReallyBadOldGames,USA,2003,indie,False,America
6258,Realmforge Studios,USA,2014,indie,False,America
6259,Rear Admiral Games,Sweden,1992,indie,False,Europe
6260,Reb_Orn,Japan,2008,indie,False,Asia
6261,Rebelião Studio,UK,2010,indie,False,Europe
6262,Rebellious Software,Japan,2010,indie,False,Asia
6263,Reboot Arcade,Germany,1999,indie,False,Europe
6264,Rebuilt Games,Germany,2014,indie,False,Europe
6265,RecklessGames UG,UK,2004,indie,False,Europe
6266,Recotechnology S.L.,Germany,2009,indie,False,Europe
6267,Recreat4,Germany,2015,indie,False,Europe
6268,Red Bird Studios,Japan,2018,indie,False,Asia
6269,Red Column,Japan,2014,indie,False,Asia
6270,Red Fables,USA,2012,indie,False,America
6271,Red Frizbee Studios,UK,1979,indie,False,Europe
6272,Red Iron Labs,Sweden,1976,indie,False,Europe
6273,Red Light,USA,1976,indie,False,America
6274,Red Limb Studio,USA,2019,indie,False,America
6275,Red Mount Media,UK,2015,indie,False,Europe
6276,Red Panda Game Studio,Germany,1986,indie,False,Europe
6277,Red Six Development,UK,1980,indie,False,Europe
6278,Red Skald,USA,2011,indie,False,America
6279,Red Storm Entertainment,USA,1979,indie,False,America
6280,Red Wolves Studios,UK,2007,indie,False,Europe
6281,Red13Indie,Australia,2004,indie,False,Oceania
6282,Red82Games,USA,1980,indie,False,America
6283,RedB94,USA,1993,indie,False,America
6284,RedBrickStone Games,USA,1979,indie,False,America
6285,RedDeer.Games,Canada,2016,indie,False,America
6286,RedHorse Studio,USA,2013,indie,False,America
6287,RedLightsStudio,UK,1983,indie,False,Europe
6288,RedRockGameStudios,USA,1984,indie,False,America
6289,RedRoulette9 Games,Japan,2007,indie,False,Asia
6290,RedRuins Softworks,Japan,2020,indie,False,Asia
6291,RedWhaleGames,Sweden,1991,indie,False,Europe
6292,RedZone Studios LLC,UK,1983,indie,False,Europe
6293,Redbeak Games,Germany,2018,indie,False,Europe
6294,Redblack Spade,Japan,1977,indie,False,Asia
6295,Redbrick Studios Ltd,Russia,1983,indie,True,Europe
6296,Redseed Game Studio,Germany,1983,indie,False,Europe
6297,Redsroll,UK,1975,indie,False,Europe
6298,Redwood Games,USA,2021,indie,True,America
6299,Redx9,France,1989,indie,False,Europe
6300,Reece Geofroy,Sweden,2001,indie,False,Europe
6301,Reed,USA,1985,indie,False,America
6302,Refactor Games,USA,2005,indie,False,America
6303,Reflections,Japan,2010,indie,False,Asia
6304,Reflux Interactive,Sweden,1992,indie,True,Europe
6305,RegiGames,USA,2008,indie,False,America
6306,Regolith Interactive,Sweden,2008,indie,False,Europe
6307,Regro Studio,Canada,2020,indie,False,America
6308,Regular Studio,USA,2001,indie,False,America
6309,Reid Annin,Australia,2009,indie,False,Oceania
6310,Reido,Russia,1998,indie,True,Europe
6311,Reijo,USA,1997,mid,False,America
6312,Reikon Games,France,1978,indie,False,Europe
6313,Reimsas,Germany,1975,indie,False,Europe
6314,Reine Works,Poland,1981,indie,False,Europe
6315,Reinkout Games,France,1995,indie,False,Europe
6316,Reiza Studios,USA,1977,mid,False,America
6317,Rejet,USA,2003,mid,False,America
6318,Rekall Games,Germany,1987,indie,True,Europe
6319,Rekijoki Games,Japan,2002,indie,False,Asia
6320,Relevo,Canada,1975,indie,False,America
6321,Relgigas,USA,2019,indie,False,America
6322,Relic Entertainment,France,2007,mid,False,Europe
6323,Reloaded Studios,UK,2020,indie,False,Europe
6324,Remix Games,USA,2016,mid,False,America
6325,Remke Albrecht,Germany,2004,indie,False,Europe
6326,Render Farm Studios,Germany,1988,indie,False,Europe
6327,Renderise,UK,1983,indie,False,Europe
6328,Renegade Sector Games,USA,2005,mid,False,America
6329,Reno Games,UK,2021,indie,False,Europe
6330,Repair Garage Japan,France,2021,indie,False,Europe
6331,Repairer of Reputations,USA,2005,indie,False,America
6332,Repixel8,UK,2009,indie,False,Europe
6333,Reptoid Games,Sweden,2021,indie,False,Europe
6334,Repulse,USA,1996,indie,True,America
6335,Reroll Gaming,UK,2010,indie,False,Europe
6336,Resonair,UK,2018,indie,False,Europe
6337,Respect Studios,Japan,1993,indie,False,Asia
6338,Respublica-Games,Sweden,2021,indie,False,Europe
6339,Restock,USA,1990,indie,False,America
6340,Restory Studio,Sweden,2001,indie,False,Europe
6341,Retr0A,UK,1992,indie,False,Europe
6342,Retro Gears,Japan,2022,indie,False,Asia
6343,Retro Twist Games,USA,2010,indie,False,America
6344,Retro Warp Gaming,Canada,1991,indie,False,America
6345,Retroactive Fort,Sweden,2007,indie,False,Europe
6346,Retrofied Games,UK,1986,indie,False,Europe
6347,Retroware,USA,2015,indie,False,America
6348,Retsu Teikoku,USA,1983,mid,False,America
6349,"Return To Adventure Mountain, LLC",UK,1978,mid,False,Europe
6350,Return to Play,Japan,1992,indie,False,Asia
6351,ReversalWorks,UK,2003,indie,False,Europe
6352,Reverse Impact,UK,1998,indie,False,Europe
6353,ReverseGames,USA,2011,indie,False,America
6354,Revmatek,Poland,2013,indie,True,Europe
6355,Revolab,Sweden,1995,indie,False,Europe
6356,Revolt Games,Japan,2019,indie,False,Asia
6357,RewindApp,USA,2013,aaa,False,America
6358,RewingAge,USA,1980,indie,False,America
6359,RexBits,Japan,2007,indie,False,Asia
6360,RexTo Studios,USA,2018,indie,True,America
6361,Reynard Films,UK,1993,indie,False,Europe
6362,Reza Mirzaei,Japan,1999,indie,False,Asia
6363,Rezzil,Canada,1985,indie,False,America
6364,RhinoGearz,UK,2014,mid,False,Europe
6365,Rho Labyrinths GmbH,USA,1992,indie,False,America
6366,Rhowsl,USA,1986,indie,False,America
6367,Ribcat Games,Sweden,2017,indie,False,Europe
6368,RiceCrab Studios,Japan,1995,indie,False,Asia
6369,RiceyCode Studios,Sweden,1997,indie,False,Europe
6370,Richard Boeser,USA,1985,indie,False,America
6371,Richard Bueno,Russia,2019,indie,False,Europe
6372,Richard Cheng,USA,1982,indie,False,America
6373,Richard Cowgill,Poland,1986,indie,False,Europe
6374,Richard Hörnig,UK,2016,indie,False,Europe
6375,Richard Letran,Germany,2003,mid,False,Europe
6376,Richard Sherriff,France,1977,indie,False,Europe
6377,Richter Games,USA,2006,indie,False,America
6378,Riddik,Japan,1987,indie,False,Asia
6379,"Rideon Works Co. Ltd,",Japan,2010,mid,True,Asia
6380,"Rideon,Inc.",UK,2022,indie,False,Europe
6381,RideonJapan,UK,1976,mid,False,Europe
6382,Ridiculon,France,1979,indie,True,Europe
6383,RifRaf Games,Australia,1993,indie,False,Oceania
6384,Rift Haven,France,1994,indie,False,Europe
6385,RiftBreak Software,USA,2019,indie,False,America
6386,RiftyGames,USA,1992,indie,False,America
6387,Righteous Hammer Games,Sweden,1988,indie,False,Europe
6388,Rikardo,Japan,2019,indie,False,Asia
6389,Riley Sampson,USA,1979,indie,False,America
6390,RillyBoss Studios,France,1981,indie,False,Europe
6391,Rincho Games,Australia,1996,indie,False,Oceania
6392,Ring Mountain,France,1986,indie,False,Europe
6393,Rionix,UK,1990,indie,False,Europe
6394,Ripknot Systems,Canada,1996,mid,False,America
6395,Rising Fun Games,UK,1979,indie,True,Europe
6396,Ritual Games,UK,2006,indie,False,Europe
6397,Rivardus,Germany,2016,indie,True,Europe
6398,River,Germany,2010,indie,False,Europe
6399,River Studios,Germany,2020,indie,False,Europe
6400,Rixment,USA,2019,indie,False,America
6401,Riyko Games,Australia,2007,indie,False,Oceania
6402,Rmonak,Canada,2020,indie,False,America
6403,RoamingPoetXi,USA,1987,indie,False,America
6404,Rob Ager,USA,2012,indie,False,America
6405,Rob Fraser,Australia,1989,indie,True,Oceania
6406,Rob Howland,UK,2004,indie,False,Europe
6407,Rob Jinman,Poland,1985,indie,False,Europe
6408,RobCrash,USA,1985,indie,False,America
6409,RobProductions,Poland,1979,mid,False,Europe
6410,Robbie Hogan,Australia,1995,indie,False,Oceania
6411,Robert Crossfield,Sweden,1986,indie,False,Europe
6412,Robert Tyler,Japan,1991,indie,False,Asia
6413,Robo Pixel Games,USA,1986,indie,False,America
6414,RoboDev,Germany,1984,indie,False,Europe
6415,RoboHuman Studios,USA,1996,indie,False,America
6416,Robogame Studios,USA,2022,indie,False,America
6417,Robot Assembly,Germany,2016,indie,False,Europe
6418,Robot Atomico,Japan,2018,indie,True,Asia
6419,Robot Circus,USA,2015,indie,False,America
6420,Robot Entertainment,Germany,2001,indie,False,Europe
6421,Robot House,USA,1984,indie,False,America
6422,Robot Legs Games,USA,1999,indie,False,America
6423,Robot Loves Kitty,USA,1983,indie,False,America
6424,Robot Riot UG (haftungsbeschränkt),USA,2018,indie,False,America
6425,Robot Teddy,Australia,2004,indie,False,Oceania
6426,Robson ZImmermann,Sweden,2011,indie,False,Europe
6427,Rock Candy Games,Australia,2003,indie,False,Oceania
6428,Rock Pocket Games,Germany,1986,indie,False,Europe
6429,Rocker41,Germany,2012,indie,False,Europe
6430,Rocket Banana,UK,2000,indie,True,Europe
6431,Rocket Production Game,Australia,1990,indie,False,Oceania
6432,Rocket Rat Games,Russia,1986,indie,False,Europe
6433,Rocket-in-Bottle,Sweden,1984,indie,False,Europe
6434,RocketBrush Games,UK,1986,indie,False,Europe
6435,RocketWerkz,Japan,2004,indie,False,Asia
6436,"Rocketeer Games Studio, LLC",Canada,1983,indie,True,America
6437,Rockstar North,Japan,1980,indie,False,Asia
6438,Rocksteady Studios,Poland,1989,indie,False,Europe
6439,Rockus Games,Germany,1986,indie,False,Europe
6440,Rocky Games,Canada,1985,indie,False,America
6441,RodentGames,Russia,2021,indie,False,Europe
6442,Roenko Games,USA,2008,mid,False,America
6443,Roger Kaffer,Germany,2006,indie,False,Europe
6444,Roger von Biersborn,Canada,2011,indie,False,America
6445,Rogue Brain Studios,USA,1982,indie,False,America
6446,Rogue Factor,USA,1998,indie,False,America
6447,Rogue Star,Germany,2021,indie,False,Europe
6448,Roican,UK,2022,indie,False,Europe
6449,Rokas,Australia,1985,indie,False,Oceania
6450,Roll Mops Interactive,USA,2010,indie,False,America
6451,Rolling Cat Studio,Canada,1996,mid,False,America
6452,Rolling Crown,Japan,2019,indie,False,Asia
6453,Romain Bourbon,USA,2010,indie,False,America
6454,Roman Kozhukhov,France,1984,indie,False,Europe
6455,Roman Shuvalov,Germany,1986,mid,False,Europe
6456,Roman Stasyshyn,USA,1994,indie,False,America
6457,Romantic Room,France,2007,indie,False,Europe
6458,Rome Renner,Canada,2005,mid,False,America
6459,Ronald Elizondo,USA,2010,indie,False,America
6460,Ronald Wang,USA,1983,indie,False,America
6461,Ronik Games Group,Poland,1989,indie,False,Europe
6462,Ronimo Games,Australia,1978,indie,False,Oceania
6463,Ronthelawn,USA,2006,indie,False,America
6464,Rooftop Dog,France,2021,indie,False,Europe
6465,RoomsForRockets,Russia,2008,indie,False,Europe
6466,Roots Games,USA,1998,indie,False,America
6467,Rootton Endeavours,Canada,2019,indie,True,America
6468,Roppy Chop Studios,USA,2015,mid,False,America
6469,Rosa Special Studio,USA,2015,mid,False,America
6470,Rose Lane Games,USA,2020,indie,False,America
6471,Rosetta,USA,1983,indie,False,America
6472,Ross Champion,Japan,1997,indie,False,Asia
6473,Ross Joseph Gardner,USA,1981,indie,False,America
6474,Rough Skin,Canada,1977,indie,False,America
6475,Round Squares Studios LTD,Russia,2007,indie,False,Europe
6476,Round2Games,UK,1978,indie,False,Europe
6477,"RoushTech, LLC",UK,1975,indie,False,Europe
6478,Route 66 Games,Poland,1997,indie,False,Europe
6479,Rowan Software,Germany,2003,indie,False,Europe
6480,Rowan Wood,UK,2012,indie,False,Europe
6481,Rowen Horton,Germany,1983,indie,False,Europe
6482,Roxer,Canada,2016,indie,False,America
6483,Roxiano Creations,Germany,2001,indie,False,Europe
6484,Roxra,Poland,2022,indie,False,Europe
6485,Roy Wales,USA,2013,indie,True,America
6486,Royal Deal Games,Australia,2012,indie,False,Oceania
6487,Royal Polygon,Germany,1982,indie,False,Europe
6488,Royex Studio,USA,1990,indie,False,America
6489,Rozae Arts,Russia,1992,indie,False,Europe
6490,Rredbird Studios,UK,1985,indie,False,Europe
6491,Ruairi,USA,1987,indie,False,America
6492,Ruben Pecellin,UK,1975,indie,False,Europe
6493,Ruben Ribes Gil,UK,2010,indie,False,Europe
6494,Ruddy Garcia Heredia,Australia,2001,indie,False,Oceania
6495,Rude Gnome Games,Sweden,2004,indie,False,Europe
6496,Rugbug Redfern,Sweden,1977,indie,False,Europe
6497,Ruhut Soft,Canada,1984,indie,False,America
6498,Rukerama Studio,Japan,2000,indie,False,Asia
6499,RunRun,USA,2012,indie,False,America
6500,Rushil Reddy,Russia,1991,indie,False,Europe
6501,Rushimarudo,USA,2002,indie,False,America
6502,Rusimitu Games,USA,1994,mid,False,America
6503,Ruskija game experience,USA,1989,indie,False,America
6504,Russian Devs Against The War,UK,1994,indie,False,Europe
6505,Russian Implant Games,UK,2004,indie,False,Europe
6506,Rusty Bolt,Poland,1999,indie,False,Europe
6507,Rusty Hinge,Sweden,1982,indie,False,Europe
6508,Rusty Lake,Australia,1991,mid,False,Oceania
6509,Rusty Pipes Games,UK,1983,indie,False,Europe
6510,Ryab Studios,Canada,2016,indie,False,America
6511,Ryan,UK,2018,indie,False,Europe
6512,Ryan (Gray) Nobles,Canada,2007,indie,False,America
6513,Ryan Haglund,Australia,2009,indie,False,Oceania
6514,Ryan Joseph,Australia,2013,indie,False,Oceania
6515,Ryan McQuiston,France,2022,indie,False,Europe
6516,Ryan Stephen,UK,2015,indie,False,Europe
6517,Rylan Yancey,UK,2020,indie,False,Europe
6518,Ryo Suzuki,France,2018,indie,False,Europe
6519,Rémi Forcadell,USA,2010,indie,False,America
6520,Rémi Fusade,USA,1983,indie,False,America
6521,Rückert Broductions,Australia,1993,indie,False,Oceania
6522,S Games,Australia,1986,indie,False,Oceania
6523,S-studio,France,1998,indie,False,Europe
6524,S. Relaxing Games,USA,1991,indie,False,America
6525,S.C. 16 BIT NIGHTS S.R.L.,Australia,1977,indie,False,Oceania
6526,S.Y. Games,USA,1980,indie,False,America
6527,SAFING,UK,2017,indie,False,Europe
6528,SANDBOX Games,UK,1998,mid,False,Europe
6529,SANDLOT,USA,2004,indie,False,America
6530,SAT-BOX,UK,2019,aaa,False,Europe
6531,SATZKI SOFT,USA,1996,indie,False,America
6532,SAWRED,UK,2020,indie,False,Europe
6533,SC Jogos,Russia,1992,mid,False,Europe
6534,SCAD Students & Faculty,Australia,2015,indie,False,Oceania
6535,SCRAWL Studio,USA,1990,indie,False,America
6536,SCS Software,Germany,1992,indie,False,Europe
6537,SCT,Sweden,2013,indie,False,Europe
6538,SDG Games,UK,1979,indie,False,Europe
6539,"SE Mobile and Online Co.,Ltd.",Sweden,1983,indie,False,Europe
6540,SEEC Inc.,UK,1998,indie,True,Europe
6541,SEEP,Canada,1975,mid,False,America
6542,SEKTOR GAMES,Sweden,2014,mid,False,Europe
6543,SEO SOFT,UK,1980,indie,False,Europe
6544,SERIALGAMES Inc.,USA,2000,indie,False,America
6545,SFCO Games,UK,1998,indie,False,Europe
6546,SFVR,UK,2003,indie,False,Europe
6547,SG Data,Poland,1990,indie,True,Europe
6548,SH Studio,Sweden,1992,indie,False,Europe
6549,SHADE Inc.,UK,2020,indie,False,Europe
6550,SHE CHUANGFENG,USA,1986,indie,False,America
6551,SHIBO GAMES,Sweden,1993,mid,False,Europe
6552,SHINING GAMES,France,1991,indie,False,Europe
6553,SHOKIZM INTERACTIVE,Germany,1990,indie,False,Europe
6554,SIGONO INC.,USA,2001,indie,False,America
6555,SIXDOTS,UK,1995,indie,False,Europe
6556,SJ GAMES,USA,1978,mid,False,America
6557,SJ Games,UK,2017,indie,False,Europe
6558,SKIPMORE,USA,2018,indie,False,America
6559,SKOOTA GAMES,USA,2016,indie,False,America
6560,SKSK団,USA,2008,indie,False,America
6561,SL,Sweden,1984,indie,False,Europe
6562,SLASH,USA,2021,mid,False,America
6563,SLIDDES,USA,2010,indie,False,America
6564,SLM PRODUCTION,USA,1998,indie,False,America
6565,SMB CLUB,France,2022,indie,False,Europe
6566,SMG Studio,Japan,2007,indie,False,Asia
6567,SMIRKSMILEGRIN GAMES,USA,2018,indie,False,America
6568,SMU Guildhall,Canada,1978,mid,False,America
6569,SNK CORPORATION,USA,1985,indie,False,America
6570,SOFTSTAR ENTERTAINMENT,Sweden,2018,indie,True,Europe
6571,SOFTSTAR TECHNOLOGY(BEIJING)CO.LTD,Germany,1996,mid,False,Europe
6572,SOMMIT GAMES,Poland,1989,indie,False,Europe
6573,SONNORI Corp,Japan,1983,indie,False,Asia
6574,SP GAMES,UK,1995,indie,False,Europe
6575,SP Possibilities,USA,1975,indie,False,America
6576,SPIDERWORKS,Sweden,2016,mid,False,Europe
6577,SPRITE!,Sweden,2015,indie,False,Europe
6578,SQUARE PIXELS,Poland,2003,indie,False,Europe
6579,SRCS,USA,1998,indie,False,America
6580,SRİO,Japan,1977,indie,True,Asia
6581,SSP Games,Sweden,2005,indie,False,Europe
6582,SSamBBas,USA,1983,indie,False,America
6583,ST Studios,USA,2004,indie,False,America
6584,STARFISH SD,Australia,1982,indie,False,Oceania
6585,STARxSTAR,France,1989,indie,False,Europe
6586,STORIA,Canada,1982,indie,False,America
6587,"STUDIO 8LEGS Co., Ltd",USA,2000,indie,False,America
6588,STUDIO EORARI,France,1980,indie,False,Europe
6589,STUDIO HG,USA,1977,indie,False,America
6590,STUDIO UBAI,USA,2014,indie,False,America
6591,STuNT,Canada,2008,mid,False,America
6592,SUBLEVEL ONE STUDIOS,USA,2021,indie,True,America
6593,SUKEBE NINJIN,France,2011,indie,False,Europe
6594,SUNSOFT,Poland,1990,mid,False,Europe
6595,SUPER STARMINE,Canada,2014,indie,False,America
6596,"SURREALIST GAMES, LLC",Sweden,2017,indie,False,Europe
6597,SVGames,Sweden,1984,indie,False,Europe
6598,SYNERGY,France,2003,indie,False,Europe
6599,Saad Al-Humaidan,France,2008,indie,False,Europe
6600,Saber Fight VR,USA,1993,indie,False,America
6601,Saber Interactive,Japan,2019,indie,False,Asia
6602,Sabiá Studios,Russia,1989,indie,False,Europe
6603,Sable Game Studios,USA,1989,indie,False,America
6604,Sabotage Studio,USA,1997,indie,False,America
6605,Sabrina Aridi,Japan,1980,mid,False,Asia
6606,Sacada,Germany,2004,mid,True,Europe
6607,Sacred Star Team,USA,2013,indie,False,America
6608,Saga Legends Games,Australia,2007,indie,False,Oceania
6609,Sai Attack,Poland,1987,indie,False,Europe
6610,Sai Game,USA,2006,indie,False,America
6611,Saif Al-Ethawi,UK,1997,indie,False,Europe
6612,Saikono,Australia,2010,indie,False,Oceania
6613,Sailors Moon Studios,Australia,2018,indie,False,Oceania
6614,SaintWorks,Australia,2020,indie,False,Oceania
6615,Sakura Mangekyou,Poland,2017,indie,False,Europe
6616,Sakura River Interactive,France,2020,indie,False,Europe
6617,Sakura Studios,Germany,1991,indie,False,Europe
6618,Salamandra88,Japan,1995,mid,False,Asia
6619,Salavat Kasimov,USA,1984,indie,False,America
6620,Salmi Games,Australia,1988,indie,False,Oceania
6621,"Salmon Raws, LLC.",Australia,1984,indie,False,Oceania
6622,Salt Castle Studio,Sweden,2007,indie,True,Europe
6623,Salt Grain Studio,USA,2013,indie,False,America
6624,Salty Sloth Studios L.L.C.,Australia,1997,indie,False,Oceania
6625,SaltyGames,Canada,2022,indie,False,America
6626,Sam Barlow,Canada,2017,indie,False,America
6627,Sam Robinson,France,1986,indie,False,Europe
6628,Samet Acar,Australia,2000,aaa,False,Oceania
6629,Samharia Studios,USA,2014,indie,False,America
6630,Sami Kilani,UK,1998,indie,False,Europe
6631,Sample Text Studio,Sweden,1990,indie,False,Europe
6632,Samuel Hawes,France,2021,indie,False,Europe
6633,Samuel Leigh,Russia,1979,indie,False,Europe
6634,Samuel Sales Gomes,USA,1978,indie,False,America
6635,SandStormeStudio,Canada,2006,indie,False,America
6636,Sander Bos,Poland,1975,indie,False,Europe
6637,Sandro Figo,UK,2010,indie,False,Europe
6638,Sanguine Studios,Russia,2016,indie,False,Europe
6639,"Sansar, Inc",USA,2017,indie,False,America
6640,Santa Monica Studio,Russia,1986,indie,False,Europe
6641,Santiago Medina,USA,1993,indie,False,America
6642,Saona Studios,USA,2021,indie,False,America
6643,Sapphire Dragon Productions,UK,1979,mid,False,Europe
6644,Sarah Luiza da Rocha Santos,USA,2005,indie,True,America
6645,Sarchalen Visual Media,UK,2011,indie,False,Europe
6646,Sasha-Toi,USA,2015,mid,False,America
6647,Sasikumar Muthusamy,UK,2002,indie,False,Europe
6648,Sati Bros,USA,1979,indie,False,America
6649,Sato Fumiya,Sweden,1996,mid,False,Europe
6650,Satsu,USA,2011,indie,False,America
6651,Saturn VR,USA,2021,indie,False,America
6652,Saucy Melon,Australia,2012,indie,False,Oceania
6653,Sautilus,Germany,1997,indie,False,Europe
6654,Savage Old Gamers,USA,1975,indie,False,America
6655,Savanna Developments,USA,1985,indie,False,America
6656,Savepoint Studio,USA,1975,indie,False,America
6657,Savepoint Studios,Poland,2006,indie,False,Europe
6658,SavySoda,Canada,1980,indie,False,America
6659,SawaiwaGame,USA,1987,indie,False,America
6660,Sawyer Friend,Russia,2002,indie,False,Europe
6661,SayGames Ltd,France,2004,indie,False,Europe
6662,Scalding Soup Studios,France,2000,indie,True,Europe
6663,ScapeGoat,Australia,2005,indie,False,Oceania
6664,Scarlet Studio,USA,2006,indie,False,America
6665,Scary Bee LLC,USA,2013,mid,False,America
6666,Scary Creepy Pasta,USA,2003,indie,False,America
6667,Schell Games,Canada,1976,indie,False,America
6668,Schism,UK,2011,indie,False,Europe
6669,Schism Worldwide,Germany,2005,indie,False,Europe
6670,Schmidt Workshops,Japan,1990,mid,False,Asia
6671,School Lab,Sweden,2015,indie,False,Europe
6672,Schunkie Games,Sweden,2019,indie,False,Europe
6673,Schwan OG,USA,2013,mid,False,America
6674,SciFunGames,Russia,1996,indie,False,Europe
6675,Scorching Summer,USA,2007,indie,False,America
6676,Score Studios LLC,Russia,2015,indie,False,Europe
6677,Scoria Studios,USA,1984,indie,True,America
6678,Scott A. Cooke,USA,1979,indie,False,America
6679,Scott Bauer,USA,1997,indie,False,America
6680,Scott Garner,UK,1993,indie,False,Europe
6681,Scott H.F. Dunbar,Japan,1993,mid,False,Asia
6682,Scott Host,Canada,1975,indie,False,America
6683,Scott Howie,Australia,2004,indie,False,Oceania
6684,Scout Game Studios,UK,2017,indie,False,Europe
6685,Screambox Studio,Japan,1994,indie,False,Asia
6686,Screaming Bee,Germany,1994,indie,False,Europe
6687,Screations,USA,1987,indie,False,America
6688,Screwy Lightbulb,UK,2019,indie,False,Europe
6689,Scythe Dev Team,USA,1996,indie,True,America
6690,Sea Devil Raider Games,UK,1997,indie,False,Europe
6691,Sea Lio,USA,1987,indie,True,America
6692,SeaPhoenix,Canada,1992,indie,False,America
6693,Seal the Deal Games,France,2004,indie,False,Europe
6694,Sean Lee,USA,2015,indie,False,America
6695,Sean Mombourquette,UK,2011,indie,False,Europe
6696,Sean N Richardson,USA,1988,indie,True,America
6697,Sean O'Connor,UK,2004,indie,False,Europe
6698,Sean Park,USA,1997,indie,False,America
6699,Sean Piche,Germany,2004,indie,False,Europe
6700,Sean Porio,USA,1994,indie,False,America
6701,Sean Scaplehorn,USA,1995,indie,False,America
6702,Seatribe,Sweden,2014,indie,False,Europe
6703,Seaven Studio,Poland,1996,indie,False,Europe
6704,SebDev,UK,1993,indie,False,Europe
6705,Sebastian Kemper,Japan,1994,mid,False,Asia
6706,Sebastian Lind,Russia,1993,indie,False,Europe
6707,Sebastian Stuhlberger,UK,1991,indie,False,Europe
6708,Second Avenue Learning,Russia,1994,mid,False,Europe
6709,SecondFox,UK,2013,indie,False,Europe
6710,SecreD,Russia,1990,indie,False,Europe
6711,Secret Garden,Australia,1991,indie,False,Oceania
6712,Secret Labo,Japan,1989,mid,False,Asia
6713,Secret Lunch,USA,2001,indie,False,America
6714,SeedWall,Germany,2018,mid,False,Europe
6715,Seedy Eye Software,Canada,1985,indie,False,America
6716,SeenKid,USA,1996,indie,False,America
6717,SeithCG,USA,2021,indie,False,America
6718,Seito Games,Sweden,2011,mid,False,Europe
6719,Seizo Games,Germany,2008,indie,False,Europe
6720,Sejadasi,Sweden,1981,indie,False,Europe
6721,Sejong ST Plan,USA,1975,indie,False,America
6722,SekaiFrieden,Russia,2003,indie,False,Europe
6723,Sektan,Canada,1982,indie,False,America
6724,Selecta Play,Russia,2005,indie,False,Europe
6725,SelfMadeGames,Sweden,2008,indie,False,Europe
6726,SelianiDEV,USA,2020,indie,False,America
6727,SeluGames,UK,2005,mid,False,Europe
6728,Semenov Iurii,USA,1983,indie,True,America
6729,Semi Random Games,USA,1994,indie,False,America
6730,Sen Games,Japan,1994,indie,False,Asia
6731,Senerio,USA,2021,indie,False,America
6732,Seniattus Studios,Germany,1976,indie,False,Europe
6733,Sensation Games,Canada,1997,indie,False,America
6734,Sensen Games,Russia,1988,indie,False,Europe
6735,Senshi.Labs,Japan,2000,indie,False,Asia
6736,Sensible Brain,Germany,2013,indie,False,Europe
6737,Sentinel Studios,UK,1996,indie,False,Europe
6738,Septime Studios,Poland,1975,indie,False,Europe
6739,Sepxikon,Japan,1980,indie,False,Asia
6740,Seraphall,France,1979,indie,False,Europe
6741,Seraphim Creations,UK,1994,indie,False,Europe
6742,Serein,Canada,2000,indie,False,America
6743,Serendipity Films,USA,1989,mid,False,America
6744,Serenity Forge,Germany,1978,indie,False,Europe
6745,Serf100,USA,1986,indie,False,America
6746,Serge Kornew,UK,2017,indie,False,Europe
6747,Sergei Minin,USA,1990,indie,False,America
6748,Sergey Domashenkin,Japan,1986,indie,False,Asia
6749,Sergey Sevostyanov,USA,1981,indie,True,America
6750,SergeyDoes,USA,2003,indie,False,America
6751,Sergi Sabater,UK,2022,indie,False,Europe
6752,Serhii Khramov,Russia,2000,indie,False,Europe
6753,Serious Games Interactive,Germany,1976,indie,True,Europe
6754,Serj,Russia,2016,indie,False,Europe
6755,Serpentine Arts Technologies,Canada,1984,indie,False,America
6756,Session Seven Team,USA,2012,indie,False,America
6757,Session Studios,USA,2016,indie,False,America
6758,Seth,France,2006,indie,False,Europe
6759,Seth Johnson,USA,2004,indie,False,America
6760,Seven Blue Pixels,Australia,1994,indie,False,Oceania
6761,Seven Games,UK,1984,indie,False,Europe
6762,Seven Sails Games,Russia,1998,mid,False,Europe
6763,Seven Seas Software,USA,2010,indie,False,America
6764,Sever,USA,2000,indie,False,America
6765,ShLeks,Japan,1996,indie,False,Asia
6766,Shadow Factory,Russia,1985,mid,False,Europe
6767,Shadow Gengis,USA,1984,indie,False,America
6768,Shadowless Gaming,USA,1983,indie,True,America
6769,Shaftesbury Lucid Inc,UK,2011,indie,False,Europe
6770,Shaggles,USA,1975,indie,False,America
6771,ShallowStomach,USA,1991,indie,False,America
6772,Shaman Games,Japan,2021,indie,False,Asia
6773,Shaman Games Studio,Canada,2002,indie,False,America
6774,Shaman Garage,UK,1975,indie,False,Europe
6775,Shanbo Studio,Japan,2005,indie,False,Asia
6776,ShaneGame,UK,1995,mid,False,Europe
6777,"Shanghai Niuka Network Technology Co.,Ltd.",Russia,1986,indie,False,Europe
6778,"Shanghai Superpoint Technology Co.,Ltd.",UK,1978,indie,False,Europe
6779,"Shanghai ThinkingBear Network Technology Co.,Ltd",Sweden,1989,indie,False,Europe
6780,Shanhai Entertainment,Germany,1991,indie,False,Europe
6781,Shape Space VR,USA,1976,indie,False,America
6782,Shapeshift Entertainment ApS,Canada,1983,indie,True,America
6783,SharF Co.,Germany,2004,mid,False,Europe
6784,Shark Punch,Australia,2012,indie,False,Oceania
6785,SharkFishFish,Russia,1976,indie,False,Europe
6786,SharkGame,Canada,1985,indie,False,America
6787,Sharkbowl Games,USA,1978,indie,False,America
6788,Sharktales.,USA,2021,indie,False,America
6789,Shattered Mirror,Poland,2017,indie,False,Europe
6790,Shatterproof Games,Japan,1981,indie,False,Asia
6791,Shawn Huang Fernandes,Japan,2015,indie,False,Asia
6792,Shawn Kilian,UK,1991,indie,False,Europe
6793,Shawn Singh,France,2013,indie,False,Europe
6794,Shayride Studios,USA,1991,indie,False,America
6795,Shea Kelly,UK,2009,indie,False,Europe
6796,Sheado.net,Sweden,2003,indie,False,Europe
6797,Shedworks,Canada,2015,indie,False,America
6798,Sheer Studios,Japan,1979,mid,False,Asia
6799,Shichifu,UK,1977,indie,False,Europe
6800,Shieldbreaking Games,Germany,2019,indie,False,Europe
6801,ShiinaYashiro,UK,2009,indie,False,Europe
6802,Shin Tomura,USA,2007,indie,False,America
6803,Shinou Game Studio,USA,1990,indie,False,America
6804,Shiny Entertainment,France,2003,indie,False,Europe
6805,Shinypix,Australia,1986,indie,False,Oceania
6806,Shinyuden,USA,1978,indie,False,America
6807,Shipside Company,Japan,2007,indie,True,Asia
6808,ShiroKuroSoft,Canada,2019,indie,False,America
6809,Shmoops Games,Russia,2022,indie,False,Europe
6810,Shobhit Dhamania,France,1979,indie,False,Europe
6811,Shockah,USA,2006,mid,False,America
6812,Shokunin,USA,2015,indie,False,America
6813,Shooter,Germany,1997,indie,False,Europe
6814,Shorebound Studios,Australia,2014,indie,False,Oceania
6815,Short Circuit Studios,UK,2013,indie,False,Europe
6816,ShortStackStudio,Sweden,1982,indie,False,Europe
6817,Shoujo City Developer,USA,1984,indie,False,America
6818,Shuffle Studio,Australia,2022,indie,False,Oceania
6819,Shumkov Dmitriy,USA,2004,indie,False,America
6820,Shupernom LTD,USA,1993,indie,False,America
6821,Sibcat Team,USA,1986,indie,False,America
6822,Siberius Studio,UK,1991,indie,False,Europe
6823,Siddharth Sivaraman,France,1987,indie,False,Europe
6824,Side B Gaming,Russia,1975,indie,False,Europe
6825,Sidekick Animation Studio Ltd.,Poland,1987,indie,False,Europe
6826,Sidewalk Game Studios,USA,2003,indie,False,America
6827,Sideways GameStudio,Poland,1994,indie,False,Europe
6828,Sierra,Japan,2007,indie,False,Asia
6829,Sierra Entertainment,Sweden,1975,indie,False,Europe
6830,Sierra Lee,USA,1985,indie,True,America
6831,SiggoGames,UK,2018,indie,False,Europe
6832,Signal Space Lab,Japan,1997,indie,False,Asia
6833,Sigyaad Team,Russia,1995,indie,False,Europe
6834,Silent Bear Studio,Canada,2006,indie,False,America
6835,Silent Fox,Canada,1986,indie,False,America
6836,Silent Guardian Technologies,France,1988,indie,False,Europe
6837,Silent Legends,Sweden,2022,indie,False,Europe
6838,"Silent S Studios, LLC",USA,1986,indie,False,America
6839,Silhouette Valley Games,Japan,1995,indie,False,Asia
6840,Silhouette Wolf,USA,1997,indie,False,America
6841,Silken Dusk Games,USA,1980,indie,False,America
6842,Siluman Soft,UK,1980,indie,False,Europe
6843,Silver,France,1976,indie,False,Europe
6844,Silver Cow Studio,Germany,1985,indie,False,Europe
6845,Silver Ink Studios,USA,1979,indie,False,America
6846,SilverForge,Poland,2001,indie,False,Europe
6847,SilverSkill Games,USA,1995,indie,False,America
6848,Silversoft,France,2012,indie,False,Europe
6849,SimBin Studios AB,Japan,2004,indie,False,Asia
6850,SimProse Studios,Poland,2016,mid,False,Europe
6851,SimRail S.A.,Poland,2021,indie,False,Europe
6852,SimTex,Russia,1986,indie,True,Europe
6853,Simernes,UK,1996,indie,False,Europe
6854,Similitude,France,1976,indie,False,Europe
6855,Simionescu Mihnea,Germany,1981,indie,False,Europe
6856,Simm Games LLC,Canada,1989,indie,False,America
6857,Simnetic Game,Russia,1977,indie,True,Europe
6858,Simofun,Germany,1989,indie,False,Europe
6859,Simon Eriksson,USA,2016,indie,False,America
6860,SimonCreative,Poland,1981,indie,False,Europe
6861,Simone Del Signore,USA,1979,indie,False,America
6862,Simone Filippini,USA,2017,indie,False,America
6863,Simple Gaming - JVJ,USA,1998,indie,False,America
6864,SimpleDes,Poland,2009,indie,False,Europe
6865,SimplePlan,Japan,2000,indie,False,Asia
6866,Simteract,USA,2012,indie,False,America
6867,SinSisters Studios,UK,2010,indie,False,Europe
6868,SincArt Studio,UK,1994,indie,False,Europe
6869,Sinclair Gurny,Poland,2018,indie,True,Europe
6870,Sinclair Strange,Russia,1986,indie,False,Europe
6871,Sinergia Games,Japan,2006,indie,False,Asia
6872,Singer Studios,Germany,1990,indie,False,Europe
6873,Single Geared Games,Germany,2022,indie,False,Europe
6874,SingleDev,France,1993,indie,False,Europe
6875,Singular Scheme,UK,1994,indie,False,Europe
6876,Sinking Sheep,USA,2002,indie,False,America
6877,Sinned Games,USA,2017,indie,False,America
6878,Sinner's Lotion,France,2020,indie,False,Europe
6879,Sir Arcanos,Russia,1986,indie,False,Europe
6880,SirDiabo,USA,1994,indie,False,America
6881,SirGoose,USA,1985,indie,False,America
6882,Sirius Games,Germany,1982,indie,False,Europe
6883,Sirlin Games,Japan,2007,mid,False,Asia
6884,Sixteen Tons Entertainment,Germany,2019,mid,False,Europe
6885,Skald Software,USA,2014,indie,False,America
6886,Skarond,Poland,2001,indie,False,Europe
6887,Skatanic Studios,Germany,2014,indie,False,Europe
6888,Skeletal Softworks LLC,Canada,1981,indie,False,America
6889,Skeleton Crew Studio,Japan,1987,indie,False,Asia
6890,Skermunkel,Germany,1978,indie,False,Europe
6891,Sketchbook Games,Japan,2001,indie,True,Asia
6892,Sketchy Logic,Canada,1985,indie,False,America
6893,Skmaestro,USA,1997,indie,False,America
6894,Skobbejak Games,Russia,2009,indie,False,Europe
6895,Skog,Germany,1987,indie,False,Europe
6896,Skrollcat Studio,USA,2015,indie,True,America
6897,Skull Box Games,Russia,1992,indie,False,Europe
6898,Skullbot Games,Germany,1990,indie,False,Europe
6899,Skullcap Studios,USA,1997,indie,False,America
6900,Skullfish Studios,USA,2001,indie,False,America
6901,Skunkape Interactive,France,2017,indie,False,Europe
6902,Skuxx Games,Russia,1978,indie,False,Europe
6903,Sky Drake Studios,UK,2019,indie,False,Europe
6904,Sky Nite,Poland,2002,indie,False,Europe
6905,SkyBrave,Poland,1986,indie,False,Europe
6906,SkyCat Games,Australia,1988,indie,False,Oceania
6907,SkyGoblin,Japan,1999,indie,False,Asia
6908,SkyReacher Entertainment,Sweden,1988,indie,False,Europe
6909,Skydome Studios,Japan,2022,indie,False,Asia
6910,Skyline Games,UK,1982,indie,False,Europe
6911,Skylor Beck,Australia,2000,indie,False,Oceania
6912,Skyreach Studio,Japan,1990,indie,False,Asia
6913,Skyward Games,UK,1981,indie,True,Europe
6914,Slak Games,USA,1984,indie,False,America
6915,Slapunas and Jakayaki,Russia,1987,indie,False,Europe
6916,Slavic Balls,Canada,1984,indie,False,America
6917,Sledgehammer Games,Germany,2007,mid,False,Europe
6918,SleekTiki Interactive LLC,USA,1986,indie,False,America
6919,Sleeping Eight Studio,France,1979,indie,False,Europe
6920,Sleepless Clinic,UK,2022,indie,False,Europe
6921,Sleepless Studio,USA,2005,indie,False,America
6922,Sleepy Siren Studios LLC,USA,1977,indie,False,America
6923,Slendykray,France,1998,indie,False,Europe
6924,Slight Super Powers,USA,2015,indie,False,America
6925,Slightly Ambitious Games,Germany,1981,indie,False,Europe
6926,SlimeNot,Poland,1990,indie,False,Europe
6927,Slipgate Ironworks™,France,2004,indie,False,Europe
6928,Slippery Snake Studios,Australia,1982,indie,False,Oceania
6929,Slippy Floor,Japan,1982,indie,False,Asia
6930,Slitherine Ltd.,Germany,2012,indie,False,Europe
6931,Sloclap,France,2009,indie,False,Europe
6932,Sloppy Joe Studios,UK,2006,indie,False,Europe
6933,Slug Disco,Canada,2020,indie,False,America
6934,Small Room Games,USA,2000,indie,False,America
6935,Small Screen Studios,Canada,2000,indie,False,America
6936,Small Studio by Mac Guff,Russia,2014,indie,False,Europe
6937,Small is Beautiful Studio inc.,Germany,1981,indie,False,Europe
6938,SmallMill,Japan,1994,indie,False,Asia
6939,SmallRiverStudio,Germany,1985,indie,False,Europe
6940,Smart AI Games,USA,1992,indie,False,America
6941,Smart Gamma,France,1975,indie,False,Europe
6942,SmartGames,Canada,1983,indie,False,America
6943,Smarter Games,France,2003,indie,False,Europe
6944,Smartmove,Japan,2014,indie,False,Asia
6945,Smokey,Germany,1994,indie,False,Europe
6946,SmoochGM,Japan,2014,indie,False,Asia
6947,Snail-Ninja Studio,USA,1975,indie,False,America
6948,Snails Animation,Germany,1994,indie,False,Europe
6949,Snap Finger Click,Japan,2010,indie,False,Asia
6950,SneakyBox,France,2011,mid,False,Europe
6951,Snippy Nguyen,USA,2007,indie,False,America
6952,Snkl Studio,France,2007,aaa,False,Europe
6953,Snob Entertainment UG,USA,2004,indie,False,America
6954,Snotwurm,Poland,2008,indie,False,Europe
6955,SnoutUp,UK,2000,mid,False,Europe
6956,Snow Run Games,Germany,2009,indie,False,Europe
6957,SnowFlame,UK,2012,indie,False,Europe
6958,Snowbird Games,USA,1995,mid,True,America
6959,Snowcastle Games,France,2017,indie,False,Europe
6960,Snowdrop,Russia,1975,indie,False,Europe
6961,Snowly Games,USA,1977,indie,False,America
6962,Snowski,USA,2004,indie,True,America
6963,Snubber,UK,2010,indie,False,Europe
6964,Snuggle bug,USA,2009,indie,False,America
6965,"So It Appears, INC.",Germany,1991,indie,False,Europe
6966,SoG,USA,1989,indie,True,America
6967,Soaphog,Sweden,2011,indie,False,Europe
6968,Sobaka Studio,Sweden,1977,indie,False,Europe
6969,SocksandGoats Studios,UK,2009,indie,False,Europe
6970,Sockware,France,2022,indie,False,Europe
6971,Soda Game Studio,Poland,2022,indie,False,Europe
6972,Soft Mountain,Germany,2001,indie,False,Europe
6973,SoftLab-NSK,USA,1984,indie,False,America
6974,Softlock Interactive,Japan,1998,indie,False,Asia
6975,Software Development Headquarters,USA,1988,indie,True,America
6976,Softwaves,UK,1999,mid,False,Europe
6977,Softwaves Mini,UK,2012,indie,False,Europe
6978,Soined,Russia,1997,indie,False,Europe
6979,Soju and Ink,USA,1997,indie,False,America
6980,Sokaikan ltd,USA,1991,indie,False,America
6981,Sokpop Collective,USA,2003,aaa,False,America
6982,Sol Bot Studios,France,1993,indie,False,Europe
6983,SolarLance,Germany,2007,indie,False,Europe
6984,Soldak Entertainment,Sweden,1976,indie,False,Europe
6985,Solder Spark Studios,Germany,1985,indie,False,Europe
6986,Soleil Ltd.,France,1977,indie,True,Europe
6987,SoloGameDevBlog,France,1988,indie,False,Europe
6988,SoloProduction,Sweden,1982,indie,True,Europe
6989,SoloQ,USA,1993,indie,False,America
6990,Solohack3r Studios,Australia,1983,mid,False,Oceania
6991,Soloweb Studios,Sweden,2000,indie,False,Europe
6992,SolsLuminous,France,2002,indie,False,Europe
6993,Solsgames,Sweden,1998,indie,False,Europe
6994,Solutena Studio,Sweden,1999,indie,False,Europe
6995,Solverto,Russia,1982,indie,False,Europe
6996,SomSmolGeims,UK,2013,mid,False,Europe
6997,Soma Games,Japan,1995,mid,False,Asia
6998,SomaSim,Russia,1986,indie,False,Europe
6999,Some Sugar Studio,USA,2013,indie,True,America
7000,Somer Games,USA,2015,aaa,False,America
7001,Somi,USA,1976,indie,False,America
7002,Somnambulist Games,UK,1999,indie,False,Europe
7003,Somnova Studios,USA,1995,indie,False,America
7004,Son Yeaen,USA,2002,indie,False,America
7005,Sonalysts Combat Simulations,USA,1989,indie,False,America
7006,Soner Çakır,UK,2006,indie,False,Europe
7007,Song,Australia,1993,indie,False,Oceania
7008,Song Qiang Sheng,UK,1981,indie,False,Europe
7009,Sonic-Alpha,Poland,2013,mid,False,Europe
7010,Sonorous Games,Russia,2000,indie,False,Europe
7011,Sonzai Games,USA,1980,indie,False,America
7012,Soomi Games,USA,2020,indie,False,America
7013,Sophie Fischer,USA,2015,indie,False,America
7014,Sophisticated keppana enjoyers,Australia,2006,indie,False,Oceania
7015,Sora,Russia,2009,indie,False,Europe
7016,"Sorairo, Inc.",Canada,2014,indie,False,America
7017,Sorcerer on the Rocks,UK,2018,indie,False,Europe
7018,SorceressGameLab,UK,1986,indie,False,Europe
7019,Sos Sosowski,UK,2018,indie,False,Europe
7020,SoteroApps,USA,1995,mid,False,America
7021,Soul Narrative Games,USA,2007,indie,False,America
7022,SoulBlade Studio LLC,UK,1980,indie,False,Europe
7023,Soulpotion,USA,1978,indie,False,America
7024,Soultek Studio,France,1998,indie,False,Europe
7025,Soulwarmers Games,USA,2003,indie,False,America
7026,Sounding Stone / 老奉毊,USA,1989,indie,False,America
7027,Sour Lemon Studios,France,1997,indie,False,Europe
7028,Source Byte Sp z o.o.,USA,2008,indie,False,America
7029,Sourcenity,Poland,1993,indie,False,Europe
7030,South Blue Moon,Russia,2004,indie,False,Europe
7031,Southfish Studio,Germany,2019,indie,False,Europe
7032,Soy Boy Games,Germany,1987,indie,False,Europe
7033,SoyeR,Poland,2013,indie,False,Europe
7034,Space Alpha,UK,2006,indie,False,Europe
7035,Space Banana Studio,USA,1987,indie,False,America
7036,Space Boat Studios,USA,1980,indie,False,America
7037,Space Cat Studios,USA,1987,indie,False,America
7038,Space Time Simulations,France,2013,indie,False,Europe
7039,SpaceGames,Japan,1977,indie,False,Asia
7040,SpaceOrca,Japan,1986,indie,False,Asia
7041,Spacezero Interactive,Germany,1997,indie,False,Europe
7042,Spanking Machine,Japan,2005,indie,False,Asia
7043,Spark Plug Games,USA,2010,mid,False,America
7044,SparrowGameStudio,UK,1979,indie,False,Europe
7045,Spawn of Typhon Games,USA,2019,indie,False,America
7046,Spearhead Games,UK,2017,mid,False,Europe
7047,Specialbit Studio,UK,1989,indie,False,Europe
7048,Specspel,Russia,2007,indie,False,Europe
7049,SpectraCoder,Japan,1981,indie,False,Asia
7050,Spectral Games,Canada,1987,indie,False,America
7051,Specular Theory,Poland,2006,indie,False,Europe
7052,Speedrobo Games,Japan,2022,indie,False,Asia
7053,Speedtrap Studios,USA,2000,indie,False,America
7054,Spellbook,USA,1994,indie,False,America
7055,Spellgarden Games,Poland,1983,indie,False,Europe
7056,Spellman Studios,Germany,1999,indie,False,Europe
7057,Spellweaver,Japan,1996,indie,False,Asia
7058,Sperm Studios,Germany,2012,indie,False,Europe
7059,"Sphere, Inc.",Canada,1982,indie,True,America
7060,SpherianGames,Germany,1996,indie,False,Europe
7061,Spherum LLP,Germany,2009,indie,False,Europe
7062,Spider,Poland,2018,indie,False,Europe
7063,Spider Key Games,USA,2020,indie,False,America
7064,Spider Lily Studios LLC,Germany,2017,indie,False,Europe
7065,Spiderweb Software,Sweden,1985,mid,False,Europe
7066,SpiffyBit,UK,2022,indie,False,Europe
7067,"Spike Chunsoft Co., Ltd.",Russia,1994,mid,False,Europe
7068,Spike Nail Studio,Sweden,2017,indie,False,Europe
7069,Spike Studio,Japan,1998,indie,False,Asia
7070,Spiky Caterpillar,Germany,1998,indie,False,Europe
7071,Spilled Coffee Games,Sweden,1996,indie,False,Europe
7072,Spilt Milk Studios Ltd,Germany,2008,indie,False,Europe
7073,Spin City,Japan,1982,indie,False,Asia
7074,Spineless Studios,USA,1984,indie,False,America
7075,Spirit Games,Russia,2004,indie,False,Europe
7076,Spirulena,France,2017,indie,False,Europe
7077,Splash Damage,Poland,1983,indie,False,Europe
7078,SplashPunk Studios,Germany,2015,indie,False,Europe
7079,Splashteam,Poland,1980,indie,False,Europe
7080,Splashworks Studio,Sweden,2012,indie,False,Europe
7081,Splendortek,Sweden,1991,indie,False,Europe
7082,Spliced Games,Poland,1992,indie,False,Europe
7083,Spline Games,USA,2006,indie,False,America
7084,Spongey Kitty,USA,2000,indie,False,America
7085,SpoocleMacBoogle,USA,1986,mid,False,America
7086,Spookids Team,France,1988,indie,False,Europe
7087,Spooky Buns,UK,2002,indie,False,Europe
7088,Spooky Doughnut Games,USA,1980,indie,False,America
7089,Spooky House,France,2006,indie,False,Europe
7090,Spooky Squid Games Inc.,USA,1996,mid,False,America
7091,Spoonful Games,Sweden,1976,indie,False,Europe
7092,Spoony Bard Productions,France,2021,indie,False,Europe
7093,Sport1 GmbH,Poland,1981,indie,False,Europe
7094,Sports Director Ltd,Germany,1998,indie,False,Europe
7095,Spotted Kiwi Interactive,Germany,2002,indie,False,Europe
7096,Sprakelsoft GmbH,Germany,1989,indie,False,Europe
7097,Springloaded,UK,2015,indie,False,Europe
7098,Sprite Hills,UK,2007,indie,False,Europe
7099,Spritewrench,USA,2021,indie,False,America
7100,Sproing,Russia,2017,mid,False,Europe
7101,Sprott Games,USA,2000,indie,True,America
7102,Sprouting Potato,Russia,1982,indie,False,Europe
7103,Sprovieri Games,Russia,1980,indie,True,Europe
7104,Spy On The Wall,Australia,2009,indie,False,Oceania
7105,Spyridon Thalassinos,Germany,2005,indie,False,Europe
7106,Squadroni Cacciatori,France,1995,mid,False,Europe
7107,"Squanch Games, Inc.",USA,2002,indie,True,America
7108,Square Enix,USA,2008,aaa,False,America
7109,SquareSweets Games,Germany,1981,indie,False,Europe
7110,Squeaks D'Corgeh,Canada,1977,indie,False,America
7111,Squid Developer,USA,1983,indie,False,America
7112,Squidpunch Studios,Canada,1988,indie,False,America
7113,Srivishwanath Rajavelu,Sweden,2019,indie,False,Europe
7114,SsmA,Germany,1988,indie,False,Europe
7115,Stache Studios,UK,2003,indie,False,Europe
7116,Stacie McLaury,Canada,2007,indie,False,America
7117,Stacks:Engine,UK,1990,indie,False,Europe
7118,Stage Clear Studios,USA,2014,indie,False,America
7119,Stainless Games Ltd.,USA,1996,indie,False,America
7120,Stairs Productions,Australia,2002,indie,False,Oceania
7121,Stand Off Software,France,1993,indie,False,Europe
7122,Standable,USA,2016,indie,False,America
7123,Stanislaw Truchowski,UK,1999,mid,False,Europe
7124,StaplesVR,Japan,1986,indie,False,Asia
7125,Star & Moon Romance,Russia,1982,indie,False,Europe
7126,Star Losvice,USA,2000,indie,False,America
7127,Star Mill B.V.,France,2017,indie,False,Europe
7128,Star Vault AB,Japan,1990,mid,False,Asia
7129,StarSystemStudios,USA,1976,mid,False,America
7130,StarTroop LLC,Germany,2001,indie,False,Europe
7131,Stardock,France,2001,mid,True,Europe
7132,Stardock Entertainment,Sweden,1993,mid,False,Europe
7133,Stardust Collective,USA,1991,indie,False,America
7134,Stargazer Studio,Poland,2018,indie,False,Europe
7135,Starlights Team,USA,1981,indie,False,America
7136,Starmage,Canada,1995,indie,False,America
7137,Starmops,USA,2009,indie,False,America
7138,Starmyth,France,1994,mid,False,Europe
7139,Starni Games,USA,1998,indie,False,America
7140,StarryStarry,USA,2017,indie,False,America
7141,Starship Studio,USA,2006,indie,False,America
7142,Starside Studios LLC,USA,1984,indie,False,America
7143,Start Warp,USA,1983,indie,False,America
7144,Startreming Games,Japan,1981,mid,False,Asia
7145,StarworkGC,USA,1992,indie,False,America
7146,Stas Paty9mkin,Germany,2012,mid,False,Europe
7147,Stas Shostak,UK,1988,indie,False,Europe
7148,Stasis Booth Games,Germany,2011,indie,False,Europe
7149,Station437,UK,2000,mid,False,Europe
7150,Statto Software,Russia,2017,indie,False,Europe
7151,Status Void Interactive,France,2019,indie,False,Europe
7152,Ste's Project,Germany,1986,indie,False,Europe
7153,Steampunk,Russia,1992,indie,False,Europe
7154,Steel Rat,Japan,1992,indie,False,Asia
7155,Steel Thunder,Russia,1997,indie,False,Europe
7156,Steelehouse VR Studios,Canada,1996,indie,False,America
7157,Stefan Preuss,Sweden,1983,indie,False,Europe
7158,Stegalosaurus Game Development,USA,1992,aaa,False,America
7159,Stelex Software,USA,2002,indie,False,America
7160,Stellar Vault,Australia,1982,indie,False,Oceania
7161,Stephen Ciuca,Russia,1992,indie,False,Europe
7162,Stephen Rich,Russia,1977,indie,False,Europe
7163,Stequer,Australia,2012,indie,False,Oceania
7164,Steth Games,Germany,1979,indie,False,Europe
7165,Steve Jarman,USA,2005,indie,False,America
7166,Steve Reynolds,Russia,2007,mid,False,Europe
7167,Steven Bauer,USA,2000,indie,False,America
7168,Steven Kollar,Japan,1975,indie,False,Asia
7169,Steven Low,USA,2020,indie,True,America
7170,Steven Peregrine,USA,1982,indie,False,America
7171,Steven Silverstein,UK,2007,indie,False,Europe
7172,Stick Productions,Sweden,1976,indie,False,Europe
7173,Sticky Platypus,USA,1983,indie,False,America
7174,Sticky Rice,Russia,1977,indie,False,Europe
7175,Sting,USA,1985,indie,False,America
7176,Stingbot Games,USA,1980,indie,False,America
7177,Stir-fried Pineapple Games,Canada,1997,indie,False,America
7178,Stirling Games,USA,1992,indie,False,America
7179,Stolen Couch Games,USA,1978,indie,False,America
7180,StoneBlade,Japan,2012,indie,False,Asia
7181,Stonebrick Studios UG,USA,2011,indie,False,America
7182,Stonehill Games,USA,1990,indie,False,America
7183,Storm Isle Productions,France,1978,indie,False,Europe
7184,StormZ Entertainement,Canada,1994,indie,False,America
7185,Storming Tech,France,1984,indie,False,Europe
7186,Stormregion,USA,2004,mid,True,America
7187,Story Fort LLC,Canada,2010,indie,False,America
7188,Storybird Studio,Russia,1991,indie,False,Europe
7189,Storytaco,Germany,1988,indie,False,Europe
7190,Straight Back Games,UK,2006,indie,False,Europe
7191,Stranga Games,Russia,1986,indie,False,Europe
7192,Strange Cascade,USA,2019,indie,False,America
7193,Strange Games Studios,USA,2001,mid,False,America
7194,Strange Girl Studios,Germany,2014,indie,False,Europe
7195,Strange Loop Games,USA,1999,indie,False,America
7196,StrangeSeed,USA,1999,indie,False,America
7197,Strangest.io,Japan,1984,indie,False,Asia
7198,Strategic Simulations,Japan,2016,indie,False,Asia
7199,Strategic Studies Group,Sweden,1984,indie,False,Europe
7200,Strategy 3 Tactics,USA,1996,mid,False,America
7201,Strategy First,USA,2001,indie,False,America
7202,Strategy Game Studio,USA,1998,mid,False,America
7203,Stratera Games,Australia,2012,indie,True,Oceania
7204,Strawberry Games,UK,2005,indie,False,Europe
7205,Streum On Studio,USA,1981,mid,False,America
7206,Striped Panda Studios,USA,2011,indie,False,America
7207,Strok applications,USA,2004,indie,False,America
7208,Struggle Bus Games LLC,Japan,1987,indie,False,Asia
7209,Stubborn Horse Studios,USA,2003,indie,False,America
7210,Stuck In Attic,USA,1988,indie,False,America
7211,Studio Erikson,UK,1977,indie,False,Europe
7212,Studio Esagames,Japan,1979,indie,False,Asia
7213,Studio F#,Japan,1986,indie,False,Asia
7214,Studio Fizbin,Russia,1991,indie,False,Europe
7215,Studio Gamaii,Sweden,1992,indie,False,Europe
7216,Studio Ganzheit,Russia,2006,indie,False,Europe
7217,Studio Gimbap,USA,1979,indie,False,America
7218,Studio Gravenoire,USA,1991,indie,False,America
7219,Studio Grawlix,UK,1984,indie,False,Europe
7220,Studio Guirdy,Russia,1993,indie,False,Europe
7221,Studio HOSHIWATARI,Sweden,1983,indie,False,Europe
7222,Studio Halftone Dot,USA,2016,indie,False,America
7223,"Studio Hatch Co., Ltd.",USA,1986,indie,False,America
7224,Studio LEF,Germany,1980,mid,False,Europe
7225,Studio Mechka,Canada,2017,indie,False,America
7226,Studio Merkas,Germany,1994,indie,False,Europe
7227,Studio Night,Japan,2005,indie,False,Asia
7228,Studio Oleomingus,UK,1976,indie,False,Europe
7229,Studio P.23,USA,2016,indie,False,America
7230,Studio Pakira,UK,1989,indie,False,Europe
7231,Studio Popote,Japan,1980,indie,False,Asia
7232,"Studio Roqovan, Inc.",France,1994,indie,False,Europe
7233,Studio Seeck,USA,2018,indie,False,America
7234,Studio Seven,Australia,2019,indie,False,Oceania
7235,Studio Six,Germany,1982,mid,False,Europe
7236,Studio SoulAres,USA,1981,indie,False,America
7237,Studio Squid Inc,USA,2009,indie,False,America
7238,Studio TAPAS,Poland,1985,indie,False,Europe
7239,Studio TeamShuriken,Germany,2000,indie,False,Europe
7240,Studio Vrtinec,Canada,2021,indie,False,America
7241,Studio Wasabi,Germany,2001,indie,False,Europe
7242,Studio WhatHunts,Germany,2007,indie,False,Europe
7243,Studio Whip,USA,2004,indie,False,America
7244,Studio Z,USA,1975,indie,False,America
7245,Studio seeed,USA,2004,indie,False,America
7246,Studio215,Japan,1989,indie,False,Asia
7247,StudioGIW,France,1980,mid,False,Europe
7248,"Studiobside Co.,Ltd",USA,1977,indie,False,America
7249,Studios iLLOGIKA,France,2011,indie,False,Europe
7250,StudyFun,Japan,1977,indie,False,Asia
7251,Sub Orbital Software,Germany,2021,indie,False,Europe
7252,Subcreation Studio,Sweden,1987,indie,False,Europe
7253,Subpixel Studios,Australia,2015,mid,False,Oceania
7254,Subsun LLC,USA,1995,indie,False,America
7255,Succubella Games,USA,1992,mid,False,America
7256,Succubus Diary,USA,1977,indie,False,America
7257,Sudan Minami,USA,2011,indie,False,America
7258,Sudden Frog,UK,1992,indie,False,Europe
7259,Sugar Rush Studios,USA,1975,indie,False,America
7260,Sugarpunch Games,Australia,1987,indie,False,Oceania
7261,Suh Yejin,Japan,2022,indie,False,Asia
7262,Suhwan Hwang,USA,1996,indie,True,America
7263,SukeraSomero,USA,1988,indie,True,America
7264,SukoyakaMeteor,USA,2010,indie,False,America
7265,Sum Co.,USA,1993,indie,False,America
7266,SumFell,Australia,2004,indie,False,Oceania
7267,Sun Haitao,USA,1975,indie,True,America
7268,Sun Labyrinth LLC,Germany,2011,indie,False,Europe
7269,Sunamii,USA,1982,indie,False,America
7270,Sundoe,USA,2012,indie,False,America
7271,Sungame Studio,Poland,1999,indie,False,Europe
7272,Sungazer Software LLC,Russia,1984,indie,False,Europe
7273,Sunhead Games,USA,2006,indie,False,America
7274,Sunlight Games,Japan,2012,indie,False,Asia
7275,Sunny Blaze,Australia,2011,indie,False,Oceania
7276,SunnyCitrus,Russia,2014,indie,True,Europe
7277,Sunrealm Studios,USA,2021,indie,False,America
7278,Sunrise9,Germany,1980,indie,False,Europe
7279,Sunset Dreamland,Poland,2010,indie,False,Europe
7280,SunshineOvercast,Australia,1999,indie,False,Oceania
7281,"Sunstorm Interactive, Inc.",USA,2013,indie,False,America
7282,Sunward Games,Australia,2007,mid,False,Oceania
7283,Super Games Studio,USA,2002,indie,False,America
7284,Super God,USA,1990,indie,False,America
7285,Super Icon Ltd,USA,1981,indie,False,America
7286,Super PowerUp Games,USA,1980,aaa,False,America
7287,Super Punch Games,Germany,1998,indie,False,Europe
7288,Super Retro Duck,UK,1984,indie,False,Europe
7289,Super X Studios LLC,Australia,1994,indie,False,Oceania
7290,Super16bits,USA,2015,indie,False,America
7291,SuperLoki,Poland,1975,indie,False,Europe
7292,SuperbSusGamez,USA,1990,indie,False,America
7293,Superboss Games,UK,2003,indie,False,Europe
7294,Supergiant Games,Australia,2013,indie,False,Oceania
7295,Superstring,USA,2020,mid,False,America
7296,SureAI,UK,2003,indie,False,Europe
7297,Sureksu,USA,1978,indie,False,America
7298,Surf Monster Studio,USA,2016,indie,False,America
7299,Suricate Software,Poland,2020,mid,False,Europe
7300,SurvivalMyths,Sweden,2019,mid,False,Europe
7301,SusaDeBeast,Sweden,2016,indie,False,Europe
7302,Susan,Japan,1993,indie,False,Asia
7303,Sushee,USA,2000,indie,False,America
7304,SuuYasha,Germany,2007,indie,False,Europe
7305,Suzuka's Atelier,Japan,2019,indie,False,Asia
7306,Svarog Studios,USA,1989,indie,False,America
7307,Sven Möhring,UK,1987,indie,False,Europe
7308,Sveta,USA,1989,indie,False,America
7309,SvetaSky,Japan,1975,indie,False,Asia
7310,Sviatoslav Solianyk,USA,1981,indie,False,America
7311,Swan Software,Germany,1983,indie,False,Europe
7312,Swarm Creations,UK,2010,indie,False,Europe
7313,Sweepy Games,UK,1979,indie,False,Europe
7314,Sweet Banana Games,Russia,1995,indie,False,Europe
7315,Sweet Dog Studios,USA,2017,indie,False,America
7316,Sweet Studio Labs,UK,1977,indie,False,Europe
7317,SweetGamez,France,1989,indie,False,Europe
7318,Swell Games LLC,Japan,1976,indie,False,Asia
7319,Swift Limit Games,USA,1990,indie,False,America
7320,Swimming Rock,Japan,1976,indie,False,Asia
7321,Swinfjord-Games,Sweden,1986,indie,False,Europe
7322,Switchblade Monkeys Entertainment,Sweden,2011,indie,False,Europe
7323,Sylvain Seccia,Sweden,2002,mid,False,Europe
7324,Sylvia Jurgens,USA,1976,indie,False,America
7325,Sylvia Sharpe,USA,2009,indie,False,America
7326,Symbol Games,USA,2022,indie,False,America
7327,Symphonic Games,Russia,1989,indie,False,Europe
7328,Synectix Games,Russia,2021,indie,False,Europe
7329,Synector Games,Russia,1994,indie,False,Europe
7330,Synetic GmbH,USA,1994,mid,False,America
7331,Synnergy Circle Games,Sweden,2003,mid,False,Europe
7332,Synthetic Forms,USA,2015,indie,False,America
7333,SypherZent,Poland,1976,indie,False,Europe
7334,Sysreb Games,USA,1990,indie,True,America
7335,System 3,Japan,2022,indie,False,Asia
7336,System Era Softworks,Australia,2021,indie,False,Oceania
7337,SystemSoft Alpha Cooperation,Poland,1991,indie,False,Europe
7338,"Systemsoft beta, Inc.",Germany,2001,indie,False,Europe
7339,Szatkowsky,Australia,2009,indie,False,Oceania
7340,T Cubed Software,Australia,1981,indie,False,Oceania
7341,T-Bull,USA,2004,indie,False,America
7342,"T-Time Technology CO., LTD.",USA,2003,indie,False,America
7343,T. T. Hew Games,Japan,2001,indie,False,Asia
7344,T.AdVance,UK,1997,indie,False,Europe
7345,T.E.S.B.,Russia,1984,indie,False,Europe
7346,T.F.A.N.C.S.,USA,1979,indie,False,America
7347,T.J. Jones,France,2003,indie,False,Europe
7348,T0 STUDIO,UK,2009,indie,False,Europe
7349,T3Entertainment,Poland,1992,mid,False,Europe
7350,TADVGames Studio,USA,2004,indie,False,America
7351,TAKE×0FF,France,2012,indie,False,Europe
7352,"TALESSHOP Co., Ltd.",USA,1975,mid,True,America
7353,TANUKIHOUSE,Australia,1981,indie,False,Oceania
7354,TAO,UK,2011,indie,False,Europe
7355,TAP OK G,UK,1984,indie,False,Europe
7356,TBD,UK,1992,indie,False,Europe
7357,TBDTS Games,UK,1994,indie,False,Europe
7358,TBF,Sweden,1999,indie,False,Europe
7359,TEAM Black Hat Robot,Australia,1984,indie,False,Oceania
7360,TEAM SHINZA,Russia,2002,indie,False,Europe
7361,TEHO Games,France,1997,indie,False,Europe
7362,TEKUNOS A,USA,1986,indie,True,America
7363,TERARIN GAMES,UK,2019,indie,False,Europe
7364,TFK Studios,USA,1980,indie,False,America
7365,TGM,USA,2020,indie,False,America
7366,THE BROTHERHOOD,Russia,2009,indie,False,Europe
7367,THQ Nordic,Germany,2004,mid,False,Europe
7368,TIFON STUDIO EIROS,Poland,2002,indie,False,Europe
7369,TJ Lagasse,USA,2018,indie,False,America
7370,TJIS Record,USA,2007,indie,False,America
7371,TKG Inc,Canada,2008,indie,False,America
7372,TLR Games,Germany,2001,indie,False,Europe
7373,TMFX Studios,Australia,2000,indie,False,Oceania
7374,TMIN,Russia,1997,indie,False,Europe
7375,TML-Studios,Poland,1977,indie,False,Europe
7376,TNT studio,USA,1998,indie,False,America
7377,TOG,France,1992,indie,False,Europe
7378,"TOM CREATE CO.,LTD.",Canada,1990,indie,False,America
7379,TOPCO INTERNATIONAL INC,USA,2000,indie,False,America
7380,TOUCHFLOW GAMES,France,2008,indie,False,Europe
7381,TREE Industries,Poland,1990,indie,False,Europe
7382,"TREND, Soft Pro",USA,2021,indie,False,America
7383,TROLL STUDIOS,Japan,1978,indie,False,Asia
7384,TRP no studio,USA,1978,indie,False,America
7385,TRYWARE,USA,2013,indie,False,America
7386,TSW_Han,Poland,2014,indie,False,Europe
7387,TT Fusion,Australia,1980,indie,False,Oceania
7388,TTeokLeaf,USA,1975,indie,False,America
7389,TWEN,Sweden,2005,indie,False,Europe
7390,T_T Games,USA,2019,indie,False,America
7391,TaaroBravo,USA,2004,indie,False,America
7392,Tabby Cat,Germany,1977,indie,False,Europe
7393,Taboo Tales 💘,USA,2015,indie,False,America
7394,Taco Truck Games,Sweden,1984,indie,False,Europe
7395,Tactic Forge,Sweden,2018,indie,False,Europe
7396,Tagunda LLC,Australia,1978,indie,False,Oceania
7397,Taho,USA,2012,indie,False,America
7398,Tahoe Games,Poland,2015,indie,False,Europe
7399,Taiga,Germany,1998,indie,False,Europe
7400,Tainted Games,France,1979,mid,False,Europe
7401,TaisslavDobrinin,Japan,1989,indie,False,Asia
7402,Takain,USA,1982,indie,True,America
7403,Takeover Studios,Sweden,2010,indie,False,Europe
7404,TakuyaMiyazaki,Poland,2003,indie,False,Europe
7405,Talanta Net,USA,1983,indie,False,America
7406,Tale of Fortune Studio,Germany,1978,indie,False,Europe
7407,Talentless Person Games,Japan,2001,mid,False,Asia
7408,Talentplace,USA,2019,indie,False,America
7409,Talgin Studio,Russia,2005,indie,False,Europe
7410,Talha Emre Gülap,USA,1987,indie,False,America
7411,TalkingEEL,Sweden,2012,indie,False,Europe
7412,Tall Story Games Ltd,UK,2005,indie,False,Europe
7413,Tall Tale Games Ltd,USA,1987,indie,False,America
7414,Tamer Gölgesiz,Poland,1977,indie,False,Europe
7415,Tamsoft,UK,1981,indie,False,Europe
7416,Tanagen South,USA,1993,indie,False,America
7417,Tangrin Entertainment,Canada,2020,indie,False,America
7418,Tank Commander Team,Russia,2004,indie,False,Europe
7419,Tanny Tran,Japan,1975,indie,False,Asia
7420,TaoJeruen,USA,1993,indie,False,America
7421,Taotie Industries,Russia,1988,indie,False,Europe
7422,Tap It Games,Australia,1985,indie,False,Oceania
7423,Taranau Aliaksei,USA,2012,mid,True,America
7424,TarasB,Australia,2013,indie,False,Oceania
7425,Tarba Paul Cornel,UK,1997,mid,False,Europe
7426,Targem Games,USA,2017,mid,False,America
7427,Taryn McMillan,UK,2003,indie,False,Europe
7428,Task Force Gaming LLC,UK,2002,indie,False,Europe
7429,TaskHunter,USA,2011,indie,False,America
7430,Taskaev Iurii,Sweden,1998,indie,False,Europe
7431,"Tastee Beverage Studios, LLC",Sweden,1984,indie,False,Europe
7432,Tasty Poison,USA,1982,indie,False,America
7433,Tasty Stewdios LLC,Sweden,1984,indie,False,Europe
7434,Tate Multimedia,USA,1975,indie,False,America
7435,TaterTLK,UK,2016,indie,False,Europe
7436,Tatum Going,USA,1985,indie,False,America
7437,Taueon,USA,2022,indie,False,America
7438,Tauron Glyph,France,1989,indie,False,Europe
7439,Tavern Tale Studio,USA,1993,indie,False,America
7440,Tavius Woods (art),USA,1975,indie,False,America
7441,Tazigen Clock,USA,2002,indie,False,America
7442,Tea Monster Games,Russia,1975,indie,False,Europe
7443,Tea-Powered Games,USA,1984,indie,False,America
7444,Team 4U,Sweden,1999,indie,False,Europe
7445,Team 6 Studios,UK,2020,mid,False,Europe
7446,Team A.R.G.,UK,1993,indie,False,Europe
7447,Team B.R.O.S.,Russia,1989,indie,False,Europe
7448,Team Carnal Instinct,Sweden,1996,indie,False,Europe
7449,Team Chex Quest HD,Germany,1980,indie,True,Europe
7450,Team Cobblestone,USA,1982,indie,False,America
7451,Team Coconut,USA,2006,indie,False,America
7452,Team D.F.S.C,Russia,1984,indie,False,Europe
7453,Team DOCAAY,Poland,2012,indie,False,Europe
7454,Team EdgeCase,Poland,1982,indie,False,Europe
7455,Team Emergin,USA,1996,indie,False,America
7456,Team Emily,Russia,1982,indie,False,Europe
7457,Team Fractal Alligator,Russia,2003,mid,False,Europe
7458,Team Gotham,UK,1981,indie,False,Europe
7459,Team Guazú,Germany,2011,indie,False,Europe
7460,Team Infinity,USA,1998,indie,False,America
7461,Team Jade,UK,2015,indie,True,Europe
7462,Team Jolly Roger,Canada,2013,indie,False,America
7463,Team K,USA,1999,indie,True,America
7464,Team KL Studio,USA,1993,indie,False,America
7465,Team LAZERZ,Canada,1998,indie,False,America
7466,Team Monumental,Japan,2004,indie,False,Asia
7467,Team Nassanttion,USA,1979,indie,False,America
7468,Team ParaLily,USA,1988,indie,False,America
7469,Team Paw,Japan,1982,indie,False,Asia
7470,Team Pengdustry,Russia,2016,indie,False,Europe
7471,Team Plutinite,Australia,1989,indie,False,Oceania
7472,Team R.P,Canada,1988,indie,False,America
7473,Team RUN,UK,1989,mid,False,Europe
7474,Team Ranger,Russia,2003,indie,False,Europe
7475,Team SNEED,USA,1994,mid,False,America
7476,Team Scoop,UK,2004,indie,False,Europe
7477,Team Seventh Star,UK,1985,indie,False,Europe
7478,Team SolEtude,UK,2000,indie,False,Europe
7479,Team Sometimes Y,UK,1984,indie,False,Europe
7480,Team Spikkeee,USA,2008,indie,False,America
7481,Team Stelth,Australia,2003,indie,False,Oceania
7482,Team Syukino,USA,1975,indie,False,America
7483,Team TNHIH,Sweden,2018,indie,False,Europe
7484,Team Terrible,Japan,1979,indie,False,Asia
7485,Team Tonk,Canada,1996,indie,False,America
7486,Team Unmanagable,Germany,2000,indie,False,Europe
7487,Team Vivat,Canada,1997,indie,False,America
7488,Team Waifu,USA,2008,indie,False,America
7489,Team Woodsalt,Japan,2005,indie,False,Asia
7490,Team Wulinshu,UK,2017,indie,False,Europe
7491,Team Yokkyufuman,Russia,2008,indie,False,Europe
7492,Team malViolence,Germany,2000,indie,False,Europe
7493,Team17 Digital,USA,1978,indie,False,America
7494,Team17 Digital Ltd,Russia,1990,mid,False,Europe
7495,Team2Bit,UK,1976,indie,False,Europe
7496,Team6 Games,Australia,2013,indie,False,Oceania
7497,TeamHusH,Japan,2011,indie,False,Asia
7498,TeamKRAMA,USA,1995,indie,False,America
7499,TeamNPC,Japan,1991,indie,False,Asia
7500,TeamNova,UK,2018,indie,False,Europe
7501,TeamPio Studio,UK,2003,indie,False,Europe
7502,TeamSnowball,Japan,2013,indie,False,Asia
7503,TeamTO Games,Japan,1996,indie,False,Asia
7504,Team_UnderBar,USA,1979,indie,False,America
7505,Teatime Research Ltd.,Poland,1990,indie,False,Europe
7506,Teawork Dev,Germany,1984,indie,False,Europe
7507,Tech Dream,Japan,2000,indie,False,Asia
7508,Tech Skull Studios,USA,2021,indie,False,America
7509,TechRoar,USA,1986,indie,False,America
7510,TechRoarLex,France,2005,indie,False,Europe
7511,"TechVillage Co., Ltd.",Russia,2004,indie,False,Europe
7512,Techie,France,2006,indie,False,Europe
7513,TechieMay,USA,2006,indie,False,America
7514,Techland,USA,1993,indie,False,America
7515,Technocrat Games,Sweden,1998,indie,False,Europe
7516,Tecshield,USA,2010,indie,False,America
7517,Ted Zufle,Germany,1977,indie,False,Europe
7518,Teddy Baker,Sweden,2002,indie,False,Europe
7519,Teebowah Games,USA,2012,indie,False,America
7520,Tegridy Made Games,USA,1976,mid,False,America
7521,Tehawar,Russia,2011,mid,False,Europe
7522,"Telophase Studios, LLC",USA,1992,indie,False,America
7523,Teltamo,UK,2006,indie,False,Europe
7524,Temel KIRCI,USA,2009,indie,True,America
7525,Ten Pennyfingers,USA,2004,indie,False,America
7526,Ten Percent Red,Russia,1988,indie,False,Europe
7527,Tender Troupe,USA,1987,indie,False,America
7528,TenkaiGames,Russia,1996,indie,False,Europe
7529,Tenshisjv,Australia,1993,indie,False,Oceania
7530,Tensori,USA,2001,indie,False,America
7531,Tenth&Hess Games,USA,1992,indie,False,America
7532,Teradile,USA,1982,indie,False,America
7533,Terapoly,Japan,2011,indie,False,Asia
7534,Terek Gaming,Japan,1990,indie,False,Asia
7535,Terfilis,USA,1989,indie,False,America
7536,"Termeno, s.r.o.",USA,2000,indie,False,America
7537,Tero Lunkka,UK,1978,aaa,False,Europe
7538,Terra Nova Development,UK,2021,indie,False,Europe
7539,Terror Dog Studio,Australia,1995,indie,False,Oceania
7540,Terror Works,France,2022,indie,False,Europe
7541,Terry Brash,USA,2019,indie,False,America
7542,Tessera Studios,Russia,1986,indie,False,Europe
7543,Teveru,USA,2011,indie,False,America
7544,Teyon,UK,1997,indie,False,Europe
7545,That's Nice Games,USA,2011,indie,False,America
7546,ThatMatt,USA,2002,indie,False,America
7547,ThatSonicGamer,Japan,2016,indie,False,Asia
7548,Thatcher Productions,USA,1985,mid,False,America
7549,The 3DO Company,UK,1988,mid,False,Europe
7550,The AD BLOCKER Team,USA,2022,indie,False,America
7551,The Assembly Line,UK,2003,indie,False,Europe
7552,The Behemoth,Japan,2009,mid,False,Asia
7553,The Binary Mill,Poland,2001,indie,False,Europe
7554,The Bitfather,Australia,2001,indie,False,Oceania
7555,The Commander,USA,1977,indie,False,America
7556,The Crow Studios,France,1981,indie,False,Europe
7557,The DF Team,Poland,1985,indie,False,Europe
7558,The Difference Studios,USA,1979,indie,False,America
7559,The Elsewhere Company,Russia,1994,indie,False,Europe
7560,The Fake World VR Band,USA,1977,indie,False,America
7561,The Farm 51,Germany,1977,indie,False,Europe
7562,The Feature Creep,USA,1985,mid,False,America
7563,The Future Now,USA,1988,indie,False,America
7564,The Game Band,Australia,1990,indie,False,Oceania
7565,The Game Production Company,USA,1998,indie,False,America
7566,The Global Zong Team,Russia,1997,indie,False,Europe
7567,The Gmath,USA,2014,indie,False,America
7568,The Indie Forge,USA,1996,indie,False,America
7569,The Jaywalk CEO,Russia,2018,indie,False,Europe
7570,The Lonely Dane,USA,2000,indie,False,America
7571,The Lonely Developer,Poland,2010,mid,False,Europe
7572,The Lordz Games Studio,Russia,2014,indie,False,Europe
7573,The Lost Condor Dev,Russia,1987,indie,False,Europe
7574,The Mad Cete,USA,1990,indie,False,America
7575,The Mars Society,USA,2002,indie,False,America
7576,The Midnight Mirage,Poland,1976,indie,False,Europe
7577,The Mojo Collective,Russia,2009,indie,False,Europe
7578,The Moonwalls,USA,1983,indie,False,America
7579,The N Main Shop,Russia,1992,indie,False,Europe
7580,The NR,Sweden,1978,indie,False,Europe
7581,The Naughty Captain,UK,2013,indie,False,Europe
7582,The Necklace of Blood,Sweden,2014,indie,False,Europe
7583,The Negatives,USA,1978,indie,False,America
7584,The Original Jöges,USA,2006,indie,False,America
7585,The Outsiders,USA,2004,indie,False,America
7586,The Periodic Group,UK,1985,indie,False,Europe
7587,The Phantom Fellows,USA,1986,indie,False,America
7588,The Planar Danse,Poland,2016,indie,False,Europe
7589,The Pleasure Warlock,USA,2003,indie,False,America
7590,The Poundry,Australia,1981,indie,False,Oceania
7591,The Revills Games,USA,2003,indie,False,America
7592,The Sexy Chinaman,USA,2005,indie,False,America
7593,The Shoebox Diorama (Daniel Ernst),Canada,1983,mid,False,America
7594,The Stonebot Studio,Poland,1992,indie,False,Europe
7595,The Sun Will Rise Team,USA,2007,indie,False,America
7596,The Two Killer,UK,1999,indie,False,Europe
7597,The Voices Games,Sweden,2019,indie,True,Europe
7598,The Walking Drunk,France,1982,indie,False,Europe
7599,The Wall Productions Inc.,Russia,1976,indie,True,Europe
7600,The Worst Man Ever,Germany,2017,indie,False,Europe
7601,TheBoys,Germany,1992,indie,False,Europe
7602,TheDollarGameStore,USA,1978,indie,False,America
7603,TheFifthWaffle,Canada,1979,indie,False,America
7604,TheGreenSquier,USA,1996,indie,False,America
7605,TheGrungeStudios,UK,1992,indie,False,Europe
7606,TheMasterGames,Russia,1981,mid,False,Europe
7607,ThePopBox Game Studios,USA,1990,indie,False,America
7608,TheRealBigMushroom,USA,2003,indie,False,America
7609,TheShortAndTheTall,Germany,2015,indie,False,Europe
7610,TheSirFM,Japan,1983,indie,False,Asia
7611,TheZoneWalker,Russia,1983,indie,False,Europe
7612,The_NerdyBirdy,USA,2009,indie,False,America
7613,Theera,Poland,2015,indie,False,Europe
7614,Theera Sirirattananont,UK,2009,indie,False,Europe
7615,Themes_Daly,Germany,2022,indie,False,Europe
7616,Theodor Niklas,USA,2009,indie,False,America
7617,Therefore Games,USA,2006,indie,False,America
7618,Therris Studios,Poland,1987,indie,False,Europe
7619,Thiago Cesário Machado,Sweden,1985,mid,False,Europe
7620,"Thiemo Bolder, ONEMANGAMES",Australia,2002,indie,False,Oceania
7621,Thierry Gilotte,UK,2014,indie,False,Europe
7622,Think Ten Media Group,USA,2004,indie,False,America
7623,ThinkFast Studio,France,2002,indie,False,Europe
7624,ThinkOfGames,Sweden,1996,indie,False,Europe
7625,Thinking of Cremation?,Russia,1997,indie,False,Europe
7626,Third Sphere Game Studios,Germany,2022,indie,False,Europe
7627,Thomas Bowker,Australia,1995,indie,False,Oceania
7628,Thomas Dhaussy,Canada,2005,indie,False,America
7629,Thomas K. Young,Russia,1976,indie,False,Europe
7630,Thomas M. Visser,USA,2005,indie,False,America
7631,Thomas Olsson,Germany,1985,indie,False,Europe
7632,Thomas Soares,Sweden,2015,indie,False,Europe
7633,Thomas Waterzooi,Canada,1980,indie,False,America
7634,Thomas Weaver Games,UK,2010,indie,False,Europe
7635,"Thoughtquake Studios, LLC",USA,1997,indie,True,America
7636,Thousand Games,USA,1986,indie,False,America
7637,Threaks,Russia,2015,indie,False,Europe
7638,Three Dots Games,Russia,1994,indie,False,Europe
7639,Three Gates,Germany,1987,indie,False,Europe
7640,Three Guys Game Studio,USA,1986,indie,False,America
7641,Three Rings Inc.,USA,1985,indie,False,America
7642,Three Spot Games,USA,1992,indie,False,America
7643,Threear.Vision,Germany,1986,indie,False,Europe
7644,Threehaw Company Ranch,Russia,2013,indie,False,Europe
7645,Thricefold Studios,UK,1985,indie,False,Europe
7646,ThroneLab,Japan,1983,indie,False,Asia
7647,Throw Away Games,USA,1996,indie,False,America
7648,Throwback Entertainment,USA,2012,mid,False,America
7649,Thuleanpanteon,USA,1979,indie,False,America
7650,Thulfekar Issam Alshreese,USA,1977,indie,True,America
7651,Thulu Games,USA,1979,indie,True,America
7652,Thunderbox Entertainment,Russia,2011,indie,False,Europe
7653,Thylacine Studios,UK,1987,indie,False,Europe
7654,Tiam Games,USA,1985,indie,False,America
7655,Tian Jagodic,Japan,1980,indie,False,Asia
7656,Tianyue Gu,USA,1975,indie,False,America
7657,Tic Toc Games,UK,1976,indie,False,Europe
7658,Tice Thomason,USA,2006,indie,False,America
7659,Ticking Candle LLC,UK,1992,indie,False,Europe
7660,Tickinteractive Technology,Sweden,2022,indie,False,Europe
7661,Ticklersoft,Poland,2005,indie,False,Europe
7662,Tideturners,Sweden,2000,indie,False,Europe
7663,Tiger Collins,Canada,2020,indie,False,America
7664,TigerQiuQiu,USA,2011,indie,False,America
7665,Tigerish Games,Japan,1987,indie,False,Asia
7666,Tim Arterbury,USA,2002,indie,False,America
7667,Tim Beaudet,Poland,2018,indie,False,Europe
7668,Tim Conkling,Australia,1987,indie,False,Oceania
7669,Tim Oxton,USA,2016,indie,False,America
7670,Tim Veletta,France,1993,indie,False,Europe
7671,Timberline Studio,Australia,1994,indie,False,Oceania
7672,Time To Kill,USA,1981,indie,False,America
7673,TimeMachine,USA,1993,indie,False,America
7674,TimeTravel_1,Russia,2004,indie,False,Europe
7675,Timea Hötzinger,Japan,1999,indie,False,Asia
7676,Timebat Studio,Japan,2001,indie,False,Asia
7677,Timecode DS Ltd.,Russia,2002,indie,False,Europe
7678,Timo Polvinen,USA,1991,indie,False,America
7679,Timofei Usikov,USA,1977,indie,False,America
7680,Timon Herzog,Sweden,1979,indie,False,Europe
7681,Timothy Findling,Poland,1981,indie,False,Europe
7682,Timothy Horton,Japan,1980,indie,False,Asia
7683,Timothy Vincent,Japan,2014,indie,False,Asia
7684,Tin Man Games,USA,2019,indie,False,America
7685,Tindalos Interactive,Sweden,1993,mid,False,Europe
7686,Tindie Game Studio,Japan,1992,indie,False,Asia
7687,Tinimations,USA,2006,indie,False,America
7688,Tiny Castle Games,USA,2002,indie,False,America
7689,Tiny Colossus,Russia,2007,indie,False,Europe
7690,Tiny Little Lion,Germany,2003,mid,False,Europe
7691,Tiny Magicians,Australia,1985,indie,False,Oceania
7692,Tiny Roar,USA,2009,indie,False,America
7693,Tiny Tiger Games,USA,1983,indie,False,America
7694,Tiny Token Games Inc,Germany,1992,indie,False,Europe
7695,Tiny Trinket Games,USA,2008,indie,False,America
7696,Tiny Utopia,Canada,1979,indie,False,America
7697,TinyMindz,Australia,1975,indie,False,Oceania
7698,Tinymice Entertainment,USA,1996,indie,False,America
7699,Tinymoon,UK,2022,indie,False,Europe
7700,Tired Tortoise Tribe,USA,2000,indie,False,America
7701,Titanium Game Studios,USA,2012,indie,False,America
7702,Titanomachy Studios,Poland,1977,indie,False,Europe
7703,Titus Interactive,USA,2009,indie,False,America
7704,Tkotori,Canada,1978,indie,False,America
7705,Tlakali Game Studio,Poland,2015,indie,False,Europe
7706,Tlön Studios,USA,1989,indie,False,America
7707,Toaplan,Australia,2008,indie,False,Oceania
7708,Toasted Games,USA,1978,indie,False,America
7709,Tobacom,UK,2009,indie,False,Europe
7710,Tobey Gronow,Poland,1997,indie,False,Europe
7711,Tobias Joppen,USA,2001,indie,False,America
7712,Tobias Springer,USA,1999,indie,False,America
7713,Tobin Asher,UK,1979,indie,False,Europe
7714,Tobop Productions,USA,2019,indie,False,America
7715,Toby Holloway,UK,2008,indie,False,Europe
7716,Tobías Rusjan,Germany,1978,indie,False,Europe
7717,ToddFeimanGames,Japan,2019,indie,False,Asia
7718,Todist,Poland,1975,indie,False,Europe
7719,Tofu Interactive,UK,1977,indie,False,Europe
7720,Tofu Studio,France,2010,indie,False,Europe
7721,Tolga Yurtsev,USA,1990,indie,False,America
7722,Tom Ellström Johansson,Russia,2002,indie,True,Europe
7723,Tom Mallet,Sweden,1989,indie,False,Europe
7724,Tom van den Boogaart,Japan,2002,indie,False,Asia
7725,Tom's Feral Cat Games,USA,1976,indie,False,America
7726,TomCGames,France,2017,indie,False,Europe
7727,Tomas Sala,Poland,2005,indie,False,Europe
7728,TomasJPereyra,Sweden,1982,indie,False,Europe
7729,Tomasz Banaś,USA,2022,indie,False,America
7730,Tomi Maarela,UK,2005,indie,False,Europe
7731,Tomislav Kadežabek,France,1980,indie,False,Europe
7732,Tommy Yoder,Russia,2003,indie,False,Europe
7733,Tomoki,Japan,1996,indie,False,Asia
7734,Tomorrow Corporation,Russia,2018,indie,False,Europe
7735,Tonado Games,Poland,1999,indie,False,Europe
7736,Tong Li Publishing Co.,USA,2001,indie,False,America
7737,Tonguç Bodur,Canada,1985,mid,False,America
7738,Tony Cuni,Canada,2007,indie,False,America
7739,Tony McKormack,Australia,1976,mid,False,Oceania
7740,Tonye Amienyo,UK,2015,indie,False,Europe
7741,Too Moose Games,USA,2017,indie,False,America
7742,TooIzzi Games,Germany,1983,mid,False,Europe
7743,ToolGame,Canada,1978,indie,False,America
7744,Toolkitz Games,Poland,2002,indie,False,Europe
7745,TootSuite Games,Russia,2009,indie,False,Europe
7746,Top Evidence Studio,Canada,2003,indie,True,America
7747,Top Right Corner,UK,1986,indie,False,Europe
7748,Top-Down Games,Russia,2000,aaa,False,Europe
7749,TopHouse Studio,Germany,2018,indie,False,Europe
7750,TopazShrine,USA,1987,indie,False,America
7751,Torress Studios,Germany,1986,indie,False,Europe
7752,Tort,Japan,2014,indie,False,Asia
7753,Tortuga Team,Australia,2009,indie,False,Oceania
7754,Torus Games,Japan,2010,indie,False,Asia
7755,Toster12D3,Canada,1988,indie,False,America
7756,Total Eclipse,USA,1980,indie,False,America
7757,Totem Games,Sweden,1975,mid,False,Europe
7758,Touhou neko mini,Poland,1994,indie,False,Europe
7759,Touriste Galactique,USA,2012,indie,False,America
7760,Touz,USA,2020,indie,False,America
7761,Towel Game Studio,Germany,2017,indie,False,Europe
7762,Tower Studio,Sweden,2018,indie,False,Europe
7763,Tower Up Studios,Australia,1994,indie,False,Oceania
7764,TowerOneGames,France,2019,indie,True,Europe
7765,Towndarktales,USA,2011,indie,False,America
7766,Toyman,UK,1976,indie,False,Europe
7767,Toyman Interactive,Germany,1979,indie,False,Europe
7768,Toys for Bob,Poland,2003,indie,False,Europe
7769,Transfusion Group,UK,2013,indie,False,Europe
7770,Transient Games,Australia,1992,indie,False,Oceania
7771,Transolar Games,Sweden,2022,indie,False,Europe
7772,Traptics,France,1990,indie,False,Europe
7773,Traveller's Tales,Canada,2019,indie,False,America
7774,Travellin Cats,Russia,2004,indie,False,Europe
7775,TraxxGames,USA,2005,indie,False,America
7776,Treasure Coast Games,Sweden,1999,indie,False,Europe
7777,TreeNutsGames,Australia,1992,indie,False,Oceania
7778,Treexy,Canada,1996,indie,False,America
7779,"Trevor Sorensen, Mark Baldwin",Germany,1978,indie,False,Europe
7780,Treyarch,France,1991,indie,False,Europe
7781,Treyton Cowell,Germany,2021,indie,False,Europe
7782,Tri-Coastal Games,Sweden,2016,indie,False,Europe
7783,TriBit Studio,UK,1987,indie,False,Europe
7784,Triadne,Russia,1982,indie,False,Europe
7785,Tribus Games Indie,Sweden,1984,mid,False,Europe
7786,Tribute Games Inc.,USA,2003,indie,False,America
7787,Trick27 Studios Limited,USA,2007,indie,False,America
7788,TrickeySoft LLC,USA,2015,indie,False,America
7789,Trickjump Games Ltd,Australia,1979,indie,False,Oceania
7790,Triger Mountain,UK,2008,indie,False,Europe
7791,Trigger the Monster,Australia,2010,indie,False,Oceania
7792,Triggerfish Games,Sweden,1993,indie,False,Europe
7793,Triiodide Studios,Poland,1995,indie,False,Europe
7794,Trilobyte Games,USA,1976,indie,False,America
7795,Trinity Project,Japan,2017,indie,False,Asia
7796,Trion Worlds,UK,2011,indie,False,Europe
7797,Triority Interactive Novels,France,2015,indie,False,Europe
7798,Triple Boris Inc.,USA,2009,indie,True,America
7799,TripleBrick,Sweden,2018,indie,False,Europe
7800,TripleRam Games,Germany,1999,indie,False,Europe
7801,TripleSky,USA,2005,indie,False,America
7802,Tripleducks studio,USA,2010,indie,True,America
7803,Triskell Interactive,USA,1976,indie,False,America
7804,Trite Games,USA,1978,indie,False,America
7805,Triumph Studios,Russia,2001,mid,False,Europe
7806,Triverske,Sweden,1991,indie,False,Europe
7807,Trophy Games,USA,2013,mid,False,America
7808,Tropical Games,France,2016,indie,False,Europe
7809,Troyd Games,Australia,2018,indie,False,Oceania
7810,True Ant Games,Japan,1975,indie,False,Asia
7811,True Nightmare,USA,2022,mid,False,America
7812,True Seria,France,2017,indie,False,Europe
7813,Trystan Jasperson,USA,1998,indie,False,America
7814,Tryzna83,Germany,2012,indie,False,Europe
7815,Tsadriu,Sweden,1989,indie,False,Europe
7816,Tsu-ki,USA,1986,indie,False,America
7817,Tsukuyomi,USA,2003,mid,False,America
7818,TuanisApps,Poland,2020,indie,False,Europe
7819,Tubby Turtle Studios,France,2016,indie,False,Europe
7820,Tuckfard Games,USA,1993,indie,False,America
7821,Tunermaxx Media GmbH,UK,2019,indie,False,Europe
7822,Tupãpo Games,UK,1989,indie,False,Europe
7823,TurTech,Japan,2007,indie,False,Asia
7824,Turbo Button,Canada,2003,indie,False,America
7825,Turntable Games,Russia,1992,indie,False,Europe
7826,Turquoise Revival Games,Australia,2000,indie,False,Oceania
7827,Turtle game,USA,2007,indie,False,America
7828,TurtleFox Games,USA,2020,indie,False,America
7829,Tuwaiq Studio,Australia,1990,indie,False,Oceania
7830,Tuï  - Music,USA,2020,indie,False,America
7831,Twelve Tiles,USA,1987,indie,False,America
7832,Twilight,USA,1977,indie,False,America
7833,Twin Software Studio,Russia,2013,indie,False,Europe
7834,Twin Squid Ltd,Australia,2001,indie,False,Oceania
7835,Twin Vault Games,USA,1998,indie,False,America
7836,Twin-Stick,Germany,2006,indie,False,Europe
7837,TwinDrills,Poland,2017,indie,False,Europe
7838,Twisted Jenius,USA,1978,indie,False,America
7839,Twisted Pixel Games,USA,2008,indie,False,America
7840,Twisted Ramble Games UG (haftungsbeschränkt),USA,2001,indie,False,America
7841,Twisted Shell Games,USA,1999,indie,False,America
7842,Twistplay,USA,2004,indie,False,America
7843,Two Brain Games,Germany,2001,indie,False,Europe
7844,Two Clusters,Sweden,1999,indie,False,Europe
7845,Two Desperados,Germany,2013,indie,False,Europe
7846,Two Horizons,USA,2022,indie,False,America
7847,Two Parks,Australia,2010,indie,False,Oceania
7848,Two Slash Nine Games,UK,2010,indie,False,Europe
7849,Two Star Games,Poland,2000,indie,False,Europe
7850,Two Tribes,Japan,2006,indie,False,Asia
7851,Two friends,USA,2002,indie,True,America
7852,Two tangerine slices,USA,1991,indie,False,America
7853,TwoGen Software,USA,1991,indie,False,America
7854,TwoPM Studios,Poland,1981,indie,False,Europe
7855,TwoShoedGames,France,2022,indie,False,Europe
7856,TwoSoulFox Studios,Russia,1980,indie,False,Europe
7857,TwoWizards,USA,1975,indie,True,America
7858,Tydecon Games,Sweden,1993,indie,False,Europe
7859,Tygrak,France,2017,indie,False,Europe
7860,Tyler Devine,Sweden,1984,indie,False,Europe
7861,Tyler M Richardson,Canada,1979,mid,False,America
7862,Tyler McDermott,UK,2016,indie,False,Europe
7863,Tyler Rose,Poland,1993,indie,False,Europe
7864,Tyler Stansfield Jaggers,Germany,1988,indie,False,Europe
7865,Tymedust Games,USA,2008,indie,False,America
7866,TypeEh Studios,Japan,1984,indie,False,Asia
7867,Tyrant,Poland,2005,indie,False,Europe
7868,Tyre Bytes LLC,Germany,2009,indie,False,Europe
7869,U24 Solutions,UK,2017,indie,False,Europe
7870,UA Games,USA,2017,indie,False,America
7871,UD,USA,1975,indie,False,America
7872,UDAGameLab,Australia,2016,indie,False,Oceania
7873,UE4六叔,Japan,1989,indie,False,Asia
7874,UF Games,USA,2011,indie,False,America
7875,UFO CAT GAMES,Australia,2002,indie,False,Oceania
7876,ULLUCUS HEAVEN Inc.,Russia,2014,indie,False,Europe
7877,ULTRA ULTRA,Germany,2014,indie,False,Europe
7878,UMANIMATION,Sweden,2011,indie,False,Europe
7879,UN JE NE SAIS QUOI,Poland,2009,indie,False,Europe
7880,UNAmedia,Australia,1977,indie,False,Oceania
7881,UNDEAD,Poland,2000,indie,False,Europe
7882,UNICO INC.,Sweden,1980,mid,False,Europe
7883,UNIOCS,UK,2015,indie,False,Europe
7884,UNITED COMMAND ®,Japan,2001,indie,False,Asia
7885,UNPREDICTABLE GAMES,Sweden,2002,indie,False,Europe
7886,UPLAY Online,Australia,1984,indie,False,Oceania
7887,UPandQ,France,2021,mid,False,Europe
7888,URUS GAMES,Russia,1975,mid,False,Europe
7889,"USERJOY Technology Co.,Ltd.",Russia,1994,indie,False,Europe
7890,UTW Team,USA,1985,indie,False,America
7891,UVKen,Australia,2017,indie,False,Oceania
7892,UZURA STUDIO,France,1995,indie,False,Europe
7893,Ubisoft,USA,1978,mid,False,America
7894,Ubisoft  Shanghaï,Japan,2016,indie,False,Asia
7895,Ubisoft Annecy,Japan,1997,indie,False,Asia
7896,Ubisoft Belgrade,UK,2011,indie,False,Europe
7897,Ubisoft Berlin,USA,1977,indie,False,America
7898,Ubisoft Bucharest,UK,2014,mid,False,Europe
7899,Ubisoft Düsseldorf,Germany,2021,indie,False,Europe
7900,Ubisoft Ivory Tower,USA,2005,indie,False,America
7901,Ubisoft Kiev,Japan,1987,indie,False,Asia
7902,Ubisoft Kyiv,USA,1993,indie,False,America
7903,Ubisoft Milan,UK,2003,indie,False,Europe
7904,Ubisoft Montpellier,France,1992,mid,False,Europe
7905,Ubisoft Montreal,USA,2022,mid,False,America
7906,Ubisoft Montreal Studio,UK,1983,indie,False,Europe
7907,Ubisoft Paris,UK,1979,mid,False,Europe
7908,Ubisoft Quebec,Sweden,2019,indie,False,Europe
7909,Ubisoft Shanghai,UK,1979,mid,False,Europe
7910,Ubisoft Singapore,France,2005,indie,False,Europe
7911,Ubisoft Toronto,Australia,2019,indie,False,Oceania
7912,Ugamehome,Russia,1997,indie,False,Europe
7913,Ugly Unicorn,Canada,2017,indie,False,America
7914,Ugly Zebra Interactive,Germany,1997,indie,False,Europe
7915,UglyBaby Games,UK,1987,indie,False,Europe
7916,Ui.e,USA,1979,indie,False,America
7917,Uki Uki Lab,UK,1975,indie,False,Europe
7918,Ulimworks,Germany,1980,indie,False,Europe
7919,UltimaMaxima,Russia,1995,indie,False,Europe
7920,Ultimo Ratio Games,Japan,1992,indie,False,Asia
7921,Ultra Runaway Games,France,2017,indie,False,Europe
7922,Ultraviolet Design,France,1982,indie,False,Europe
7923,Umami Games,USA,2006,indie,False,America
7924,Umbrelloid,USA,1993,indie,True,America
7925,Umix Studios,USA,1975,indie,False,America
7926,Umut KAYA,UK,1994,indie,False,Europe
7927,Unbound Creations,USA,1976,indie,False,America
7928,Uncasual Games,USA,2020,indie,False,America
7929,UncleScrooge,USA,2009,indie,True,America
7930,Undead Turtle,USA,1999,indie,False,America
7931,Undead Yeti Software,USA,2022,indie,False,America
7932,UndeadScout,USA,1998,indie,False,America
7933,Underdog Games,Germany,2000,indie,False,Europe
7934,Underdogz,USA,2019,indie,False,America
7935,Undermog Games,France,2009,indie,False,Europe
7936,Undervolta,USA,1995,indie,False,America
7937,Undying Joy,Canada,1980,indie,False,America
7938,Unfrozen,UK,2019,indie,False,Europe
7939,Unhexigon,France,1988,indie,False,Europe
7940,UnholY CreatioN,UK,2001,mid,False,Europe
7941,UniTemp恒温,USA,1987,indie,False,America
7942,Unified_Kings,Japan,1991,indie,False,Asia
7943,Unight LLC,Japan,2007,indie,False,Asia
7944,Unigine Corp.,Russia,2002,indie,False,Europe
7945,Unikgame,Japan,2013,indie,False,Asia
7946,Unique Development Studios AB,Australia,1977,indie,False,Oceania
7947,Unique Records,USA,2018,indie,False,America
7948,Unison Shift: Blossom,Germany,2014,indie,False,Europe
7949,United Independent Entertainment,Poland,2019,mid,False,Europe
7950,UnitedIndie,Australia,1989,indie,False,Oceania
7951,Unitive Gameworks,USA,1984,indie,False,America
7952,Unk games,UK,1981,indie,False,Europe
7953,Unknown Worlds Entertainment,USA,1996,indie,False,America
7954,Unnulltor Studio,UK,2000,indie,False,Europe
7955,Unphysical Machinery,France,1982,indie,False,Europe
7956,Unreal Quality Games,UK,1993,indie,False,Europe
7957,Unseen Interactive,Russia,2018,indie,False,Europe
7958,Unstoppable Studio,USA,1995,indie,False,America
7959,Untold Backrooms Stories,Sweden,2018,indie,True,Europe
7960,Untold Games,Japan,1992,mid,False,Asia
7961,Unusualsoft,USA,2005,mid,False,America
7962,Up Down Play Studio,Australia,1978,indie,False,Oceania
7963,Uplifting Goat LLC.,Canada,2018,indie,False,America
7964,Upper Byte,Sweden,1987,indie,False,Europe
7965,Upturn Games,Russia,1993,indie,False,Europe
7966,Urban Games,USA,2014,indie,False,America
7967,Urban Isotope,Canada,2011,mid,False,America
7968,Urban Wolf Games Inc.,Sweden,2006,indie,False,Europe
7969,Urchin Games,Australia,1983,indie,False,Oceania
7970,Uridium,USA,1995,indie,False,America
7971,Ursa Games,Germany,1975,indie,False,Europe
7972,Ursa Masnec,Australia,1983,indie,False,Oceania
7973,Username: hislittlecuzin,USA,2009,indie,False,America
7974,UtatoraDeveloper,USA,2006,indie,False,America
7975,Utopia Dream Entertainment Alliance (Pty) Ltd - South Africa,Sweden,1975,indie,False,Europe
7976,Utopia Entertainment,UK,2000,indie,True,Europe
7977,Utopian World of Sandwiches,Sweden,1978,indie,False,Europe
7978,Utsukushii Games,USA,2000,mid,False,America
7979,Uzura Studio,Poland,1998,mid,True,Europe
7980,Uğur ÇELİK,Canada,2016,indie,False,America
7981,V-Nova,France,1992,indie,False,Europe
7982,V.,France,2012,indie,False,Europe
7983,V. Chuvilin,Poland,2012,mid,True,Europe
7984,VALOFE,USA,1985,mid,False,America
7985,"VALOFE, Webzen",Russia,2015,indie,True,Europe
7986,VANGUARD,UK,1976,indie,False,Europe
7987,VASYL LIUBEZHANIN,UK,2019,indie,False,Europe
7988,VBB,Australia,1998,indie,False,Oceania
7989,VD Games,Canada,1998,indie,False,America
7990,VDO Games,USA,2016,indie,False,America
7991,VESALII COMPUTER SYSTEMS & COMMUNICATION EQUIPMENT SOFTWARE TRADING,Australia,1977,mid,True,Oceania
7992,VEWO Interactive Inc.,Canada,2002,indie,True,America
7993,VICTORIA Games,Poland,2004,indie,False,Europe
7994,VILQ,Poland,2006,indie,False,Europe
7995,"VIRTUA WORLDS, LLC",France,1991,indie,False,Europe
7996,VIRTUAL MAGIC,Australia,2012,indie,False,Oceania
7997,VIRTUAL REALITY LABORATORY DV,USA,1993,indie,False,America
7998,VIS Interactive,Australia,1993,indie,False,Oceania
7999,VIS-Games,Sweden,1989,mid,False,Europe
8000,VISON STUDIOS,USA,1976,indie,False,America
8001,VITALII HOLIEV,USA,2010,indie,False,America
8002,VIWESA GAMES,UK,1997,indie,False,Europe
8003,VN House,USA,1993,indie,False,America
8004,VOODOO,UK,2000,indie,False,Europe
8005,VR Factory,USA,2018,indie,False,America
8006,VR IMAGINATORS.inc,USA,2014,indie,False,America
8007,"VR design Åsa Egnér, Modelling Evermotion, Carolina Ask,",UK,2001,indie,False,Europe
8008,VR-EXODUS,USA,2001,mid,False,America
8009,VRA-Games,UK,1983,indie,False,Europe
8010,VRANI inc.,Japan,2003,indie,True,Asia
8011,VRKiwi,Japan,2015,indie,False,Asia
8012,VRLive,Japan,2000,indie,True,Asia
8013,VRROOM,USA,1979,indie,False,America
8014,VRUnicorns,UK,1979,indie,False,Europe
8015,VRXtreme Games,USA,1975,indie,False,America
8016,VRdevelopment,USA,2021,indie,False,America
8017,VRillAR,USA,2006,mid,False,America
8018,VTDevelopers,UK,1978,indie,False,Europe
8019,Vacation Game Studio,Japan,1978,indie,False,Asia
8020,VactoR,USA,1994,indie,False,America
8021,Vadjra,USA,1995,indie,False,America
8022,Vagabond Dog,Germany,1978,mid,False,Europe
8023,Vaka Game Magazine,Australia,2021,mid,False,Oceania
8024,Valentware Games LTD,USA,2018,indie,False,America
8025,"Valhalla Universe, Inc.",Canada,2004,indie,False,America
8026,Valiant Game Studio,UK,2004,indie,False,Europe
8027,Valkeala Software,Sweden,1980,aaa,False,Europe
8028,Valkyria Games,Sweden,2015,indie,False,Europe
8029,Valkyrie,UK,2022,indie,False,Europe
8030,Valkyrie 27,Poland,2000,indie,False,Europe
8031,Valorware,Japan,1999,indie,False,Asia
8032,Valsidalv N,Germany,1987,indie,False,Europe
8033,Vampiricon Valley,Canada,2006,indie,False,America
8034,Van Veen Productions,Canada,2004,indie,False,America
8035,Van der Veer Games,Australia,1998,indie,False,Oceania
8036,Vanilla Cookys,USA,1986,indie,False,America
8037,Vanimals,Australia,2019,indie,False,Oceania
8038,Vantan Game Academy,Japan,2021,indie,False,Asia
8039,VarStudio,USA,1975,indie,False,America
8040,VaragtP,USA,1986,indie,False,America
8041,VarnGameDev,France,2002,indie,False,Europe
8042,Varstep Studios,USA,1984,indie,False,America
8043,Varvarik,France,2005,indie,False,Europe
8044,Vasilis Louvris,Canada,1988,indie,False,America
8045,Vasily Voronkov,Poland,1993,indie,False,Europe
8046,Vast Network,USA,2010,indie,False,America
8047,Vast Studios,UK,1985,indie,False,Europe
8048,Vault Interactive,Sweden,2004,indie,False,Europe
8049,"Vblank Entertainment, Inc.",Poland,2016,indie,False,Europe
8050,Vector Game,USA,2005,indie,False,America
8051,Vector Games,France,2020,indie,False,Europe
8052,Vector Unit,Canada,1996,indie,False,America
8053,Vector bundle,USA,1990,indie,False,America
8054,Vectorush,USA,1981,indie,False,America
8055,Vee,Australia,1979,indie,False,Oceania
8056,Vega Play,USA,1986,indie,False,America
8057,Velaris Studio,USA,1988,indie,False,America
8058,Velocious Technologies,Japan,1979,indie,False,Asia
8059,Velocirifters,Germany,2013,indie,True,Europe
8060,Velocity Lynx,Canada,1996,indie,False,America
8061,Velocity Visions,Poland,1996,indie,False,Europe
8062,Velvet Paradise Games,Canada,1983,indie,False,America
8063,Vendel Games,USA,2003,mid,False,America
8064,Venineth Team,Germany,2013,indie,False,Europe
8065,Veratrum,USA,1989,indie,False,America
8066,Verbal Chambers,USA,2000,indie,False,America
8067,Verde,Australia,1988,indie,False,Oceania
8068,Vergiu,USA,2002,mid,False,America
8069,Veriluxa,Canada,1984,indie,False,America
8070,Vernacular Games,Japan,2004,indie,False,Asia
8071,Verona Interactive,USA,1979,indie,False,America
8072,Vertigo Games,Canada,2019,indie,False,America
8073,Vertigo Gaming Inc.,Australia,2000,indie,False,Oceania
8074,Verto Studio LLC,Canada,1976,indie,False,America
8075,Very Very LITTLE Studio,Japan,1988,mid,False,Asia
8076,Vesite,USA,1999,indie,False,America
8077,Vetus Corvum,UK,1995,indie,False,Europe
8078,Veysel ÇINAR,Japan,1994,indie,False,Asia
8079,Vezir Games,USA,2021,indie,False,America
8080,ViART Games,France,2020,indie,False,Europe
8081,ViNovella Games,USA,2006,indie,False,America
8082,ViRa Games,Canada,2002,indie,False,America
8083,ViWo Games,Russia,2007,indie,False,Europe
8084,Vialgames.com,Japan,1983,indie,False,Asia
8085,Vice Inc.,Sweden,2002,indie,False,Europe
8086,Vicky,USA,1977,indie,False,America
8087,Victor,UK,2007,indie,False,Europe
8088,Victor Guilherme,UK,2000,indie,False,Europe
8089,Victor Martinelli,Russia,2001,indie,False,Europe
8090,Victor Seyfried,USA,2003,indie,False,America
8091,Victoria Lagrange,Germany,2016,indie,False,Europe
8092,VictoryXR,USA,1988,mid,False,America
8093,Vidas Salavejus,Canada,2011,mid,False,America
8094,Viggo Stromvall,Russia,2009,indie,False,Europe
8095,Vigilant Addiction Studios,Poland,2013,indie,False,Europe
8096,Vikintor,USA,2020,indie,False,America
8097,Viktor Vachalek,USA,2022,indie,False,America
8098,Viktor Yurchuk,UK,1995,indie,True,Europe
8099,Vile Monarch,USA,2019,indie,False,America
8100,Villain Role,USA,2001,indie,False,America
8101,Villainous  Games,Japan,1988,indie,False,Asia
8102,Vimes Entertainment,Russia,2012,indie,False,Europe
8103,Vincent Allinggård,UK,1983,indie,False,Europe
8104,Vincent Thiele,Canada,2012,indie,False,America
8105,Vino Venitas,Sweden,2016,indie,False,Europe
8106,"Vintage Digital Revival, LLC",Poland,1981,indie,False,Europe
8107,Vintro Studios,USA,1996,indie,False,America
8108,Violet Angel Interactive,USA,2019,indie,False,America
8109,Violet Horizons Productions,Canada,2002,indie,False,America
8110,Vionsoft,Australia,1985,indie,False,Oceania
8111,Viper Interactive,USA,2012,mid,False,America
8112,Virgin Games,Canada,1994,indie,False,America
8113,Viridino Studios,UK,2015,indie,False,Europe
8114,"Viriver Network Technology Co., Ltd.",UK,2004,indie,False,Europe
8115,VirtexUniverse,Canada,1979,indie,False,America
8116,Virtual Dor,Russia,2008,indie,False,Europe
8117,Virtual Earth Online,Australia,1988,indie,False,Oceania
8118,Virtual Grape,France,2016,indie,False,Europe
8119,Virtual Prophecy Entertainment,UK,2009,indie,False,Europe
8120,Virtual World Interactive LLC,USA,1999,mid,False,America
8121,VirtualAge,UK,1979,indie,False,Europe
8122,Virtually Invincible LLC,USA,2021,indie,False,America
8123,Visage Games Studio,France,2000,indie,False,Europe
8124,Visai Games,Russia,2011,indie,False,Europe
8125,VisionWerx Inc,Australia,1992,indie,False,Oceania
8126,Visual Interactive,Russia,1995,indie,False,Europe
8127,Visual Light,Canada,2014,indie,False,America
8128,VisualArts/Key,Russia,1999,mid,False,Europe
8129,VisualTech48,Canada,1990,indie,False,America
8130,Visumeca Games,Poland,2003,indie,False,Europe
8131,Vitaly Tarnover,UK,1982,indie,False,Europe
8132,Vito Devs,Germany,2011,indie,False,Europe
8133,Vitok,UK,1999,indie,False,Europe
8134,Vittorio Giorgi (SbargiSoft),USA,2001,indie,False,America
8135,Vivid Foundry Corp.,Sweden,2021,indie,False,Europe
8136,Vivid Helix,Japan,1992,indie,False,Asia
8137,Vivid Visions Studios,France,2008,indie,False,Europe
8138,Vivo Games Studios,UK,1997,indie,False,Europe
8139,Vixa Games,UK,1986,indie,False,Europe
8140,Vlad Buculei,Japan,1975,indie,True,Asia
8141,Vlad Dunaev,UK,2003,indie,False,Europe
8142,VladEv1L,Russia,2001,indie,False,Europe
8143,Vladimir Maslov,Poland,1993,indie,False,Europe
8144,Vladimir Shlapak,UK,2001,indie,False,Europe
8145,Vladimir Slav,USA,1981,indie,False,America
8146,Vladimir Soldatov,Sweden,1994,indie,False,Europe
8147,Vladimir Stepanov,Russia,2012,indie,False,Europe
8148,Vladislav Grati,Sweden,1975,indie,False,Europe
8149,Vogat Interactive,Poland,1987,indie,False,Europe
8150,Voge_Games,UK,2009,indie,False,Europe
8151,Void Descent,USA,1989,indie,False,America
8152,Void Games,Poland,1977,indie,False,Europe
8153,Void Knight Games,Japan,1990,indie,False,Asia
8154,VoidStudio,USA,2014,indie,False,America
8155,Voided,Sweden,1984,indie,False,Europe
8156,Voidless Studios,Japan,2001,indie,False,Asia
8157,Volcanic Giraffe,USA,2019,indie,False,America
8158,Volcanicc,USA,2014,indie,False,America
8159,Volcanoid,USA,2013,indie,False,America
8160,VolcanolordGames,USA,1979,indie,False,America
8161,Volens Games,France,1975,indie,False,Europe
8162,Volens Nolens Games,Japan,1979,mid,False,Asia
8163,Volfson Studios,Japan,2006,indie,False,Asia
8164,Volkan Dagdelen,Sweden,2011,indie,False,Europe
8165,Volkan USUĞLU,USA,1992,mid,False,America
8166,Volt Force Studio,USA,1992,indie,False,America
8167,Volutian Design,UK,2014,indie,False,Europe
8168,VortexRingGame,USA,1995,indie,False,America
8169,Voxel LLC,Japan,1997,indie,False,Asia
8170,Voyager Softworks,UK,2019,indie,False,Europe
8171,Voyder Rozann,Australia,1975,indie,False,Oceania
8172,Vrai,Japan,2015,indie,False,Asia
8173,"Vrideo, Inc.",Germany,2018,indie,True,Europe
8174,Vu,UK,2015,indie,False,Europe
8175,Vulkanoid,USA,2017,indie,False,America
8176,Vutune,USA,2020,indie,False,America
8177,Vyndictus,USA,2016,indie,False,America
8178,Víctor Córcoles,Poland,1989,indie,False,Europe
8179,W.R.K.S Games,UK,2008,indie,False,Europe
8180,W3 Studios,Russia,1996,indie,False,Europe
8181,W77Games,France,1976,indie,False,Europe
8182,WADE AIZOUKY,Poland,1984,indie,True,Europe
8183,WANG,USA,2022,indie,False,America
8184,WASEKU,Japan,1993,indie,False,Asia
8185,WB Freeborn,Japan,2014,indie,False,Asia
8186,WB Games Montreal,Australia,2017,indie,False,Oceania
8187,WE2 Studios,Japan,2002,indie,False,Asia
8188,WEB Gaming Entertainment,Australia,2018,indie,False,Oceania
8189,WF,USA,1975,indie,False,America
8190,WGAMES,Russia,1983,indie,False,Europe
8191,WGI GAMING,UK,2016,indie,False,Europe
8192,WHITE TIGER,UK,2007,indie,False,Europe
8193,WHOA!,USA,2011,indie,False,America
8194,WIMO Games,USA,1989,indie,False,America
8195,WINE WITH DISCOUNT GAMES,Sweden,1976,indie,False,Europe
8196,WINGLAY,UK,2010,mid,False,Europe
8197,WISECAT,France,1992,indie,False,Europe
8198,WJLEGAME,UK,2005,mid,False,Europe
8199,WOMBEX Games,Japan,1981,indie,False,Asia
8200,WONG KWAN CHI,Japan,2019,indie,True,Asia
8201,WRF Studios,UK,2012,mid,False,Europe
8202,WS net,Australia,2018,indie,False,Oceania
8203,WSG Entertainment,USA,2008,indie,False,America
8204,WU HAN SHI JIE YOU YUAN DIAN ZI SHANG WU YOU XIAN GONG SI,Russia,1980,indie,False,Europe
8205,WURIK,Japan,1993,indie,False,Asia
8206,WVV-Games.com,Sweden,1998,indie,False,Europe
8207,"WXP Games, LLC",Germany,2001,indie,False,Europe
8208,WYLDERZONE,Germany,1976,indie,False,Europe
8209,Wacha,Sweden,1990,indie,False,Europe
8210,Waden Kane Game Studios,Canada,1989,indie,False,America
8211,Waffle,USA,2014,indie,False,America
8212,Wafflecat Developments,Germany,1984,indie,False,Europe
8213,Waifu Games,USA,2018,indie,False,America
8214,Waily Waily,USA,2020,indie,False,America
8215,Walaber Entertainment LLC,Russia,2002,indie,False,Europe
8216,Waldschrat Studios GbR,USA,2020,indie,False,America
8217,Wales Interactive,France,1978,indie,False,Europe
8218,Walk Thru Walls Studios,Germany,2004,indie,False,Europe
8219,Wallace Lovecraft,Germany,2020,indie,False,Europe
8220,Walleyed Games,France,2003,indie,False,Europe
8221,Wallpaper Engine Team,UK,1987,indie,False,Europe
8222,Walrus Games,USA,2009,indie,False,America
8223,Walter Machado,Canada,2003,mid,False,America
8224,Walternate Realities,Japan,1979,indie,False,Asia
8225,Walugus Grudenburg,USA,2006,indie,False,America
8226,Wampee,Germany,1994,indie,False,Europe
8227,WanderLab,Australia,2020,indie,False,Oceania
8228,WanderLux Games,USA,2010,indie,False,America
8229,Wanderful Interactive Storybooks,USA,2007,indie,False,America
8230,Wang Wenxi,USA,1976,indie,False,America
8231,WangCai,Australia,2018,indie,False,Oceania
8232,Waqudoo,USA,1990,mid,False,America
8233,WarAndCheese,Canada,1986,indie,False,America
8234,WarPI Games,France,2017,indie,False,Europe
8235,Warehouse Studios,France,1996,indie,False,Europe
8236,Warfare Studios,Germany,2009,mid,False,Europe
8237,WarfareSims,Sweden,2016,indie,False,Europe
8238,Wargaming Group Limited,Germany,1999,indie,False,Europe
8239,Wargaming.net,Russia,1981,indie,False,Europe
8240,Warhorse Studios,USA,1976,indie,False,America
8241,Warner Bros. Games Montréal,Japan,2000,indie,False,Asia
8242,Warp Digital,Russia,2013,indie,True,Europe
8243,Warpzone Studios,USA,2004,indie,False,America
8244,Watakusoft,USA,1984,indie,False,America
8245,Watchmaker,USA,2010,indie,False,America
8246,Watercress,USA,1992,indie,False,America
8247,WaveBox Labs,Japan,2002,indie,False,Asia
8248,WayForward,France,2004,mid,False,Europe
8249,Wayward Distractions,USA,1995,indie,True,America
8250,Wayward Prophet,Japan,2004,indie,False,Asia
8251,We Are Cats,UK,2008,indie,False,Europe
8252,We Create Stuff,Poland,1987,indie,False,Europe
8253,WeRVR Studio,Canada,1975,indie,False,America
8254,WeVery,Japan,2022,indie,False,Asia
8255,Weasel Games,USA,2017,mid,False,America
8256,Weather Factory,USA,1995,indie,False,America
8257,Web Technology Corp.,France,2018,indie,False,Europe
8258,Webcore Games,UK,2018,mid,False,Europe
8259,Webfoot,UK,2016,mid,False,Europe
8260,Webfoot Games,Japan,2013,indie,False,Asia
8261,Wedontknow Games,Canada,2008,indie,False,America
8262,Wei,Poland,1991,indie,True,Europe
8263,"Weihai Fantasy Color Computer Software Development Co.,Ltd",UK,2007,indie,False,Europe
8264,Weiqiang Ou,USA,1979,indie,False,America
8265,Weird Penguin Games,UK,2005,indie,False,Europe
8266,Weird and Wry,France,2019,indie,False,Europe
8267,Welding Crow,USA,1989,indie,False,America
8268,Wendigo Games,Russia,1978,indie,False,Europe
8269,Went2Play LLC,Germany,2003,indie,False,Europe
8270,Werewolf Studios,France,2000,indie,False,Europe
8271,Wes Bunn,Russia,2013,indie,False,Europe
8272,WesWare Games,USA,2015,indie,False,America
8273,West Forest Games,Sweden,2014,indie,False,Europe
8274,Western Civilization Software,USA,1984,indie,False,America
8275,Westernleaves,Australia,2015,indie,False,Oceania
8276,Weston Bell-Geddes,Japan,1993,indie,False,Asia
8277,Westwood Studios,Australia,2011,indie,False,Oceania
8278,Wet Noob,USA,1989,indie,False,America
8279,Weyrdworks,Japan,2002,mid,False,Asia
8280,WhackAKey Games,Poland,1979,indie,False,Europe
8281,Whale Rock Games,Sweden,2014,mid,False,Europe
8282,Whalebox,USA,2006,indie,False,America
8283,Whamgames,USA,1982,indie,False,America
8284,Whatboy Games,Australia,1998,indie,False,Oceania
8285,Wheat Muffin Games,Sweden,2013,indie,False,Europe
8286,Whim Independent Studios,France,2017,indie,False,Europe
8287,Whimsical Universes,USA,2000,indie,False,America
8288,Whirlpool,Russia,1988,indie,False,Europe
8289,WhiskerFjords,USA,1980,indie,False,America
8290,Whiskeybarrel Studios,UK,2020,indie,False,Europe
8291,White Birds Productions,France,1989,indie,False,Europe
8292,White Blanket Games,UK,1999,indie,False,Europe
8293,White Door Games,Canada,1979,indie,False,America
8294,White Giant RPG Studios,France,1991,indie,False,Europe
8295,White Powder,Germany,1999,indie,True,Europe
8296,White Vortex Games,Japan,1988,indie,False,Asia
8297,White tail,Russia,2005,indie,False,Europe
8298,WhiteCute,UK,2021,indie,False,Europe
8299,WhiteOrange,Russia,2011,indie,False,Europe
8300,WhitePeach,USA,1980,indie,False,America
8301,WhiteSponge,Japan,2022,indie,False,Asia
8302,Whitefishgames,Sweden,1982,indie,False,Europe
8303,Who Am I Studio,Japan,1996,indie,True,Asia
8304,WhoFun,USA,1985,indie,False,America
8305,Wholetone Games,France,2000,mid,False,Europe
8306,Why Not Fail Again?,USA,1993,indie,False,America
8307,Wibert,USA,1994,indie,False,America
8308,Wicked Rooster,France,1999,indie,False,Europe
8309,WideLuke,USA,2012,indie,False,America
8310,Wild Banana,Germany,2019,indie,False,Europe
8311,Wild Factor,Japan,1976,indie,False,Asia
8312,Wild Fang Films,USA,2021,mid,False,America
8313,Wild Monkey,Germany,1993,indie,False,Europe
8314,Wild River Games GmbH,Australia,1987,indie,False,Oceania
8315,WildSphere,USA,1984,indie,False,America
8316,WildTangent,Poland,1997,mid,False,Europe
8317,Wildseed Games,Russia,2011,indie,False,Europe
8318,Wiley Softworks,Germany,2020,indie,False,Europe
8319,Will Harvey,USA,1987,indie,False,America
8320,Will Petillo,Japan,1982,indie,False,Asia
8321,William DeMayo,UK,2001,indie,False,Europe
8322,William Florez,Australia,1975,indie,False,Oceania
8323,William Harvey,UK,2000,indie,False,Europe
8324,William Lahti,USA,1977,indie,False,America
8325,William Sigurdsson,Poland,1983,indie,False,Europe
8326,William Skou Heidemann,Canada,1989,indie,False,America
8327,William at Oxford,Germany,1977,mid,False,Europe
8328,Wills Blackett,Australia,2021,indie,False,Oceania
8329,Wilnyl,Japan,1989,indie,False,Asia
8330,Wind Chimes Games Limited,Japan,2014,indie,False,Asia
8331,WindLimit Studios,USA,2003,mid,False,America
8332,Windmill,UK,2015,indie,False,Europe
8333,Windybeard,Poland,1982,indie,False,Europe
8334,Winged Cloud,USA,1985,aaa,False,America
8335,Winged Imagination,Russia,1997,indie,False,Europe
8336,Wingjoy Games,UK,2000,indie,False,Europe
8337,Wingpoo,Japan,1994,indie,False,Asia
8338,Winordz company,Russia,1978,indie,False,Europe
8339,Winordz inc,UK,2006,indie,False,Europe
8340,WinsleyCasseus,UK,1979,indie,False,Europe
8341,Winter Wolves,Russia,1997,mid,False,Europe
8342,WinterSpring Games,France,2014,indie,False,Europe
8343,WireWARE,UK,1985,indie,False,Europe
8344,Wise Box Studios,Japan,2003,mid,False,Asia
8345,"Wise Wizard Games, LLC",Sweden,1980,indie,False,Europe
8346,Wishes Ultd.,USA,1988,indie,False,America
8347,Witan Entertainment,Australia,2010,indie,False,Oceania
8348,WizarBox Production,Australia,2022,indie,False,Oceania
8349,Wizard Shrimp Games,UK,2021,indie,False,Europe
8350,Wo_ogie,USA,1992,indie,False,America
8351,Woah_maaan,Sweden,1991,indie,False,Europe
8352,Woblyware,UK,1984,indie,False,Europe
8353,Wojciech Krupinski,Sweden,1989,mid,False,Europe
8354,Wojtek,UK,1990,indie,False,Europe
8355,Wokoha LLC,USA,1998,indie,False,America
8356,Wolderado,Canada,2019,indie,False,America
8357,Wolf Games,Canada,1993,indie,False,America
8358,Wolf Of War Studio,USA,1997,indie,False,America
8359,"WolfShipGames Co., Ltd.",USA,2012,indie,False,America
8360,WolfTeamVN,Japan,2012,indie,False,Asia
8361,Wolfgun,USA,1983,indie,False,America
8362,Wolfpit Games,USA,1975,indie,False,America
8363,Wolfs Moon Studios,USA,2003,indie,False,America
8364,Wolverine Studios,Japan,1981,mid,False,Asia
8365,WolverineSoft Studio,USA,2008,mid,False,America
8366,Wolves Interactive,Japan,1978,indie,False,Asia
8367,Wolvik Studios,Canada,2005,indie,False,America
8368,WonTak Games,USA,1988,indie,False,America
8369,Wondering Fox,UK,1979,indie,False,Europe
8370,Wonderland,Japan,2009,mid,False,Asia
8371,Wontonic Games,France,1975,indie,False,Europe
8372,Wood Needed,Germany,2010,indie,False,Europe
8373,Woodland Games,USA,2017,indie,False,America
8374,Woodpecker,Germany,2002,indie,False,Europe
8375,Woodsy Studio,UK,2004,indie,False,Europe
8376,Wool Tyranny,UK,2010,indie,False,Europe
8377,Workbench Entertainment,USA,2002,indie,False,America
8378,Workroom7,France,1990,mid,False,Europe
8379,World Makers,Canada,1998,indie,False,America
8380,World's Edge,USA,2022,indie,False,America
8381,World-Loom,UK,1978,mid,False,Europe
8382,Worlds To Play,USA,2007,indie,False,America
8383,Worst Girls Games,UK,2016,indie,False,Europe
8384,Worthless Bums,UK,2019,indie,True,Europe
8385,Woziva,UK,1983,indie,False,Europe
8386,WraithStudio,Russia,1981,indie,False,Europe
8387,WrathSchneider,USA,2000,indie,False,America
8388,Wu Zhang,USA,1995,indie,False,America
8389,WuGuanyu Productions,UK,2012,indie,False,Europe
8390,WubsGames,USA,2000,mid,False,America
8391,"Wuhan Firegame Co.,Ltd.",USA,2022,indie,False,America
8392,Wulo Games,USA,1983,indie,False,America
8393,Wuwei,USA,1995,indie,False,America
8394,Wydawnictwo Dagiel,Australia,1983,indie,False,Oceania
8395,Wysiwyg Interactive,USA,1998,indie,False,America
8396,WyvernWare,France,1981,indie,False,Europe
8397,"X-MiGuPLAY, LLC",Canada,1977,indie,False,America
8398,XCC,USA,1988,indie,False,America
8399,XDEVS LTD,UK,1989,mid,False,Europe
8400,XDG GAME STUDIO,USA,2016,indie,False,America
8401,XDesktopSoft,USA,1999,indie,False,America
8402,XENOpz,USA,1988,indie,False,America
8403,XIAOWUWEI,Canada,1991,indie,False,America
8404,XMINutesGames,Poland,2018,indie,False,Europe
8405,XMR,USA,1994,indie,False,America
8406,XO Cat,UK,1994,indie,False,Europe
8407,XP Liu,Japan,1975,indie,False,Asia
8408,XPELLGAMES,Germany,2002,indie,False,Europe
8409,XPlayer Team,USA,2022,indie,False,America
8410,XSGames,Poland,1997,indie,False,Europe
8411,XSlayerXStudios,Russia,2015,indie,False,Europe
8412,XTeam Software Solutions srls,France,1990,indie,False,Europe
8413,XXII GROUP,Germany,2015,indie,False,Europe
8414,XXL,USA,2005,indie,False,America
8415,XXXplosion,UK,1980,indie,False,Europe
8416,XYZStudio,USA,1999,indie,False,America
8417,Xagu Studios,UK,1996,indie,False,Europe
8418,Xamk Game Studios,USA,2006,indie,False,America
8419,Xander's Corgi Arcade,UK,1985,indie,False,Europe
8420,XcryptGames,USA,2015,indie,False,America
8421,Xeaker,France,2001,indie,False,Europe
8422,Xelphyre Games,USA,2005,indie,False,America
8423,Xeneder,UK,1990,indie,False,Europe
8424,Xennial Digital,Germany,1998,indie,False,Europe
8425,XenoAisam,Sweden,1992,mid,False,Europe
8426,Xenture Games,UK,2021,indie,False,Europe
8427,Xenturion,USA,1988,indie,False,America
8428,Xero TR-MMXZ,Canada,2019,mid,False,America
8429,Xeroyd,USA,2015,indie,False,America
8430,XiGeHong,Germany,1996,indie,False,Europe
8431,XiNFiNiTY Games,USA,1987,mid,False,America
8432,Xiangyu Wu,Canada,1999,indie,False,America
8433,XiaoDongMa,Germany,1994,indie,False,Europe
8434,XiaogengXu,Japan,1985,indie,False,Asia
8435,Xiaoyu Yang,Poland,2019,indie,False,Europe
8436,Xilosopher,Australia,2022,indie,False,Oceania
8437,Xio-Fret Games,Sweden,1995,indie,False,Europe
8438,Xitol,Australia,1993,indie,False,Oceania
8439,Xlab Digital,UK,2022,indie,False,Europe
8440,XlashGames,France,1976,indie,False,Europe
8441,Xoron GmbH,USA,2021,indie,False,America
8442,Xoullion,USA,2005,indie,False,America
8443,XuYangyang,USA,2013,indie,False,America
8444,XuanWuGameStudio,Russia,2017,indie,False,Europe
8445,Xuanwen Chen,USA,1989,indie,False,America
8446,Xufactor,Japan,1981,indie,False,Asia
8447,Xyak-Xyak,Russia,2016,indie,False,Europe
8448,Y Press Games,Japan,1976,mid,False,Asia
8449,Y Press Otomes,Japan,1988,indie,False,Asia
8450,Y-Square Games G.K.,UK,2005,indie,False,Europe
8451,Y.Kageyama,Russia,1975,indie,False,Europe
8452,YASUDA GAMES,USA,2014,indie,False,America
8453,YCJY Games,Japan,2010,mid,False,Asia
8454,YD Soft,USA,1983,indie,False,America
8455,YDKR,USA,1988,mid,False,America
8456,YEMA GAME,Australia,1993,indie,False,Oceania
8457,YFYX GAMES,USA,1994,indie,False,America
8458,"YGGDRAZIL GROUP CO.,LTD",Japan,1986,indie,False,Asia
8459,YGGDRAZIL GROUP PUBLIC COMPANY LIMITED,USA,1984,indie,False,America
8460,YJM VR,Australia,2015,indie,False,Oceania
8461,YLO GAME,Poland,1993,indie,False,Europe
8462,YMQWORKS,UK,1987,indie,False,Europe
8463,"YOHCAN Co., Ltd.",Japan,2022,indie,False,Asia
8464,YU-CHU-BU!,Poland,2012,indie,False,Europe
8465,YUGIKOBO,UK,1988,indie,False,Europe
8466,YUSEI NAKAMURA,Germany,2007,indie,False,Europe
8467,YUZUSOFT,USA,2017,mid,False,America
8468,Yaeko,France,2019,mid,False,Europe
8469,Yahu,Canada,2011,indie,False,America
8470,Yai Gameworks,France,2003,indie,False,Europe
8471,Yamamoto App.,USA,2018,indie,False,America
8472,Yamate,USA,1996,indie,False,America
8473,Yamir,USA,1981,indie,False,America
8474,Yamiuchi Project,USA,1997,indie,False,America
8475,Yamoto,Germany,1982,indie,False,Europe
8476,Yanako RPGs,Canada,2011,indie,False,America
8477,Yang Hanji,Canada,1977,indie,False,America
8478,Yang Li,USA,1989,indie,False,America
8479,Yann GEFFROTIN,Australia,1988,mid,False,Oceania
8480,Yarcom Interactive,France,2005,indie,False,Europe
8481,Yaroslav Kosyk,USA,2018,indie,False,America
8482,Yasagure Kitsuenjyo,Russia,1993,indie,True,Europe
8483,Yash Future Tech Solutions Pvt Ltd,Germany,2019,mid,False,Europe
8484,Yasha,Canada,1979,indie,False,America
8485,Yasho Salamander,Japan,1988,indie,True,Asia
8486,Yatch Studios,Australia,2009,indie,False,Oceania
8487,Yavuz Yunusoğlu,UK,1993,indie,False,Europe
8488,YeMuNetWork,Canada,2017,indie,False,America
8489,Yeehaw Games,Russia,1978,indie,False,Europe
8490,Yeli Orog Games,France,1985,indie,False,Europe
8491,Yellow Brick Games,USA,2008,indie,False,America
8492,YellowDuckWorks,Sweden,2001,indie,False,Europe
8493,Yelu,UK,2009,indie,False,Europe
8494,Yeti Mouth Games LLC,Russia,1979,indie,False,Europe
8495,Yijin Shin,France,1990,indie,False,Europe
8496,Yiming,USA,1987,indie,False,America
8497,Yippee Entertainment,Sweden,1996,indie,False,Europe
8498,Yle Sandbox,USA,1984,indie,False,America
8499,Ynor,USA,1987,indie,False,America
8500,Yoa Games,USA,2005,indie,False,America
8501,Yobob,Canada,2006,indie,False,America
8502,Yobowargames,Sweden,1981,indie,False,Europe
8503,Yoji Ojima,Germany,1978,indie,False,Europe
8504,YongHo Joo,Russia,1981,indie,False,Europe
8505,Yoonjin Oh,Sweden,2006,indie,False,Europe
8506,Yorblesnoot,Sweden,2020,indie,False,Europe
8507,Yorick Postema,Canada,1976,indie,False,America
8508,YorochiGames,UK,2004,indie,False,Europe
8509,YouJing,USA,2008,indie,False,America
8510,Youai Xiongdi Information Technology,France,1993,indie,False,Europe
8511,Young Horses,USA,2009,indie,False,America
8512,Young Horses: Free Range,France,1995,indie,False,Europe
8513,Young Studio,Japan,2019,indie,False,Asia
8514,Your Waifu Factory,Sweden,1988,indie,False,Europe
8515,YourAverageOtter,Japan,2007,indie,False,Asia
8516,Yprac Studio,UK,2002,indie,False,Europe
8517,Yuer,USA,2010,indie,False,America
8518,Yuiami Games,USA,2015,indie,False,America
8519,Yukinoshin,France,1982,indie,False,Europe
8520,Yukon Wainczak,UK,2011,indie,False,Europe
8521,Yume Creations,USA,2016,indie,False,America
8522,Yumenamakon,UK,1978,indie,False,Europe
8523,Yummy Yummy Studio,USA,1996,indie,False,America
8524,Yunus Sevin,USA,2013,indie,False,America
8525,Yunus ŞEN,Australia,1986,indie,False,Oceania
8526,YuriNekoMaid,UK,1991,indie,False,Europe
8527,Yurii Nikshych,UK,1995,mid,False,Europe
8528,Yustas Game Studio,France,2022,indie,False,Europe
8529,Yustas Games Studio,USA,1983,indie,False,America
8530,Yusuf Islam Seyhan,USA,2021,aaa,False,America
8531,Yutopia Arts,Sweden,2004,indie,False,Europe
8532,Yuuki Tsuji,Germany,2014,indie,False,Europe
8533,Yuzuru Sitra,Germany,1997,indie,False,Europe
8534,Yxtopia Studios,France,2007,indie,False,Europe
8535,Z & K Games,Australia,1989,indie,False,Oceania
8536,ZCH字母君,USA,1981,indie,False,America
8537,ZELENIUK,France,2021,indie,False,Europe
8538,ZGGame,Japan,2017,indie,False,Asia
8539,ZHANGFAN,USA,1998,indie,False,America
8540,ZHR,USA,1984,indie,False,America
8541,"ZHUYUAN Co.,Ltd",USA,2015,indie,False,America
8542,"ZOC Co.,Ltd.",Japan,1999,indie,False,Asia
8543,ZOLTARR,Russia,1998,indie,False,Europe
8544,ZONK Studios,USA,1999,indie,False,America
8545,ZOO Digital Publishing,Japan,2017,indie,True,Asia
8546,ZOV GAME STUDIO,USA,2016,indie,False,America
8547,ZPink,USA,1989,indie,True,America
8548,ZSJ工作室,Poland,2007,indie,False,Europe
8549,ZUGALU ENTERTAINMENT,Australia,1986,indie,False,Oceania
8550,ZUIJIANGYUE Game,Russia,2007,indie,False,Europe
8551,ZZ,Russia,1975,indie,True,Europe
8552,Zabbo Games,France,2001,indie,False,Europe
8553,Zabuza Labs,Germany,2018,indie,False,Europe
8554,Zach Gage,Australia,1981,indie,False,Oceania
8555,Zach Tsiakalis-Brown,Germany,1975,indie,False,Europe
8556,Zachtronics,USA,2007,indie,False,America
8557,Zack Bakogiannis,USA,2017,indie,False,America
8558,Zack Garrett,USA,2010,indie,False,America
8559,Zakroutil,USA,1984,indie,False,America
8560,Zane Antosh,Germany,2005,indie,False,Europe
8561,Zane Gittins,USA,1987,indie,False,America
8562,ZangGames,France,2013,mid,False,Europe
8563,Zarkan Entertainment,USA,1980,indie,True,America
8564,Zashiko,Russia,1992,indie,False,Europe
8565,Zaxiquej,Russia,1989,indie,False,Europe
8566,Zaxis Games,Russia,2020,indie,False,Europe
8567,ZaxtorGameS,USA,2017,indie,True,America
8568,Zbigniew Ochman,Poland,1995,indie,False,Europe
8569,Zealer,Australia,2003,indie,False,Oceania
8570,Zealwind,USA,2016,indie,False,America
8571,Zee Vital,USA,1975,indie,False,America
8572,Zeekerss,Japan,1982,indie,False,Asia
8573,Zeiva Inc,Sweden,1998,indie,False,Europe
8574,Zeke Virant,Germany,1977,indie,False,Europe
8575,Zen GM Games,Japan,1990,indie,True,Asia
8576,Zen Studios,Sweden,1976,mid,False,Europe
8577,Zenimax Online Studios,USA,1994,mid,False,America
8578,Zeno Rogue,USA,2020,indie,False,America
8579,ZephyrNest Creations,USA,1979,indie,False,America
8580,Zero Eden Games,Sweden,1983,indie,False,Europe
8581,"Zero Mass Energy, Inc",Japan,1981,indie,False,Asia
8582,Zero One,USA,2005,indie,False,America
8583,Zero Point Software,Russia,1993,indie,False,Europe
8584,ZeroBitCode,France,2010,indie,True,Europe
8585,ZeroXilo,USA,2007,indie,False,America
8586,Zerodiv,Sweden,1989,mid,True,Europe
8587,Zerone Studios,USA,1997,indie,False,America
8588,ZerovHao,Sweden,2016,indie,False,Europe
8589,Zertuk,USA,1989,indie,False,America
8590,Zeta bit,Germany,1982,indie,False,Europe
8591,Zeuta Caffe,USA,2017,indie,False,America
8592,Zhang Huiqin,Sweden,2003,mid,False,Europe
8593,ZhangTianFeng,Sweden,1990,indie,False,Europe
8594,Zhi Wong,UK,2011,indie,True,Europe
8595,Zhongshan Xinglong Animation Technology Co. Ltd.,Poland,2010,indie,False,Europe
8596,Zhou Yu Cheng,UK,2006,indie,False,Europe
8597,Zhou Yuan,Germany,1994,indie,False,Europe
8598,ZiU Game,USA,1992,indie,False,America
8599,ZigZagJazz LLC,Sweden,1975,indie,False,Europe
8600,Zihang Zhang,France,2002,indie,False,Europe
8601,Zin Games LLC,USA,1994,indie,False,America
8602,Zinnia Demitasse,USA,2013,indie,False,America
8603,Zloy Krot Studio,Japan,1999,indie,False,Asia
8604,Zoka Bros.,USA,1996,indie,False,America
8605,Zombie Developer,USA,2003,mid,False,America
8606,Zombie Dynamics,UK,1977,indie,False,Europe
8607,Zombie Studios,UK,2003,indie,False,Europe
8608,Zombie's Delight Studio,Sweden,2001,indie,False,Europe
8609,Zona Arqueologica Caral,USA,2012,indie,False,America
8610,Zongying Liu,USA,1997,indie,False,America
8611,Zoo Corporation,USA,1992,mid,False,America
8612,Zoom Out Games,Canada,2014,aaa,False,America
8613,Zorro,France,2000,indie,False,Europe
8614,Zotal Studios,UK,2006,indie,False,Europe
8615,Zotnip,USA,1975,indie,False,America
8616,Zoë Mode,Canada,1990,mid,False,America
8617,Zudenan Digital,Sweden,1986,indie,False,Europe
8618,Zuhair Nammous,Japan,1977,indie,False,Asia
8619,Zulu,Japan,1983,indie,False,Asia
8620,Zurey,Canada,1996,indie,False,America
8621,Zvky design studio,Sweden,2013,indie,False,Europe
8622,Zylos Games LLC,Germany,1995,indie,False,Europe
8623,Zylyx,Poland,2012,indie,False,Europe
8624,[2.21],UK,2006,indie,False,Europe
8625,_badger,UK,1985,indie,False,Europe
8626,_if_N,UK,1978,indie,False,Europe
8627,_trackC Studios,Russia,1989,indie,False,Europe
8628,a10a010,France,1996,indie,False,Europe
8629,a1esska,USA,1986,indie,False,America
8630,aNCHOR Inc.,Poland,1995,indie,False,Europe
8631,aPriori Digital,Sweden,1983,indie,False,Europe
8632,aQuadiun,USA,1992,indie,True,America
8633,a_BAHN,Poland,2013,indie,False,Europe
8634,aa9bb,USA,2019,indie,False,America
8635,aarthificial,USA,1985,indie,False,America
8636,abdullah aldosari,USA,1985,indie,False,America
8637,abooxlove,Poland,1976,indie,False,Europe
8638,aburasobabiyori,UK,2009,indie,False,Europe
8639,actpng,USA,1982,indie,False,America
8640,adDICKtive games,USA,1986,indie,False,America
8641,agapiOS,UK,1988,indie,False,Europe
8642,aiiaiiiyo,Australia,1975,indie,False,Oceania
8643,alextrof94,Australia,1997,indie,False,Oceania
8644,alreti circle,Australia,1982,indie,False,Oceania
8645,amberlimshin,Germany,2007,indie,True,Europe
8646,ant_games,Germany,1997,indie,True,Europe
8647,aptk,USA,2001,indie,False,America
8648,aresarx,Germany,1981,indie,False,Europe
8649,art-0,France,1988,indie,False,Europe
8650,artoonu,USA,2013,aaa,False,America
8651,ashipi,France,1975,indie,False,Europe
8652,ashleyypox,USA,2020,indie,False,America
8653,austin d.,UK,1981,indie,False,Europe
8654,axilirate,USA,1996,mid,False,America
8655,azimuth team,Canada,1992,mid,False,America
8656,azucat,USA,2022,indie,False,America
8657,b-alive gmbh,Australia,1994,indie,True,Oceania
8658,baKno Games,Japan,2014,indie,False,Asia
8659,bad monkee,USA,1975,indie,False,America
8660,badopticsgames,Russia,2021,indie,False,Europe
8661,bair games,USA,2022,indie,False,America
8662,bankbank,Australia,2016,indie,False,Oceania
8663,base0,Japan,2009,indie,False,Asia
8664,basement queuing game studio,USA,1999,indie,False,America
8665,bati,Canada,1990,indie,False,America
8666,bdme,Russia,1982,indie,False,Europe
8667,bernie wick,Australia,1997,indie,False,Oceania
8668,bhungry,France,1981,mid,False,Europe
8669,bibimbapstudio,Canada,2006,indie,False,America
8670,binary.games,Japan,2002,indie,False,Asia
8671,bitSmith Games,UK,2017,indie,False,Europe
8672,bitchunk,Sweden,2001,indie,False,Europe
8673,bitshift,USA,2011,indie,False,America
8674,bitshift.studio,USA,2019,indie,False,America
8675,bjshih,Japan,1978,indie,False,Asia
8676,bmrec,USA,2021,indie,False,America
8677,bumblebee,USA,1990,indie,False,America
8678,buster4,USA,2005,indie,False,America
8679,by AUSTIN JAMES,Canada,2003,indie,True,America
8680,byMixNez,France,2005,indie,False,Europe
8681,c l o t h i n g h a n g e r,USA,1990,indie,False,America
8682,cBlck,USA,2006,indie,False,America
8683,cGh ONE,UK,1984,mid,False,Europe
8684,cJoy Games,USA,2015,indie,False,America
8685,callenshaw indiegames,USA,2007,indie,False,America
8686,carb,USA,2006,indie,False,America
8687,catchdevelop,USA,1984,indie,False,America
8688,cavalie_ro,USA,1977,indie,True,America
8689,cbinfosystems,Russia,2004,indie,False,Europe
8690,cem99,Russia,1990,indie,False,Europe
8691,cg-imagine,Germany,2019,indie,False,Europe
8692,chengcong,USA,2019,mid,False,America
8693,chenjd,USA,2002,indie,False,America
8694,chenyifan,France,2007,indie,False,Europe
8695,cheshewstudio,UK,1988,indie,False,Europe
8696,chgames,Japan,2009,indie,False,Asia
8697,chi,USA,2017,indie,False,America
8698,chickeninthecornstudio,Russia,2006,indie,False,Europe
8699,cip,Germany,1996,indie,False,Europe
8700,cirtis,Sweden,1983,indie,True,Europe
8701,cnsgames,USA,1992,mid,False,America
8702,codeArts K.K.,USA,1999,indie,False,America
8703,computer-knopf,USA,2002,indie,False,America
8704,copperwaif,USA,2003,indie,False,America
8705,corrox,Sweden,1998,indie,False,Europe
8706,crea-ture Studios Inc.,USA,1986,indie,False,America
8707,cyberworks,UK,1997,indie,False,Europe
8708,d1h1,Russia,1990,indie,False,Europe
8709,d3arts.cz,Poland,2018,indie,False,Europe
8710,d4rkd0s,Sweden,1999,indie,False,Europe
8711,daminggede,Australia,1991,indie,False,Oceania
8712,daniel coady.,Japan,2012,indie,False,Asia
8713,darkly,USA,2011,indie,False,America
8714,darkwolf_66,UK,1982,indie,True,Europe
8715,de Fault,UK,1983,indie,False,Europe
8716,deadworld games,Australia,2012,indie,False,Oceania
8717,desunoya,Germany,1995,mid,False,Europe
8718,dev dev,Sweden,1982,indie,False,Europe
8719,devGONG,Canada,2001,indie,False,America
8720,dev_k5aa,Russia,2001,indie,False,Europe
8721,diedemor studio,USA,1989,indie,False,America
8722,dietzribi,Canada,2014,indie,False,America
8723,dig,Russia,1991,indie,False,Europe
8724,diman production,USA,1983,indie,False,America
8725,dimbdev,Germany,1994,indie,False,Europe
8726,div,Russia,1998,indie,False,Europe
8727,dorgel,USA,1987,indie,False,America
8728,dramatic create,Japan,2010,mid,False,Asia
8729,dreamboat,Canada,2019,indie,False,America
8730,droqen,Canada,1993,indie,False,America
8731,dsquare,Australia,2021,indie,False,Oceania
8732,dustinaux,Poland,1983,indie,False,Europe
8733,duzhening,Poland,1993,indie,False,Europe
8734,dvdvideomedia,USA,1976,indie,False,America
8735,e-FunSoft Games,France,2008,indie,False,Europe
8736,e-Jade,USA,2010,indie,False,America
8737,e-door,Australia,1984,indie,False,Oceania
8738,eFunSoft Games,USA,2016,indie,False,America
8739,eMedia Music,USA,1978,mid,False,America
8740,eStudio NooN,Canada,1992,indie,False,America
8741,eTIRUe,Canada,2000,indie,False,America
8742,eVR,Russia,2003,indie,True,Europe
8743,eXplore Studio,USA,2015,indie,False,America
8744,earrgames,USA,2008,indie,False,America
8745,ebi-hime,USA,1979,aaa,False,America
8746,egor dorogov,Sweden,1984,indie,True,Europe
8747,eiNpictures,Australia,1978,indie,False,Oceania
8748,ektomarch,Canada,2008,indie,False,America
8749,elvismd,Sweden,1983,indie,False,Europe
8750,endingn,USA,2009,indie,False,America
8751,enzi,Australia,1988,indie,False,Oceania
8752,evlavv_studio,Japan,2011,indie,False,Asia
8753,exaQuark,Australia,2007,indie,False,Oceania
8754,exosyphen studios,Australia,2009,mid,False,Oceania
8755,eys,Japan,2022,indie,False,Asia
8756,fShark Games,Canada,1999,indie,True,America
8757,fabolous_lux,UK,2018,mid,False,Europe
8758,familyplay,Sweden,2002,indie,False,Europe
8759,fap girls,Germany,1976,mid,False,Europe
8760,fenchen9hd,UK,2001,indie,False,Europe
8761,final blue game studio,Canada,1978,indie,False,America
8762,flapper3 inc.,USA,1991,indie,False,America
8763,flashdim,Russia,1980,indie,False,Europe
8764,fletcher.richman,Sweden,1998,indie,True,Europe
8765,fnnbrr,France,1975,indie,False,Europe
8766,forefinger,Sweden,1993,indie,False,Europe
8767,fourth motion llc,Japan,2008,indie,False,Asia
8768,framelocker GmbH,Sweden,2016,indie,False,Europe
8769,friendsoflittleyus,Sweden,1988,indie,False,Europe
8770,funktiondreizehn studio,Canada,2011,indie,False,America
8771,"fuzz, Inc.",Canada,1977,indie,False,America
8772,gMarks,France,1978,indie,False,Europe
8773,galanti,USA,1979,indie,False,America
8774,game54 Software,UK,2007,indie,False,Europe
8775,games by lum,Canada,1996,indie,False,America
8776,gamesbychris,France,1981,indie,False,Europe
8777,gamesnnstudio,France,2005,indie,False,Europe
8778,gareththegeek,UK,2007,indie,True,Europe
8779,gelten,USA,2015,indie,True,America
8780,gitcare,Sweden,2008,indie,False,Europe
8781,gnomearc,UK,2003,indie,False,Europe
8782,grandma,Poland,2003,indie,False,Europe
8783,greasefiregames,USA,2013,indie,True,America
8784,greenfigure,Sweden,2017,indie,False,Europe
8785,grin robot,Sweden,2008,mid,False,Europe
8786,guilemus,France,1988,indie,False,Europe
8787,guizhi0011,USA,1980,indie,False,America
8788,guselect,Japan,1999,indie,False,Asia
8789,"h.a.n.d., Inc.",Russia,2002,indie,False,Europe
8790,halvardo13,Germany,2005,indie,False,Europe
8791,handMadeGames,UK,1997,indie,False,Europe
8792,happypandagames,Canada,1987,indie,False,America
8793,hcnone,USA,1979,indie,False,America
8794,healthy game,USA,1995,indie,False,America
8795,hellydev,UK,2009,indie,False,Europe
8796,heyjeff,USA,1997,indie,False,America
8797,hikarumiwa.,USA,1997,indie,False,America
8798,hna,Japan,1984,indie,False,Asia
8799,htaidisgust,USA,1990,indie,False,America
8800,https://www.facebook.com/lgtsia,Germany,2012,indie,False,Europe
8801,hublab,Japan,1993,indie,False,Asia
8802,hurakan,UK,1984,indie,False,Europe
8803,hypnosisSoft,Sweden,2019,indie,False,Europe
8804,i273 LLC,Germany,1979,indie,False,Europe
8805,iGame,Germany,1992,indie,False,Europe
8806,iLand Studios,Japan,2006,indie,False,Asia
8807,iMax-Gen,USA,1987,indie,True,America
8808,iMaxGen,Russia,1996,indie,False,Europe
8809,iMel,Sweden,2004,mid,False,Europe
8810,iOzz,Russia,2002,indie,False,Europe
8811,iRacing,Poland,1989,indie,False,Europe
8812,iRacing.com Motorsport Simulations,USA,1998,indie,False,America
8813,iXsign,Canada,1985,indie,False,America
8814,iYou,Sweden,1998,indie,False,Europe
8815,idris Celik,Japan,1990,indie,True,Asia
8816,igelanium games,Germany,1987,indie,False,Europe
8817,ihanbyol,USA,2011,indie,False,America
8818,illegaldogs,USA,2021,indie,False,America
8819,illufinch,France,1989,indie,False,Europe
8820,illuminati,Canada,1985,indie,False,America
8821,ilzard,Russia,2005,indie,False,Europe
8822,ima shouganai,Russia,1982,indie,False,Europe
8823,imbagroup,Russia,1993,indie,False,Europe
8824,imbananacrazy,USA,2021,indie,False,America
8825,in Principle Games,Japan,1999,mid,False,Asia
8826,inXile Entertainment,Russia,1978,mid,True,Europe
8827,indie_games_studio,Sweden,1984,mid,False,Europe
8828,indiegames3000,Poland,2020,mid,False,Europe
8829,indigo game production,USA,1993,indie,False,America
8830,infinitevile,Japan,2018,indie,False,Asia
8831,int22Creates,UK,2017,indie,False,Europe
8832,inveshemin,Poland,2017,indie,False,Europe
8833,invwindy,Japan,2014,indie,False,Asia
8834,iolo,Russia,2002,indie,False,Europe
8835,ipei_retland,Canada,2012,indie,False,America
8836,iraisynn attinom,USA,1998,indie,False,America
8837,irisGameDev,Japan,2000,indie,False,Asia
8838,itandfeel,Japan,1993,indie,True,Asia
8839,itsBoats,France,2018,indie,False,Europe
8840,ivangarcia,Poland,1987,indie,False,Europe
8841,jackSTAR,USA,1976,indie,False,America
8842,jackgame,UK,1985,indie,False,Europe
8843,jewelry,Poland,1983,indie,False,Europe
8844,jjpokey,UK,2020,indie,False,Europe
8845,jorgen games Ltd,Russia,2014,indie,False,Europe
8846,joversound,Canada,1983,indie,False,America
8847,juhbeedesigns,Germany,1991,indie,False,Europe
8848,kChamp Games,France,1975,indie,False,Europe
8849,kaleidoscube,UK,1993,indie,False,Europe
8850,kamichichi,USA,1978,indie,False,America
8851,kamotanproject,UK,2015,indie,False,Europe
8852,kamti,USA,1996,indie,True,America
8853,kan.kikuchi,Canada,1977,indie,False,America
8854,kangawallapuss,Canada,1984,indie,False,America
8855,kantal collective,USA,1977,indie,False,America
8856,karl brown,UK,2011,indie,False,Europe
8857,kc6067,France,2004,indie,False,Europe
8858,kg games,Germany,2010,indie,False,Europe
8859,kgsensei,USA,1995,indie,False,America
8860,kikiyama,Japan,1988,indie,False,Asia
8861,kingna studio,Sweden,2013,indie,False,Europe
8862,kinhouse studio,USA,2000,indie,False,America
8863,kiukiu,USA,1991,indie,False,America
8864,koinoroi,Australia,2020,indie,False,Oceania
8865,koola,UK,2015,indie,False,Europe
8866,kurigamedev,USA,1990,indie,False,America
8867,kutugi kaoru,USA,1988,indie,False,America
8868,kyuu Fujisaki,Australia,2006,indie,False,Oceania
8869,lamb of game,Poland,2001,mid,False,Europe
8870,lapys games,USA,2008,indie,False,America
8871,lastgame,UK,1996,indie,False,Europe
8872,lazygun,Sweden,1985,indie,False,Europe
8873,lc85,Japan,1983,indie,False,Asia
8874,lemorion_1224,USA,1977,indie,False,America
8875,leo wood,Canada,2017,indie,False,America
8876,liangxiegame,Germany,2017,indie,True,Europe
8877,light,UK,2022,mid,False,Europe
8878,lightUP,USA,1980,mid,False,America
8879,lilleBror,Germany,1996,indie,False,Europe
8880,liluoailuoli,Poland,2006,indie,False,Europe
8881,lineindevs,UK,2016,indie,False,Europe
8882,liugao,USA,2016,indie,False,America
8883,liuliu,USA,1990,indie,False,America
8884,ln404,Japan,2016,indie,False,Asia
8885,loardjosef,UK,2020,indie,False,Europe
8886,"logicalbeat Co., Ltd.",Sweden,1975,indie,False,Europe
8887,loongjinlong,USA,2021,indie,True,America
8888,looook.me,USA,2013,indie,False,America
8889,louis morel,USA,2003,indie,False,America
8890,ludobloom,Canada,1994,indie,False,America
8891,m07games,Germany,1977,indie,False,Europe
8892,m4g,France,1989,indie,False,Europe
8893,mCoCoA,Australia,1979,indie,False,Oceania
8894,magnussoft,Sweden,2013,mid,False,Europe
8895,mamoniem,France,1978,indie,False,Europe
8896,manadream,USA,1991,indie,False,America
8897,mannered.monster,France,2001,indie,False,Europe
8898,maou,USA,2001,indie,False,America
8899,mars,Germany,2016,indie,True,Europe
8900,marumellon,Russia,1980,indie,False,Europe
8901,mashumafi,USA,2015,indie,False,America
8902,matchdev23,USA,2011,indie,False,America
8903,mañana studios,Japan,2019,indie,False,Asia
8904,mc2games,Russia,1975,indie,False,Europe
8905,me,Sweden,1989,mid,False,Europe
8906,mebius.,Poland,1980,mid,True,Europe
8907,melessthanthree,UK,2010,indie,False,Europe
8908,meokigame,Canada,2022,indie,False,America
8909,mikolus,Poland,2002,indie,False,Europe
8910,milhostudio,USA,2003,indie,False,America
8911,mindmeld.io Inc.,USA,1983,indie,False,America
8912,minori,Germany,1982,indie,False,Europe
8913,mizu,USA,2002,indie,False,America
8914,mizutamarism,Japan,2001,indie,False,Asia
8915,mkaatr,UK,1976,indie,False,Europe
8916,moesoft,USA,2006,indie,False,America
8917,mollyketamine,Canada,1981,indie,False,America
8918,monime,Japan,1983,indie,False,Asia
8919,monoclelord,Germany,1988,indie,False,Europe
8920,mort-art,USA,2009,indie,False,America
8921,motsuhouse,France,1997,indie,True,Europe
8922,mouse,Canada,2000,indie,False,America
8923,mungbungo,Russia,1985,indie,False,Europe
8924,murase,UK,2012,indie,False,Europe
8925,nP Studios,Japan,2002,indie,False,Asia
8926,nStarcube,Poland,2007,indie,True,Europe
8927,napkinGames,Canada,1987,indie,False,America
8928,naro,UK,2000,indie,False,Europe
8929,natamigame,UK,1986,indie,False,Europe
8930,navin prasad,France,2018,indie,False,Europe
8931,navin prithvi,Germany,2013,indie,True,Europe
8932,nekopuru,USA,2012,indie,False,America
8933,neozoid.games,UK,2009,indie,False,Europe
8934,new dev,UK,2014,indie,False,Europe
8935,nextReality Games,Japan,2002,indie,False,Asia
8936,nibblenibble123,France,2006,indie,False,Europe
8937,niomiautemn,USA,1987,indie,False,America
8938,nobodyshot,UK,2022,mid,False,Europe
8939,noname studio,UK,1979,indie,False,Europe
8940,none,Australia,1993,indie,False,Oceania
8941,noowanda,Japan,1999,indie,False,Asia
8942,norazuma,Germany,1987,mid,False,Europe
8943,npckc,Australia,1983,indie,False,Oceania
8944,nullius,Australia,1997,indie,False,Oceania
8945,nuru games,UK,1980,indie,False,Europe
8946,nyewks,Japan,2016,indie,False,Asia
8947,oaksweetz,Australia,2008,indie,False,Oceania
8948,oates,USA,2016,indie,False,America
8949,obece,USA,2020,indie,False,America
8950,ogsoftgames,USA,2013,indie,False,America
8951,okyakusama,USA,2003,mid,False,America
8952,onebraverobot,Sweden,1997,indie,False,Europe
8953,onegames,Australia,2015,indie,False,Oceania
8954,oophok,USA,1984,indie,False,America
8955,ooze,USA,1981,indie,False,America
8956,orange,USA,2015,indie,True,America
8957,origamihero games,France,2000,indie,False,Europe
8958,ostsergey,USA,1992,indie,False,America
8959,owlyboi,Russia,1976,mid,False,Europe
8960,owockitalki,France,1997,indie,False,Europe
8961,peanutbutterandjuggler,USA,1989,indie,False,America
8962,pekoge-sutagio,UK,1988,indie,False,Europe
8963,pengjianNiu,France,1976,indie,False,Europe
8964,penkastudio,Sweden,1975,indie,False,Europe
8965,peperoncino,Japan,1987,indie,True,Asia
8966,pheenix93,USA,1991,indie,False,America
8967,photographer,Sweden,2016,mid,False,Europe
8968,picture4u,USA,2019,indie,False,America
8969,pieDevs,Japan,1990,indie,False,Asia
8970,pixelteishoku,Russia,2015,indie,False,Europe
8971,pixepob,USA,1995,indie,False,America
8972,playuntrusted.com,Russia,1980,indie,False,Europe
8973,polynation games ltd,Russia,1994,indie,False,Europe
8974,polyperfect,France,2013,mid,False,Europe
8975,polytanQ,UK,2006,indie,False,Europe
8976,prettysmart games,Canada,2009,indie,False,America
8977,propeller,Russia,1998,indie,False,Europe
8978,qberty,USA,1998,indie,False,America
8979,qimiaogame,UK,1979,indie,False,Europe
8980,quad games,France,2010,indie,False,Europe
8981,quicktequila,France,2001,mid,False,Europe
8982,quincemellon,Sweden,1987,indie,False,Europe
8983,qureate,Sweden,2007,mid,False,Europe
8984,rDev,USA,2022,indie,False,America
8985,raccoon,France,1997,indie,False,Europe
8986,radmatt,Australia,2015,indie,False,Oceania
8987,rainstory.games,UK,2006,mid,False,Europe
8988,raptor lab,Australia,1994,indie,False,Oceania
8989,red small workshop,USA,1976,indie,False,America
8990,redratic,Poland,2005,indie,False,Europe
8991,reiti.net,Japan,2007,indie,False,Asia
8992,resnijars,USA,1985,mid,False,America
8993,richard,France,2014,indie,False,Europe
8994,riolucci,France,2016,indie,False,Europe
8995,rittzler,USA,2021,indie,False,America
8996,robinz,Germany,1996,indie,False,Europe
8997,roflinka games,USA,1976,indie,False,America
8998,rokaplay,Russia,1995,indie,False,Europe
8999,room6,UK,2021,mid,True,Europe
9000,rosesrot,USA,1992,indie,False,America
9001,rpglord69,USA,1975,indie,False,America
9002,rulewrite,USA,1986,indie,False,America
9003,russpuppy,Russia,1987,indie,False,Europe
9004,ryouko,Canada,2003,indie,False,America
9005,sTeloXz,Canada,1984,mid,False,America
9006,sad_gandalf,Germany,1992,indie,False,Europe
9007,samuel crevier,Sweden,2017,indie,False,Europe
9008,scopatgames,Canada,1990,indie,False,America
9009,sebagamesdev,USA,2001,indie,False,America
9010,seekmindstudio,Germany,1997,indie,False,Europe
9011,selenophobia,USA,1983,indie,False,America
9012,sewohayami,France,1994,indie,False,Europe
9013,shinon,USA,1986,indie,False,America
9014,shipscaptainindie,USA,1988,indie,False,America
9015,shru,Sweden,1983,indie,False,Europe
9016,shunYing,Germany,2018,indie,False,Europe
9017,shuuji nishitani,Canada,1989,indie,False,America
9018,siki2046,France,1996,indie,False,Europe
9019,simplecakestudio,Russia,2021,indie,False,Europe
9020,skR1me,USA,1990,indie,False,America
9021,sky-coding,Germany,1992,indie,False,Europe
9022,slh99,USA,1997,indie,False,America
9023,slimefriend,Japan,1991,indie,False,Asia
9024,slizer88,Japan,2018,indie,False,Asia
9025,sloth gamer,USA,2017,indie,False,America
9026,socah development,Canada,2008,indie,False,America
9027,softvar,USA,1987,indie,False,America
9028,solarsuit.games,Canada,1997,indie,False,America
9029,somdy age,Australia,1991,indie,False,Oceania
9030,soramame-koubou,Japan,1977,indie,False,Asia
9031,spider,Poland,2015,indie,False,Europe
9032,splenbit,USA,1981,indie,False,America
9033,sprise,France,1994,indie,False,Europe
9034,sprite,UK,2018,indie,False,Europe
9035,ssma,Japan,1977,indie,False,Asia
9036,stabbystab,UK,2005,indie,False,Europe
9037,starknow,Poland,2001,indie,False,Europe
9038,starmops,USA,1991,indie,False,America
9039,stillalive studios,Australia,1983,mid,False,Oceania
9040,stormnebulae,France,2005,indie,False,Europe
9041,straka.studio,Japan,2021,indie,False,Asia
9042,studeii,Russia,2002,indie,False,Europe
9043,studio Wandervogel,USA,2002,indie,True,America
9044,sudologic,USA,1982,indie,False,America
9045,swfranlou88,Russia,2003,indie,False,Europe
9046,takayakata,USA,2014,indie,False,America
9047,takk,Japan,1989,indie,False,Asia
9048,taletronic,Poland,1990,indie,True,Europe
9049,tamanegi7,Poland,2014,indie,False,Europe
9050,team bluem,Australia,2002,indie,False,Oceania
9051,team tsoto,Australia,1994,indie,False,Oceania
9052,telos,Canada,2021,indie,False,America
9053,temma.uesugi,Germany,1984,indie,False,Europe
9054,tensun3d,USA,2018,indie,False,America
9055,tfk1 games studios,UK,1989,indie,False,Europe
9056,that games guy,USA,1986,indie,False,America
9057,the Bratans,USA,1989,indie,False,America
9058,the NineLust Studios,Germany,2010,indie,False,Europe
9059,theNeko,USA,2007,mid,False,America
9060,thePetHen,Sweden,2017,indie,False,Europe
9061,thedevvdude,USA,1984,indie,False,America
9062,theepiccoder,Poland,2000,indie,False,Europe
9063,threeW,USA,2018,indie,False,America
9064,thumbcramp,USA,2021,indie,False,America
9065,tiny cactus studio,USA,1983,indie,False,America
9066,tinyBuild,Russia,2003,indie,False,Europe
9067,tiplay studio,USA,2014,indie,False,America
9068,tjern,Canada,1993,mid,False,America
9069,toR Studio,Russia,2015,indie,False,Europe
9070,tox² interactive GmbH,Sweden,2008,indie,False,Europe
9071,tree,USA,1994,indie,False,America
9072,turbolento games,Sweden,1998,indie,False,Europe
9073,uehara create,Russia,1977,indie,False,Europe
9074,uloongsoft,Poland,2017,indie,False,Europe
9075,umbrella11,Japan,1982,indie,False,Asia
9076,unbeGames,USA,1976,indie,False,America
9077,undownsidable,Canada,1982,indie,False,America
9078,uneyu,Sweden,2013,indie,False,Europe
9079,unitedvirtualassets,Sweden,1996,indie,False,Europe
9080,unniex,Sweden,1988,indie,False,Europe
9081,upjers,Japan,2002,indie,False,Asia
9082,upmupm420,France,2022,indie,False,Europe
9083,ustwo games,Japan,1989,mid,False,Asia
9084,velkomin,USA,1981,indie,False,America
9085,vendara,USA,2011,indie,False,America
9086,virtual dream,Russia,2003,indie,False,Europe
9087,vuzimu,Japan,2005,indie,False,Asia
9088,wagasi biyori,USA,1983,indie,False,America
9089,waher,Canada,2006,indie,True,America
9090,waqre,France,1997,indie,False,Europe
9091,"wefiends, Inc.",Russia,2021,indie,False,Europe
9092,weltenbauer. Software Entwicklung GmbH,Poland,1978,indie,False,Europe
9093,weyha.com,UK,1975,indie,False,Europe
9094,windfallsoft,USA,1983,indie,False,America
9095,wosabi,UK,2008,indie,False,Europe
9096,wraithken1,Japan,2014,indie,True,Asia
9097,wwesoly games,USA,1994,indie,False,America
9098,www.VolkGam.ru,Sweden,1985,indie,False,Europe
9099,wywl,Japan,2003,indie,False,Asia
9100,xDNA,USA,2016,indie,False,America
9101,xDenny,USA,2013,indie,False,America
9102,xHARDHeMPuS,Russia,1992,indie,False,Europe
9103,xPathfinder,Canada,2018,indie,False,America
9104,xTyler73,France,2009,indie,False,Europe
9105,xXx_Skipper_xXx,USA,2002,indie,False,America
9106,xe2050,USA,1979,indie,False,America
9107,xenoargh,Poland,2017,indie,False,Europe
9108,xinoro,USA,1978,indie,False,America
9109,xxxmenshxxx,UK,1990,indie,False,Europe
9110,yangyiming,UK,1981,indie,False,Europe
9111,yaogame,USA,1975,indie,False,America
9112,youdoyou.motto,Germany,2010,indie,False,Europe
9113,younes beroughani,Russia,1986,indie,True,Europe
9114,yu,Germany,1987,indie,False,Europe
9115,yugamesplay,USA,2018,indie,False,America
9116,yukitama,USA,2015,indie,False,America
9117,yunbei,UK,1975,indie,False,Europe
9118,zFhresh,Germany,2017,indie,False,Europe
9119,zhangwenlu,France,2019,indie,False,Europe
9120,zhangzhaogong,USA,1999,indie,False,America
9121,zhongjiayi,Japan,2007,indie,False,Asia
9122,zilchdear,UK,2006,indie,False,Europe
9123,zniq.co,USA,1977,indie,True,America
9124,zzong,USA,1991,indie,False,America
9125,~Nutty~,USA,1978,indie,False,America
9126,"Åsa Egnér,Carolina Ask, Alexander Cobleigh, Joar Löfberg",Sweden,2004,indie,False,Europe
9127,Çağatay Demir,USA,2010,indie,False,America
9128,Ömer Faruk GÜNALAN,Russia,2016,indie,False,Europe
9129,Özura,Poland,1995,indie,False,Europe
9130,Štěpán Sedmík,USA,1975,indie,False,America
9131,Носков Сергей,USA,1982,mid,False,America
9132,ТЯН ТЯН ТЯН ЛАМПОВАЯ ТЯН INDUSTRIES,Germany,1980,indie,False,Europe
9133,ХаБеБу,Russia,1994,indie,False,Europe
9134,▲ Pyramid Games,Sweden,2001,mid,False,Europe
9135,あうとさいど,USA,2000,indie,False,America
9136,おまど,UK,1982,indie,False,Europe
9137,かべろくん,Japan,2006,indie,False,Asia
9138,たまぷろじぇくと,Japan,2021,indie,False,Asia
9139,ひとりサークル「匙投げ部」,USA,2018,indie,False,America
9140,ぶんぶくず,UK,1984,indie,False,Europe
9141,ほんわかふわふわ,USA,1997,mid,False,America
9142,まどそふと,USA,2000,indie,False,America
9143,やぶから堂,UK,2003,indie,False,Europe
9144,アイオライト,Sweden,1998,indie,False,Europe
9145,アトリエさくら (Atelier Sakura),USA,1981,indie,False,America
9146,アメミキノスケ,Poland,2008,indie,False,Europe
9147,インレ,USA,1977,indie,False,America
9148,オートリ電子,USA,2018,indie,False,America
9149,ケイエル,Canada,1993,indie,False,America
9150,サークル☆フェアリーフラワー,Australia,1994,indie,False,Oceania
9151,セイルカンパニー,UK,1999,indie,False,Europe
9152,ダイスクリエーション,Japan,2021,indie,False,Asia
9153,トマ,USA,2018,indie,False,America
9154,バチコーン編集部,Russia,2001,indie,False,Europe
9155,ファントムゾーン観測室,Canada,1986,indie,False,America
9156,フェリバード,USA,1986,indie,False,America
9157,フキタ,USA,2013,indie,False,America
9158,ボウサバG,Germany,2001,indie,False,Europe
9159,レンジでチン,Sweden,1991,indie,False,Europe
9160,ロジマガ,Poland,1999,indie,False,Europe
9161,一个小目标工作室,Germany,2011,indie,False,Europe
9162,一只猴头工作室,Japan,2005,indie,False,Asia
9163,一心社,USA,2010,indie,False,America
9164,一朵大帽子,Australia,1975,indie,True,Oceania
9165,七彩绘色游戏,Germany,2006,indie,False,Europe
9166,三月精的旧树屋,Sweden,1989,indie,False,Europe
9167,上海アリス幻樂団,USA,1980,mid,False,America
9168,上海刃贤网络科技有限公司,Germany,1986,indie,False,Europe
9169,上海润梦网络科技有限公司,USA,2020,indie,False,America
9170,上海烛龙信息科技有限公司,Germany,2017,indie,False,Europe
9171,不秋草游戏工作室(Bamboo Games),Japan,1978,indie,False,Asia
9172,不语游戏工作室,Germany,1992,indie,False,Europe
9173,东方幻域,Sweden,1978,indie,False,Europe
9174,个人,Sweden,1984,indie,False,Europe
9175,个人工作室（Two friends）,USA,2003,indie,False,America
9176,个人开发者-Yykai,Japan,1992,indie,False,Asia
9177,临雪制作组,Japan,1976,indie,False,Asia
9178,乌鸦大仙,USA,2019,indie,False,America
9179,乐谷游戏,Australia,2000,indie,False,Oceania
9180,九头龙工作室,Poland,2005,indie,False,Europe
9181,五条虾仁(5 shrimps),Japan,2014,indie,False,Asia
9182,亘游,Poland,2008,indie,False,Europe
9183,人型ですカオス,Poland,2005,indie,False,Europe
9184,人鱼工作室,Germany,2003,indie,False,Europe
9185,亿美元商城,USA,1985,indie,False,America
9186,伍达忠,USA,2006,indie,False,America
9187,众妙之门工作室,USA,2001,indie,False,America
9188,佳哥RPG工作室,Australia,1997,indie,False,Oceania
9189,倔强牛牛,USA,2014,indie,False,America
9190,傅真,USA,1975,indie,False,America
9191,元气弹工作室(GD Studio),Japan,2015,indie,False,Asia
9192,八名木Games,Poland,2020,indie,False,Europe
9193,六二柒工作室,Poland,1981,indie,False,Europe
9194,养蛋人 Egg Hatcher,USA,1981,indie,False,America
9195,冒险制作组,Japan,1998,indie,False,Asia
9196,冻星游戏,Japan,1986,indie,False,Asia
9197,凌梦工作室,Russia,1981,indie,False,Europe
9198,危途旅行团TravellersOnHazard,UK,2001,indie,False,Europe
9199,厌世制作组,Sweden,2007,indie,False,Europe
9200,可能变不可能,Germany,1988,indie,False,Europe
9201,台灣響雨互娛,Canada,2012,indie,False,America
9202,吃了就睡工作室,Sweden,1978,mid,False,Europe
9203,咕咕制作组,Australia,1985,indie,False,Oceania
9204,咕咕咕,USA,1988,indie,False,America
9205,喵法自然,USA,1979,indie,False,America
9206,嗑学养生,Japan,1987,indie,False,Asia
9207,埋月山枯,Canada,1982,indie,False,America
9208,境界游戏股份有限公司,Russia,2019,indie,False,Europe
9209,夏日旧风工作室,Sweden,1990,indie,False,Europe
9210,多尔芬,France,2008,indie,False,Europe
9211,多极网络,Germany,1977,indie,False,Europe
9212,夜神不说话,France,1978,indie,False,Europe
9213,大きくて強い,Canada,2013,indie,False,America
9214,天使蛋糕,USA,2008,indie,False,America
9215,天天玩工作室,Japan,1996,indie,False,Asia
9216,太阳的后羿,Sweden,1990,indie,False,Europe
9217,奇正游戏,Sweden,2010,indie,False,Europe
9218,奇迹Man,USA,2005,indie,False,America
9219,好几万个脑洞,Australia,1988,mid,False,Oceania
9220,好好回去读书,USA,1995,indie,False,America
9221,客服VX:【kf525vip】,Sweden,1981,indie,False,Europe
9222,寂静四周,USA,2013,mid,False,America
9223,小十一的老大,USA,2010,indie,False,America
9224,小正哥,USA,2022,indie,False,America
9225,小猎犬游戏工作室,Sweden,1991,indie,False,Europe
9226,小霧,Poland,1986,mid,False,Europe
9227,崔资坦独立游戏Triztan IndieGame,USA,2020,indie,False,America
9228,布衣个人工作室,Canada,2000,indie,False,America
9229,帝国烽烟,USA,2009,indie,False,America
9230,幻想理戈游戏开发工作室,Germany,1991,indie,False,Europe
9231,废材炼金术士,USA,1988,indie,False,America
9232,弘煜科技事業股份有限公司,Germany,1995,indie,False,Europe
9233,张宇芳,UK,1988,indie,False,Europe
9234,弦语蝶梦,France,1975,indie,False,Europe
9235,心之初,Russia,2013,indie,False,Europe
9236,愛上補習班,France,1996,mid,False,Europe
9237,成都小微云联 LittleV,France,2016,indie,False,Europe
9238,拉可欧蒂,Canada,1994,indie,False,America
9239,拔剑者,Russia,2009,indie,False,Europe
9240,摇光,France,2021,indie,True,Europe
9241,攸藍,Australia,2014,indie,False,Oceania
9242,文刀山宗,USA,1981,mid,False,America
9243,斑企画,France,1987,indie,False,Europe
9244,斜塔ソンブレロ,Australia,1980,indie,False,Oceania
9245,斜王真眼,Japan,1979,indie,False,Asia
9246,无锡上宸信息科技有限公司,USA,2014,indie,False,America
9247,时光咖啡机,Sweden,2003,indie,True,Europe
9248,明枭网络,Canada,1982,indie,False,America
9249,星九猫,USA,1993,indie,False,America
9250,星火燎猎,Canada,1986,indie,False,America
9251,"星辰点点,点点星辰",France,2016,indie,False,Europe
9252,星辰重工,Poland,1992,indie,False,Europe
9253,晚夏社,France,2021,indie,False,Europe
9254,曲线工作室,Russia,2001,indie,False,Europe
9255,李园园,USA,2021,indie,False,America
9256,東京なおみ／Tokyo Naomi,UK,1975,indie,False,Europe
9257,柚子丁工作室,Germany,2016,indie,False,Europe
9258,株式会社3goo,USA,1985,indie,False,America
9259,株式会社スタジオトリガー,Australia,1992,indie,False,Oceania
9260,株式会社ワンコネクト,Australia,1976,indie,False,Oceania
9261,桃之夭夭,USA,1998,indie,True,America
9262,梅果子Plumko,France,2003,indie,False,Europe
9263,梦影幻忆,Canada,1980,indie,False,America
9264,極楽阿鼻,Canada,2002,indie,False,America
9265,構想コード：D,Australia,2001,indie,False,Oceania
9266,樂磚Joy Brick,USA,2011,indie,False,America
9267,樹懶叫工作室,UK,1997,indie,False,Europe
9268,橙光游戏,Germany,2020,mid,False,Europe
9269,次世代ゲーム研究所,USA,1977,indie,False,America
9270,正人君子杨某人,Poland,1983,indie,False,Europe
9271,正经游戏开发组,UK,1980,indie,False,Europe
9272,武器铺工作室,France,2007,indie,False,Europe
9273,毛毛酱,USA,1979,indie,False,America
9274,永恆艾莉絲工坊,Poland,1979,indie,True,Europe
9275,汐留姉妹,USA,1999,indie,False,America
9276,河野,USA,2022,indie,False,America
9277,法螺会,Australia,1977,indie,False,Oceania
9278,浮鲼工作室,USA,2005,indie,False,America
9279,海貓,UK,2012,mid,False,Europe
9280,深圳墨麟科技股份有限公司,Australia,2013,indie,False,Oceania
9281,清友工作室,USA,1997,indie,False,America
9282,清回,Germany,1980,mid,False,Europe
9283,清风,USA,1979,indie,False,America
9284,游戏养家工作室,Germany,1987,indie,False,Europe
9285,游鲤化龙工作室,USA,2014,indie,False,America
9286,湖畔,Russia,1994,indie,False,Europe
9287,灌庄青曦石,France,1984,indie,False,Europe
9288,灵虚之幽,UK,2018,indie,False,Europe
9289,炎帝归乡,Russia,1992,indie,False,Europe
9290,炎舞堂,USA,1994,indie,False,America
9291,炎黄工作室,Germany,1989,indie,False,Europe
9292,無限オーリーゲームズ,USA,2005,indie,False,America
9293,熊窝dodox,Sweden,2022,indie,False,Europe
9294,牙籤,Japan,2014,indie,False,Asia
9295,狐放遊戲工作室,USA,2002,indie,False,America
9296,独自一人游戏工作室,UK,1993,indie,False,Europe
9297,猫猫虫,USA,2010,indie,False,America
9298,王小波,Australia,1983,indie,False,Oceania
9299,琉璃花糖制作组,UK,2003,mid,False,Europe
9300,甲山林娛樂股份有限公司,UK,1976,indie,False,Europe
9301,白日梦,UK,2010,indie,False,Europe
9302,白玉京工作室,Sweden,2014,indie,False,Europe
9303,白露社,France,2005,mid,False,Europe
9304,目之辨 MuZhiBian,Poland,1990,indie,False,Europe
9305,知音动漫,Russia,2013,indie,False,Europe
9306,石家庄龙游科技有限公司,Japan,1995,indie,False,Asia
9307,硬石工作室,France,2005,indie,False,Europe
9308,确实是起名苦手,USA,2004,indie,False,America
9309,神探饭店制作组,Germany,1987,indie,True,Europe
9310,禾晨工作室,Russia,2012,indie,False,Europe
9311,秋太虚工作室,USA,2007,indie,False,America
9312,糯米集团工作室,USA,1992,indie,False,America
9313,純白花園WeissGarden,Canada,2014,indie,False,America
9314,給食頭蛮,France,2008,indie,False,Europe
9315,红尘背包客,Japan,2012,indie,False,Asia
9316,织女星,Germany,2004,indie,True,Europe
9317,织女星游戏,Canada,2004,indie,False,America
9318,续梦科技工作室,Poland,1976,indie,False,Europe
9319,置雨制作组,Poland,2002,indie,False,Europe
9320,羲和工作室,USA,1991,indie,False,America
9321,老K666 Studio,Sweden,1980,indie,True,Europe
9322,老乌贼工作室,Russia,2008,indie,False,Europe
9323,自由愉悦小黄猫(Free pleasure little yellow cat),Australia,2020,indie,False,Oceania
9324,自転車創業,Japan,1996,indie,False,Asia
9325,致意,Poland,2001,indie,False,Europe
9326,艺龙游戏,UK,2016,indie,False,Europe
9327,艾斯尼斯,Germany,2007,indie,False,Europe
9328,苦柚Games,USA,1981,indie,False,America
9329,茅焱杰,France,1991,indie,False,Europe
9330,莓夜工作室,Canada,1986,indie,False,America
9331,蒹葭工作室,Canada,1998,indie,False,America
9332,蔡嘉伟,France,2002,indie,False,Europe
9333,虚拟宇宙,UK,1992,indie,False,Europe
9334,血色双眸,Sweden,2016,indie,False,Europe
9335,西安乐趣软件科技有限公司,UK,2020,indie,False,Europe
9336,诡道,Australia,2006,indie,False,Oceania
9337,豆米工作室,USA,2020,indie,False,America
9338,贰点捌,USA,1986,indie,False,America
9339,赚大钱工作室,Japan,2005,indie,False,Asia
9340,赤宮もず,Germany,1985,indie,False,Europe
9341,轻梨工作室,Russia,1982,indie,False,Europe
9342,辛小啊,USA,1983,indie,False,America
9343,这是生活,Australia,2018,indie,False,Oceania
9344,追风的鱼,Germany,2020,indie,False,Europe
9345,遇见咖啡厅,Japan,1986,indie,False,Asia
9346,道楽,Sweden,1994,indie,False,Europe
9347,道门老九,Russia,2015,indie,False,Europe
9348,那卜佬作坊,Russia,2008,indie,False,Europe
9349,野声Wild Bound,Germany,2022,indie,False,Europe
9350,金戈兄,Germany,1978,indie,False,Europe
9351,錯落交織 Interweave,USA,2007,indie,False,America
9352,鎧特,USA,1980,indie,True,America
9353,钻石工艺,USA,1984,indie,False,America
9354,锈钻游戏工作室,Germany,2013,indie,False,Europe
9355,阿屁,Australia,2014,indie,False,Oceania
9356,阿津,USA,1993,indie,False,America
9357,陈 世杰,Japan,1998,indie,False,Asia
9358,陈文龙,Poland,2020,indie,False,Europe
9359,雨天工作室,UK,1999,indie,False,Europe
9360,零创游戏(ZerocreationGame),USA,1988,indie,False,America
9361,雷克斯的游戏,UK,1978,indie,False,Europe
9362,青度互娱,Russia,1988,indie,False,Europe
9363,青春18金魚,Canada,1988,indie,False,America
9364,韦渡文化网络有限公司,USA,2007,indie,False,America
9365,響雨@OSAKA,UK,2022,indie,False,Europe
9366,飞天大胖喵,USA,2009,indie,False,America
9367,飞鹰互娱,Australia,1987,indie,False,Oceania
9368,香山AI,Japan,2001,indie,False,Asia
9369,香蜂草,Canada,2022,indie,False,America
9370,魔书科技,Japan,1989,indie,False,Asia
9371,魔力猫,Sweden,1994,indie,False,Europe
9372,魔导力科技,UK,2004,indie,False,Europe
9373,魔界あ号営業所,USA,2001,indie,False,America
9374,黃金,UK,2000,indie,False,Europe
9375,黄金612,UK,1977,indie,False,Europe
9376,黄金炫游科技有限公司,Sweden,2010,indie,False,Europe
9377,齐盛科技,France,2006,indie,False,Europe
9378,龍之咲,Japan,1998,indie,False,Asia
9379,龙门工作室,Canada,2016,indie,False,America
9380,김정표,USA,2007,indie,False,America
9381,김주헌,USA,1997,indie,False,America
9382,나대는나,Japan,2004,indie,False,Asia
9383,루(Roux),Sweden,1976,indie,False,Europe
9384,룰루랄라,Russia,2005,indie,False,Europe
9385,배예림,UK,2005,indie,False,Europe
9386,빌리 헤링턴,USA,1984,indie,True,America
9387,유진게임즈,Poland,2001,indie,False,Europe
9388,이승민,USA,2013,indie,False,America
9389,티민이,USA,1980,mid,False,America
9390,팀 디미디움,Russia,1988,indie,False,Europe
