app_id,platform_id
2020420,1
2020420,3
847550,1
2941830,1
2941830,3
1092150,1
1092150,2
1092150,3
65560,1
65560,2
65560,5
1982680,1
407680,1
407680,4
536950,1
2885620,1
2591070,1
623590,1
623590,3
1754790,1
1754790,2
1754790,4
1417640,1
506900,1
506900,2
1412560,1
1412560,2
1401320,1
1758080,1
1758080,5
836450,1
836450,2
1618020,1
1022280,1
2928790,1
3180450,1
3180450,2
1038100,1
1038100,2
1038100,3
1038100,4
1495130,1
1495130,4
3243990,1
740560,1
740560,2
409510,1
409510,2
409510,4
1147090,1
2830900,1
2830900,3
2791650,1
2791650,2
2175040,1
2154990,1
2154990,2
2154990,4
1580960,1
2889370,1
2889370,4
2270210,1
2270210,2
204450,1
107100,1
1712110,1
1712110,2
1282200,1
1282200,4
2749650,1
2749650,2
2979070,1
2979070,2
2150370,1
2150370,3
514810,1
514810,2
514810,3
1562420,1
1043230,1
1043230,2
894750,1
709840,1
489370,1
489370,2
2180600,1
2180600,2
595560,1
595560,3
713530,1
3351940,1
1415870,1
1415870,2
1597060,1
542170,1
3484860,1
1590020,1
1590020,2
1123790,1
1123790,2
1123790,4
683670,1
2331470,1
1564620,1
2928950,1
2928950,2
2335620,1
1634680,1
1634680,2
1766180,1
1766180,2
2499210,1
2751320,1
3168590,1
3168590,3
3137290,1
3137290,4
2791180,1
2791180,2
1016030,1
3175860,1
914020,1
914020,4
898320,1
1033110,1
1033110,3
1033110,4
1264650,1
301980,1
301980,2
301980,3
2444000,1
2125340,1
2125340,2
2125340,3
3302900,1
642670,1
700010,1
700010,2
2794510,1
461850,1
461850,3
1636370,1
1636370,2
3042470,1
3042470,4
1474860,1
1474860,2
1305440,1
1925040,1
1925040,3
432170,1
432170,4
2830250,1
2432040,1
2432040,2
1374500,1
1374500,2
1851020,1
342870,1
2819170,1
2153880,1
2153880,4
505640,1
496080,1
496080,2
496080,4
357340,1
592340,1
3378300,1
3378300,3
3378300,4
448240,1
3053770,1
3053770,5
862880,1
862880,2
673140,1
1886440,1
1886440,5
1333490,1
1333490,4
1504500,1
1504500,2
1265110,1
1265110,2
1286370,1
2613960,1
1969230,1
415850,1
3197540,1
369180,1
369180,2
1314870,1
1314870,3
2819970,1
2819970,3
2491820,1
544600,1
427770,1
427770,2
427770,3
1298380,1
3116300,1
2233870,1
2233870,3
2191880,1
2191880,3
3270230,1
3270230,3
246360,1
246360,2
246360,4
1365950,1
1365950,2
942530,1
442860,1
442860,2
442860,3
442860,4
803270,1
257990,1
2814060,1
2814060,2
2814060,3
2814060,4
1344530,1
46510,1
46510,2
1284700,1
1284700,4
1284700,5
1554030,1
1554030,2
693830,1
693830,3
2943780,1
2943780,2
2428260,1
2428260,2
1218250,1
1932430,1
1932430,4
3304660,1
3380820,1
2634760,1
2242090,1
2242090,2
1422280,1
921890,1
921890,2
921890,3
73010,1
73010,2
3138690,1
3138690,4
98200,1
98200,2
1368260,1
2377410,1
2377410,2
591560,1
2931600,1
234820,1
234820,2
234820,3
1335410,1
2281610,1
1432910,1
1432910,2
1432910,3
577890,1
577890,2
577890,3
2207670,1
2677930,1
584800,1
974110,1
1915160,1
1915160,2
1915160,4
1941430,1
957660,1
788820,1
866780,1
1275490,1
1739880,1
1739880,3
1272240,1
1272240,2
2585180,1
2585180,2
1303950,1
1584680,1
978440,1
3291030,1
3291030,2
2407400,1
2407400,2
2407400,3
1225600,1
341190,1
341190,2
582200,1
582200,2
3422960,1
2351610,1
2351610,2
1419770,1
1419770,3
1165850,1
1165850,3
1145430,1
696110,1
696110,2
1383030,1
1137880,1
749040,1
1984630,1
1177110,1
1891140,1
1891140,2
998220,1
998220,2
1252400,1
983840,1
1334580,1
1334580,2
1437840,1
1477590,1
2872580,1
289360,1
289360,2
2618540,1
2618540,3
1126820,1
3200590,1
3200590,2
1453920,1
1453920,3
352130,1
2014470,1
2014470,4
2665630,1
2523500,1
669350,1
669350,3
1570160,1
1570160,2
1504740,1
3286140,1
3286140,5
2448540,1
2448540,2
611960,1
611960,4
1061640,1
1128450,1
1128450,2
1931940,1
1931940,2
2276080,1
2276080,2
2276080,3
2196280,1
2196280,2
2196280,4
2478140,1
2478140,2
2478140,4
1290000,1
2305110,1
2305110,2
2150200,1
2150200,2
3174410,1
994350,1
870290,1
870290,2
206440,1
206440,2
2871040,1
2871040,2
2477030,1
2652690,1
2340190,1
351300,1
351300,3
1505420,1
1505420,2
1505420,3
1547670,1
1790710,1
229480,1
229480,2
229480,3
1144910,1
977590,1
1250180,1
1250180,2
1251840,1
500790,1
500790,2
500790,4
375200,1
916180,1
1742360,1
1742360,2
1332840,1
1332840,2
1332840,4
1128140,1
429060,1
429060,3
825970,1
825970,5
2463080,1
2463080,2
2820940,1
2820940,2
806720,1
806720,2
1933330,1
968370,1
968370,3
578800,1
578800,2
578800,4
1480010,1
1480010,2
887170,1
887170,2
887170,4
1372310,1
1372310,2
1372310,3
1180000,1
1180000,3
1180000,4
517780,1
517780,2
1383170,1
994320,1
994320,4
1040370,1
1040370,3
2841130,1
2449280,1
283080,1
283080,3
283080,4
1135860,1
1135860,2
763380,1
763380,2
2119670,1
2119670,3
1953970,1
370090,1
605860,1
605860,3
2983810,1
2983810,2
2983810,3
2425420,1
2425420,3
2425420,4
3157700,1
252270,1
252270,2
252270,3
937870,1
2446180,1
821910,1
821910,4
1385750,1
1385750,2
1492640,1
2768020,1
2768020,3
2246820,1
2246820,2
2246820,3
1126420,1
1126420,2
1126420,3
531110,1
531110,3
531110,5
1596360,1
2219520,1
2219520,2
723910,1
723910,2
723910,3
2451010,1
2718150,1
728050,1
2646120,1
2646120,3
853330,1
853330,2
2725200,1
2725200,2
2725200,4
2451530,1
2451530,2
2672290,1
2672290,4
260080,1
260080,2
260080,3
1318750,1
1558600,1
1558600,2
1558600,3
1121120,1
497510,1
1868510,1
1868510,2
1516580,1
1516580,2
1516580,4
688780,1
2528940,1
2528940,4
2595700,1
660820,1
1396350,1
398000,1
1959470,1
1959470,2
685110,1
685110,2
1290350,1
1290350,2
1290350,4
1151080,1
2410500,1
3263320,1
1249780,1
1249780,2
1249780,3
1249780,4
1779240,1
1779240,2
1645990,1
1645990,2
386900,1
386900,2
1600070,1
1600070,2
738100,1
738100,2
738100,3
827860,1
608440,1
608440,2
608440,4
718680,1
3191320,1
2179650,1
2789060,1
1741490,1
1741490,2
1494560,1
2379680,1
2379680,2
2379680,4
2679610,1
2679610,4
858740,1
858740,3
879290,1
2687300,1
787740,1
449550,1
623370,1
3371200,1
2246760,1
504770,1
504770,2
2693070,1
2693070,2
853240,1
1864460,1
1050670,1
1050670,2
1050670,3
1050670,4
1134370,1
1134370,2
1134370,5
1408420,1
1486280,1
1486280,2
1444740,1
1444740,2
1444740,5
3025100,1
3025100,2
1964140,1
1964140,4
1559270,1
1559270,2
1559270,3
2119380,1
2119380,3
2964640,1
2964640,2
2477930,1
562160,1
562160,3
876480,1
2097030,1
2097030,2
2849680,1
2849680,2
2849680,3
1563860,1
3013550,1
3013550,2
3013550,3
526980,1
526980,2
1214380,1
1214380,4
3283590,1
3283590,4
3270220,1
3270220,2
2286690,1
893370,1
893370,2
1131640,1
1131640,2
393350,1
3216580,1
895940,1
895940,3
2283930,1
2283930,4
2613070,1
2613070,2
2342990,1
2342990,2
2342990,3
2310660,1
2772810,1
2772810,2
742530,1
742530,4
2662080,1
2662080,3
2662080,4
645280,1
645280,2
2423710,1
626840,1
1171640,1
1171640,2
1171640,3
731120,1
731120,2
837510,1
739080,1
739080,3
855510,1
855510,4
2219960,1
3374340,1
530540,1
896650,1
896650,2
896650,4
652980,1
652980,2
46730,1
46730,4
1368960,1
1741670,1
1741670,3
500800,1
869540,1
2602020,1
2602020,4
3034450,1
3034450,2
3034450,3
598440,1
598440,2
1270100,1
1270100,2
1774380,1
1774380,2
333580,1
333580,3
1039880,1
677520,1
677520,2
677520,3
882830,1
1655490,1
514660,1
2897960,1
2897960,2
2897960,3
296530,1
296530,2
2350480,1
2759770,1
2759770,2
2415120,1
2415120,2
2415120,4
3276440,1
3276440,2
2218190,1
2218190,2
2449060,1
622950,1
622950,2
622950,3
313390,1
1046820,1
2178620,1
763100,1
1267580,1
1267580,3
2796020,1
2772320,1
2772320,3
1276850,1
381140,1
381140,2
381140,5
2164690,1
2164690,2
3237980,1
925830,1
925830,2
942340,1
942340,2
1334020,1
1334020,2
889240,1
2782910,1
2782910,3
939350,1
3029520,1
3029520,3
2793560,1
2793560,3
2793560,5
1577940,1
1577940,3
1577940,4
2859540,1
2859540,2
992080,1
525500,1
525500,2
995890,1
2140080,1
2140080,2
2533430,1
377900,1
377900,2
1995240,1
1995240,2
814740,1
814740,2
497940,1
497940,2
497940,3
254440,1
2548640,1
2548640,2
1395270,1
249650,1
204360,1
3147540,1
3147540,4
2682910,1
2682910,3
2682910,5
762830,1
3135900,1
1656740,1
1656740,2
2147900,1
2848080,1
2848080,3
3006630,1
2461400,1
2957560,1
2957560,2
2957560,4
848120,1
848120,2
313080,1
1349170,1
1349170,2
1349170,3
2249700,1
2249700,2
883810,1
883810,3
436290,1
436290,4
2873170,1
2873170,2
2873170,3
1239260,1
1239260,2
2736860,1
2736860,2
2736860,4
2902270,1
2902270,3
2902270,4
1550430,1
42810,1
42810,2
42810,3
1538640,1
1538640,4
2206980,1
2802670,1
1948220,1
1948220,2
2923130,1
2923130,4
2255020,1
2255020,2
250720,1
250720,2
662500,1
662500,2
662500,4
2558980,1
1638680,1
1638680,2
359610,1
359610,2
2199060,1
2199060,2
2199060,4
594320,1
594320,3
594320,5
2131780,1
2803060,1
894890,1
2540420,1
1360150,1
1360150,2
1481600,1
1481600,2
1481600,3
1481600,4
1482320,1
2767400,1
2767400,2
2936020,1
2936020,3
413490,1
413490,4
2435090,1
2435090,2
2435090,3
1025540,1
1025540,2
264520,1
264520,2
264520,4
829370,1
829370,2
2788150,1
1126430,1
1126430,2
2160220,1
2160220,2
2700510,1
670230,1
3023230,1
3023230,3
3014230,1
745660,1
2251620,1
2251620,3
1620970,1
502720,1
502720,3
1487940,1
2453530,1
1765690,1
1765690,2
1765690,4
2155100,1
2155100,3
2475450,1
2475450,2
514520,1
1389700,1
1389700,2
548320,1
548320,2
1561610,1
629090,1
629090,2
629090,3
359160,1
3162850,1
3162850,2
2569780,1
3141210,1
3172270,1
3172270,2
1017060,1
1017060,4
1017060,5
917870,1
1351950,1
407110,1
407110,2
400660,1
2987740,1
2987740,2
2987740,4
716850,1
716850,2
716850,4
2675900,1
2690290,1
2690290,2
2690290,3
2659650,1
616880,1
1038120,1
1570150,1
1570150,3
2170240,1
2170240,2
2170240,3
2151490,1
1158310,1
1158310,2
1158310,4
1775360,1
1775360,5
2982130,1
2982130,2
2506160,1
2506160,2
2265450,1
769080,1
769080,2
769080,3
2520980,1
2520980,2
2881860,1
2881860,2
446310,1
446310,3
2523530,1
2523530,2
1032570,1
1032570,3
847900,1
2652040,1
2652040,4
2370660,1
2370660,4
1216610,1
726580,1
726580,2
726580,3
1140490,1
1140490,2
1140490,3
2999540,1
2999540,4
2446070,1
2446070,2
2978540,1
2978540,2
2978540,4
1513090,1
277630,1
277630,2
277630,3
3366910,1
3366910,2
1866600,1
1866600,2
2702760,1
2702760,3
2702760,4
684410,1
1171320,1
1171320,2
1218280,1
1218280,3
2901810,1
2901810,2
1441300,1
1441300,2
1259220,1
1259220,2
2007080,1
2007080,2
804730,1
891860,1
730710,1
1173370,1
600250,1
600250,3
496520,1
877280,1
1738540,1
1738540,4
1265220,1
1265220,5
1880420,1
1753690,1
1753690,4
1773470,1
2864890,1
970190,1
970190,4
2799240,1
2799240,4
2141040,1
2141040,2
1428100,1
228200,1
228200,2
2256290,1
416340,1
360870,1
3066570,1
3066570,2
3066570,5
1609680,1
1609680,3
787790,1
2233790,1
2233790,2
2233790,3
336080,1
336080,2
1925320,1
1518990,1
3252940,1
2351560,1
2351560,2
2351560,3
2351560,4
1246490,1
1246490,2
1304170,1
1304170,2
228960,1
1021690,1
1021690,3
1457500,1
1457500,2
1457500,4
2237940,1
2386970,1
2755240,1
2755240,2
2755240,3
3292620,1
3292620,2
1900810,1
1783810,1
1783810,2
503700,1
503700,3
627350,1
627350,3
1623940,1
1623940,2
347280,1
1548890,1
1548890,2
1504270,1
405860,1
405860,2
405860,4
1533500,1
1533500,2
2191400,1
2191400,2
2530500,1
2530500,3
3049910,1
663540,1
2143280,1
1535040,1
1535040,2
735320,1
735320,3
896040,1
1397980,1
1397980,2
1366230,1
2546970,1
323270,1
323270,2
841140,1
3344000,1
3344000,2
3344000,3
1205960,1
1205960,2
1205960,5
1533750,1
2340320,1
2340320,3
1500120,1
2366990,1
2366990,2
2158370,1
2158370,2
2158370,5
1370040,1
1370040,3
375930,1
375930,2
2673330,1
2673330,3
2673330,4
595150,1
595150,3
1999360,1
1999360,2
3039340,1
3039340,3
3039340,5
1381850,1
603360,1
603360,2
2156290,1
2156290,2
2156290,3
2133080,1
2133080,2
3152090,1
3152090,2
3152090,3
230150,1
492840,1
2225460,1
2225460,4
3152290,1
3152290,4
1418460,1
1347110,1
1347110,3
1300670,1
1300670,2
1040430,1
1040430,3
1040430,4
613400,1
613400,2
613400,3
1903370,1
2073220,1
2073220,2
1383740,1
1383740,2
1139020,1
882040,1
882040,3
1343340,1
1343340,3
1343340,4
1704450,1
1167270,1
1167270,3
1157920,1
1157920,2
2484970,1
2484970,3
2484970,4
2227690,1
2227690,2
2227690,5
49300,1
49300,4
1422520,1
1422520,3
2380860,1
1788840,1
1788840,2
1605690,1
1605690,3
1894220,1
319630,1
2635480,1
702700,1
702700,2
702700,3
2705900,1
2705900,3
2319770,1
2319770,3
2703250,1
2703250,5
2331260,1
2331260,2
3470980,1
2905120,1
2905120,2
3001100,1
3001100,2
2416550,1
2416550,5
1582900,1
676760,1
1845420,1
1845420,4
3201310,1
1851840,1
1851840,3
1851840,4
2935610,1
2935610,3
1122730,1
1943470,1
1396390,1
1396390,2
1396390,3
1765060,1
1765060,3
592300,1
2675850,1
2675850,2
2675850,4
969230,1
969230,5
1344930,1
1344930,4
91700,1
91700,2
1748980,1
1748980,3
1895640,1
411300,1
411300,2
411300,3
2478240,1
2478240,2
1159660,1
1433130,1
1433130,2
1433130,3
2207160,1
2207160,2
1917460,1
1917460,2
1307850,1
1307850,4
363130,1
363130,2
1371610,1
1371610,3
3107850,1
3107850,2
1926780,1
1926780,2
1926780,3
1425000,1
638310,1
3383240,1
1464930,1
1464930,2
1886930,1
1886930,3
1588760,1
2310720,1
2923110,1
2923110,2
976390,1
487600,1
487600,2
1356190,1
1356190,3
1890340,1
2374090,1
1362980,1
1362980,2
496630,1
496630,2
201510,1
2983070,1
2983070,2
1909260,1
2437330,1
2437330,4
2601130,1
2601130,2
2601130,3
860330,1
1971480,1
987660,1
987660,3
1178200,1
1178200,2
1380320,1
1380320,2
1380320,5
2717140,1
1353950,1
1353950,4
1149400,1
1149400,2
2761940,1
2761940,2
777000,1
411350,1
411350,2
411350,3
411350,4
2593680,1
1627720,1
1627720,2
1627720,4
778900,1
2230630,1
2230630,2
3050100,1
3050100,3
3030930,1
949880,1
949880,5
1881240,1
1881240,3
380100,1
380100,2
768880,1
1364750,1
1364750,2
1364750,3
1036460,1
1036460,2
2724740,1
2724740,5
1253180,1
1253180,2
1253180,4
1229650,1
1229650,2
1420060,1
1420060,2
2354300,1
2354300,2
572660,1
572660,2
572660,4
3028720,1
3028720,3
1388310,1
1483010,1
936580,1
806330,1
1657540,1
665670,1
665670,3
1513780,1
1513780,3
2082270,1
924070,1
924070,2
2796150,1
2796150,2
907380,1
864850,1
2687940,1
3387120,1
3387120,3
3227710,1
3227710,2
1414840,1
1414840,3
1396020,1
1396020,4
509160,1
509160,2
1548110,1
1548110,3
2353040,1
2353040,2
2652680,1
2652680,3
2541170,1
360550,1
360550,2
2978230,1
1065030,1
1065030,2
780930,1
780930,4
1758460,1
2663300,1
1269990,1
1269990,4
1269990,5
787100,1
787100,2
1988360,1
3134830,1
48150,1
48150,2
942030,1
2810170,1
2810170,2
2810170,5
721960,1
721960,5
1522490,1
1522490,2
1026070,1
412250,1
412250,2
1127970,1
1127970,2
1127970,3
1654190,1
1580010,1
1580010,2
1580010,3
1580010,4
700050,1
510790,1
510790,4
2382110,1
1021890,1
1172660,1
2015270,1
2015270,2
1247740,1
2228320,1
1127840,1
934250,1
934250,2
2461980,1
2461980,2
668170,1
668170,2
690240,1
690240,2
1761670,1
2179130,1
2179130,2
792400,1
792400,2
792400,4
1635150,1
1635150,2
3215110,1
956390,1
2817550,1
2817550,3
2277720,1
2277720,2
1501210,1
1501210,2
1606510,1
1606510,4
1184960,1
1184960,2
1184960,3
1940550,1
1940550,2
1655550,1
1655550,4
772680,1
772680,3
1921510,1
1921510,2
923030,1
1552310,1
1552310,2
1552310,3
1176580,1
2544100,1
2282540,1
2282540,3
614130,1
614130,3
1281160,1
1281160,3
1031140,1
1031140,2
469890,1
1758950,1
3447430,1
3447430,3
2710080,1
2710080,2
2710080,3
1266560,1
1266560,2
1580980,1
1580980,2
1580980,3
629380,1
629380,4
1897250,1
2986400,1
2986400,2
3043370,1
3043370,2
694670,1
694670,3
694670,5
3277670,1
3277670,2
652610,1
652610,2
652610,4
2808920,1
2808920,3
1186080,1
1186080,4
568240,1
568240,2
332490,1
332490,2
2338130,1
2338130,3
1487230,1
1487230,3
679480,1
2471250,1
2471250,2
2471250,3
2781960,1
2781960,3
2440730,1
2440730,3
1291280,1
2757480,1
1867670,1
1867670,4
884420,1
884420,2
363620,1
250700,1
250700,3
2386590,1
2386590,3
2185760,1
2185760,3
1279330,1
300360,1
242880,1
242880,4
960030,1
960030,3
960030,4
1033410,1
2009830,1
2526580,1
2526580,2
395920,1
2234200,1
1924780,1
845210,1
845210,2
845210,3
845210,4
270330,1
270330,3
259640,1
2116780,1
2116780,3
2740060,1
1445540,1
1445540,4
220780,1
220780,3
950380,1
3162630,1
3162630,4
3471240,1
2583680,1
3515770,1
552060,1
645920,1
2628460,1
1942380,1
1942380,2
866420,1
2667880,1
2667880,2
1221520,1
3180690,1
3180690,2
317510,1
317510,2
317510,3
1310520,1
1310520,3
1537480,1
1180970,1
1180970,2
1180970,4
2332050,1
492100,1
492100,2
2444180,1
1365590,1
1365590,5
837310,1
837310,2
420290,1
1964620,1
2956840,1
254300,1
254300,2
254300,3
2823650,1
2823650,4
2868740,1
2868740,2
2888100,1
2888100,2
2888100,4
3346250,1
264000,1
264000,2
2620290,1
2620290,2
2620290,3
992040,1
992040,3
770010,1
770010,2
864360,1
635980,1
635980,2
2657510,1
2482010,1
2482010,2
1121530,1
460750,1
460750,2
460750,5
730450,1
730450,3
1210260,1
1210260,2
1210260,5
314560,1
314560,2
1205020,1
1205020,3
2978310,1
1268990,1
1268990,3
2855660,1
2855660,2
2855660,3
271990,1
1652990,1
1652990,4
3425870,1
2213070,1
2213070,4
2894820,1
2894820,2
3356930,1
1635550,1
1635550,4
359230,1
329240,1
568930,1
568930,2
2319620,1
2319620,2
2319620,3
2720700,1
2484370,1
2484370,2
658660,1
658660,2
1915220,1
1915220,2
767590,1
1525190,1
1525190,2
1525190,3
1525190,4
949830,1
949830,4
2196980,1
2196980,2
3381010,1
741080,1
1481210,1
1481210,2
1590070,1
1590070,4
2788200,1
323250,1
323250,3
1931710,1
1931710,3
1640370,1
1640370,3
1640370,4
1640370,5
675110,1
675110,3
2117440,1
952330,1
3396950,1
3396950,2
1570740,1
803110,1
570050,1
570050,2
554280,1
1915900,1
614630,1
614630,2
614630,4
1258840,1
593560,1
593560,2
997370,1
2852560,1
2852560,3
2010900,1
1025710,1
958480,1
2864110,1
2864110,2
2864110,3
2864110,4
2026280,1
2026280,2
2026280,3
2117120,1
2117120,2
817820,1
1968810,1
1968810,3
1968810,4
1134180,1
1134180,2
1134180,4
875590,1
875590,2
707230,1
707230,4
630170,1
630170,4
2263920,1
841600,1
3357410,1
3110520,1
2967180,1
2967180,2
2167190,1
2167190,3
2167190,4
391070,1
391070,3
3192880,1
3192880,2
3192880,4
852530,1
2614070,1
2614070,4
1753220,1
1753220,2
885630,1
314240,1
314240,2
314240,3
1018040,1
1474930,1
1474930,2
2302160,1
2302160,2
2302160,3
1597250,1
1597250,2
1016600,1
1016600,2
2790180,1
2790180,2
349540,1
3024490,1
3024490,2
1750000,1
1145770,1
1517850,1
3124780,1
3124780,3
3124780,5
1373110,1
1373110,2
1373110,3
550810,1
550810,2
550810,4
550810,5
1374740,1
1374740,2
1535660,1
3115880,1
1919550,1
1919550,4
1533420,1
1533420,5
785840,1
785840,2
785840,3
2950030,1
2334340,1
2334340,4
1185280,1
1185280,2
3222610,1
1619080,1
1439040,1
1439040,2
1439040,3
2434020,1
2188180,1
2116150,1
2391080,1
2391080,4
2925210,1
2925210,2
789600,1
789600,2
2609940,1
2609940,2
3242370,1
3242370,4
2194790,1
868080,1
661180,1
661180,2
932930,1
932930,2
2368540,1
2368540,2
2366600,1
2366600,5
2530890,1
547200,1
435790,1
2920690,1
2920690,2
1488160,1
2971870,1
1149460,1
1149460,2
403400,1
1864440,1
585950,1
585950,2
899180,1
899180,2
899180,3
899180,4
441250,1
441250,2
441250,3
772430,1
772430,4
356520,1
356520,2
2985190,1
1231000,1
2025310,1
2025310,2
2025310,4
72900,1
2946740,1
2946740,2
1501760,1
1501760,2
1501760,3
1796720,1
1796720,2
2721880,1
228320,1
3148100,1
3148100,3
905870,1
905870,2
1235830,1
1235830,2
1235830,3
1786830,1
1786830,2
2194400,1
1775770,1
1775770,5
267960,1
2719730,1
2719730,2
2719730,3
2719730,4
3224400,1
3224400,4
2327690,1
2327690,3
1170340,1
1489490,1
1489490,2
1489490,4
3316750,1
3316750,2
2240780,1
1193590,1
1392460,1
931090,1
1863390,1
1788730,1
1788730,2
1788730,4
1270930,1
1270930,5
3085300,1
3085300,5
3324640,1
3324640,5
1202360,1
1202360,2
816190,1
816190,2
3020570,1
3020570,2
1911420,1
550170,1
1395470,1
1395470,2
990090,1
990090,2
990090,5
1501820,1
1501820,2
1146090,1
1146090,2
1406150,1
1406150,2
1276100,1
1417750,1
1417750,2
3437030,1
3437030,3
1934090,1
1952270,1
805020,1
805020,3
1044920,1
1535200,1
1535200,2
1535200,5
2876510,1
1563110,1
1563110,2
2456960,1
2456960,2
2923860,1
2923860,2
2923860,3
2923860,5
2587870,1
2587870,2
2531160,1
2531160,2
2531160,3
2178510,1
3452020,1
3452020,2
2122840,1
2122840,2
1857040,1
1446090,1
1446090,4
513150,1
647790,1
647790,2
647790,3
2947250,1
2947250,2
1416220,1
1416220,2
1416220,3
1876980,1
1876980,2
1876980,3
1618720,1
1618720,2
1618720,3
1878110,1
1878110,2
2722210,1
2722210,2
2339690,1
2791360,1
2791360,3
3292920,1
1981830,1
3359320,1
2431110,1
2431110,2
3330620,1
3330620,3
3120860,1
2173900,1
2173900,5
2384390,1
2384390,2
2778780,1
2778780,2
2972370,1
1011140,1
1011140,4
979590,1
979590,2
3431210,1
3431210,2
3431210,3
3081330,1
3081330,2
3114860,1
3114860,2
457520,1
525480,1
2670730,1
2670730,2
265750,1
844050,1
695980,1
695980,3
1846170,1
1846170,2
1405500,1
1405500,2
1405500,3
248350,1
248350,2
806360,1
806360,2
1570080,1
1394480,1
1000900,1
1000900,2
377060,1
377060,2
1426500,1
1908460,1
1908460,4
1366830,1
1366830,2
1366830,4
2883560,1
2883560,2
3065500,1
1176090,1
2791570,1
2791570,2
2791570,3
2791570,5
1994350,1
1994350,2
1994350,3
878590,1
878590,2
878590,3
1489300,1
1489300,3
2015610,1
2015610,2
2015610,3
3024840,1
3024840,3
2385720,1
2385720,2
2385720,5
881690,1
881690,2
1047120,1
1047120,3
1047120,4
1141220,1
1141220,2
370870,1
370870,2
370870,3
1912560,1
1912560,4
1037850,1
1037850,2
1037850,4
510840,1
46710,1
46710,4
2218660,1
2218660,2
2218660,5
1150810,1
1150810,2
1862420,1
1862420,2
1862420,4
1036550,1
1036550,2
2257050,1
2257050,2
739180,1
739180,2
739180,4
555320,1
3008410,1
3008410,4
1357210,1
2201710,1
2201710,2
2184570,1
1984240,1
1984240,5
2341450,1
1284300,1
1284300,3
625430,1
760650,1
760650,2
782280,1
782280,4
1978500,1
2827480,1
2827480,3
978200,1
978200,2
1438710,1
1438710,4
3025150,1
706330,1
2767480,1
3115650,1
3115650,2
3115650,3
3244540,1
3244540,2
439440,1
1064090,1
2356970,1
2356970,4
1128000,1
1128000,2
1128000,4
870520,1
511010,1
511010,2
1191450,1
971150,1
971150,3
2828060,1
2828060,2
557040,1
283920,1
283920,4
1887280,1
463030,1
463030,4
700060,1
700060,2
894000,1
894000,4
1564010,1
1564010,2
1788920,1
1788920,2
3134610,1
3134610,2
2921060,1
1283970,1
1283970,2
2715700,1
2715700,3
2715700,4
1360900,1
1360900,2
382920,1
2983950,1
2707110,1
2707110,2
1862070,1
1284660,1
1284660,3
1284660,4
245050,1
2996970,1
2996970,3
1749020,1
2962680,1
976360,1
976360,4
1891930,1
1891930,3
2811720,1
2811720,5
1276810,1
1276810,3
1869000,1
1840380,1
510660,1
510660,2
1019630,1
2372910,1
2692760,1
2692760,4
2921050,1
634120,1
1224900,1
1224900,2
391150,1
391150,2
2002450,1
2002450,3
1490980,1
1490980,3
1490980,4
671260,1
671260,2
3301660,1
805520,1
805520,2
2254490,1
2254490,2
2254490,5
1742750,1
1950610,1
1950610,2
1950610,3
1292950,1
2696730,1
3074090,1
3074090,2
944080,1
303680,1
571550,1
2514460,1
2514460,2
3161460,1
449170,1
449170,5
2752490,1
1177950,1
3422860,1
2166070,1
2166070,2
1556660,1
453770,1
453770,2
2292920,1
2292920,3
1534610,1
1534610,4
3133380,1
3133380,4
1316000,1
1316000,2
942300,1
1195140,1
1195140,2
2875800,1
2875800,2
2875800,3
2875800,5
1252050,1
2303670,1
2303670,2
2303670,3
1515280,1
1515280,2
1515280,3
2515060,1
2515060,3
1333050,1
1333050,2
1333050,3
440340,1
1840450,1
2658290,1
1934360,1
1934360,3
925910,1
1990980,1
1370430,1
1863030,1
1968040,1
1968040,2
764390,1
764390,2
1839540,1
1839540,2
527760,1
2920390,1
391120,1
391120,2
3302500,1
1621320,1
1621320,2
1621320,4
475070,1
3105050,1
373640,1
373640,2
373640,3
1338580,1
1338580,2
2979710,1
1257360,1
1257360,2
1257360,3
1257360,4
2943480,1
2943480,2
2937490,1
2937490,2
2952060,1
3135240,1
3135240,2
3135240,3
2210590,1
2210590,2
1559790,1
1559790,2
510130,1
1656310,1
1656310,2
651090,1
559930,1
559930,2
2463340,1
2463340,4
1918300,1
1918300,2
1130660,1
1130660,3
1626600,1
2513660,1
2513660,2
3432050,1
3432050,2
3432050,3
2621830,1
497780,1
340800,1
340800,3
1150890,1
1150890,2
2750760,1
2750760,4
2401080,1
2401080,2
1782050,1
1782050,2
921390,1
921390,2
463530,1
1543470,1
1543470,5
2503190,1
2116690,1
2116690,2
1553320,1
2594490,1
2594490,2
2863240,1
2863240,2
2863240,5
451100,1
451100,2
451100,3
2511120,1
3182140,1
2653860,1
2653860,2
2653860,3
2871030,1
517790,1
897970,1
897970,2
605830,1
605830,2
718670,1
1536620,1
1536620,3
1536620,5
2214250,1
529090,1
529090,3
675890,1
772100,1
772100,2
772100,4
1288330,1
1288330,2
1904380,1
1904380,3
1046030,1
1046030,2
770500,1
770500,2
770500,3
770500,4
242640,1
242640,2
242640,5
1145120,1
1145120,2
2115920,1
573210,1
573210,3
428270,1
1247190,1
1247190,2
2199630,1
1328810,1
340360,1
2248870,1
3420910,1
516480,1
516480,2
890130,1
890130,4
312640,1
690820,1
690820,2
1485140,1
1485140,2
2013740,1
667580,1
819480,1
819480,2
1845760,1
1046910,1
899160,1
899160,4
3306200,1
3306200,5
1501320,1
1501320,2
1501320,3
1397830,1
1397830,4
785770,1
785770,3
1062670,1
1062670,4
460150,1
460150,2
649740,1
649740,3
649740,4
519180,1
519180,2
519180,3
3128150,1
570590,1
570590,4
985810,1
985810,5
1363270,1
1363270,3
1363270,5
1251550,1
1251550,2
2676810,1
2676810,4
811160,1
668560,1
3291690,1
3291690,4
568580,1
314410,1
314410,2
314410,3
771100,1
771100,5
1167650,1
1167650,2
1984000,1
1984000,2
1984000,4
3112380,1
3112380,2
340500,1
2451200,1
2658590,1
2658590,3
1167140,1
1790760,1
1790760,2
1790760,4
1410840,1
1410840,2
2782260,1
2782260,2
2519900,1
2519900,2
1275190,1
1275190,3
1275190,5
999290,1
1361260,1
1361260,4
2363260,1
2363260,3
2293350,1
2293350,2
2404770,1
2404770,2
2404770,3
2894980,1
2894980,4
1163600,1
2195200,1
2195200,4
1858900,1
1858900,4
683620,1
708280,1
708280,3
708280,4
615700,1
615700,3
1196440,1
1934980,1
1934980,2
1422290,1
1139490,1
1502620,1
1502620,2
3045000,1
3045000,3
3045000,5
661070,1
661070,3
3284610,1
3284610,2
626160,1
2601110,1
2601110,2
2568050,1
2568050,2
2568050,4
317060,1
317060,2
488330,1
488330,2
366530,1
2637070,1
2637070,4
619610,1
619610,2
619610,3
2248900,1
3135110,1
3135110,2
2546140,1
1387950,1
1387950,2
1495040,1
1495040,3
1782740,1
1782740,4
510370,1
2562730,1
1649130,1
1649130,4
1543210,1
1543210,4
2070550,1
429660,1
1936710,1
1936710,2
2490420,1
2056190,1
2056190,2
2982650,1
1158470,1
1158470,3
548370,1
548370,4
878310,1
878310,2
1029870,1
1029870,2
601990,1
2342320,1
2342320,2
1896010,1
1896010,5
1859020,1
1859020,2
2256990,1
319780,1
454900,1
454900,2
454900,4
2368100,1
2368100,2
2368100,4
3420840,1
3420840,2
3015460,1
3015460,2
1283230,1
1283230,2
1283230,5
2272640,1
2152090,1
2934840,1
2934840,3
1052890,1
890180,1
890180,2
384500,1
384500,4
2296880,1
777040,1
777040,2
777040,3
1163570,1
1163570,3
1461090,1
1461090,2
650090,1
650090,2
650090,3
1458330,1
1458330,2
386880,1
386880,3
2659900,1
403460,1
1318690,1
1318690,3
2487160,1
2487160,4
465170,1
465170,3
2176760,1
1700300,1
1700300,2
1700300,3
2229490,1
2229490,2
2674510,1
2674510,4
2674510,5
3145800,1
3145800,2
2631800,1
1527780,1
1527780,4
1906950,1
1906950,3
2149070,1
1416240,1
1416240,3
1018820,1
1018820,3
1018820,4
1863960,1
1863960,3
1635780,1
571350,1
1981500,1
1981500,2
1981500,3
2513130,1
324310,1
324310,4
730410,1
730410,3
2346180,1
2349590,1
2349590,2
768520,1
776360,1
776360,4
3038520,1
3038520,2
815540,1
815540,2
443700,1
1244090,1
1244090,2
3120300,1
3120300,2
3120300,4
391390,1
391390,2
2679980,1
2679980,4
1199560,1
1199560,4
2622260,1
2622260,2
2622260,3
1970980,1
2883480,1
2883480,2
2883480,4
2442640,1
738450,1
1179060,1
1179060,2
1179060,4
674960,1
674960,2
646240,1
646240,3
1012370,1
670440,1
670440,3
1562760,1
1562760,2
1562760,4
1763210,1
1763210,2
1763210,3
1763210,4
2331610,1
2331610,4
207250,1
207250,2
1448520,1
678910,1
678910,3
678910,4
581840,1
1319790,1
1319790,3
1545000,1
1545000,2
1545000,3
2394500,1
2394500,2
1565450,1
1134200,1
1134200,2
1914470,1
1599510,1
350880,1
563180,1
563180,2
1211740,1
1211740,2
1211740,3
1211740,4
1630360,1
3021090,1
3021090,2
3021090,4
2974190,1
1211950,1
2730180,1
2730180,5
1518610,1
1426110,1
1426110,2
1426110,4
2018610,1
2227380,1
2227380,2
1419980,1
419450,1
2952200,1
1449040,1
1449040,4
1449040,5
1760330,1
1760330,5
2521970,1
2521970,4
1304810,1
1304810,2
1694750,1
3286280,1
3286280,2
3286280,4
759000,1
1074280,1
1074280,2
2513890,1
2513890,2
2670580,1
2670580,2
3288650,1
1555570,1
2254670,1
2254670,5
571860,1
2756770,1
2756770,2
2756770,4
2178670,1
2178670,2
1362940,1
2213300,1
2789300,1
1002200,1
1002200,2
1358940,1
1358940,2
2196190,1
1048000,1
1467920,1
1467920,2
1467920,3
450190,1
450190,2
572890,1
572890,2
3190430,1
920200,1
920200,2
920200,3
3278880,1
397950,1
397950,2
397950,3
397950,4
2438210,1
2151310,1
2151310,4
787110,1
787110,2
581600,1
702940,1
702940,4
1787100,1
324760,1
1233800,1
1233800,2
1233800,3
1643190,1
2855480,1
2855480,3
2337360,1
2920730,1
2920730,2
1993510,1
2821230,1
2821230,2
2821230,5
1779650,1
2178410,1
825500,1
2196050,1
2196050,3
534880,1
534880,2
2642780,1
2642780,2
2642780,3
1206470,1
1206470,2
2528120,1
2528120,5
2217590,1
1970210,1
781780,1
1615060,1
1615060,2
694400,1
694400,3
694400,4
2291120,1
2291120,4
46370,1
46370,4
1379660,1
1525490,1
1378200,1
610110,1
1391430,1
1391430,2
557330,1
557330,2
2212390,1
431600,1
431600,3
694420,1
694420,2
694420,3
292120,1
292120,2
3502530,1
3502530,4
2481340,1
2481340,2
1597240,1
1597240,3
534570,1
1595710,1
1595710,3
1939970,1
2646510,1
2646510,3
2646510,4
1344800,1
1370850,1
1370850,4
882700,1
882700,2
1547170,1
2640640,1
2640640,2
438360,1
438360,2
1253320,1
414190,1
414190,3
1780420,1
1780420,2
1780420,3
1780420,4
1431610,1
2953560,1
2953560,2
819660,1
819660,2
2247760,1
939470,1
939470,4
1142500,1
1142500,2
1142500,3
1482490,1
1482490,5
346810,1
346810,2
2663140,1
2663140,4
2187080,1
2187080,3
3332860,1
3332860,2
263200,1
2559870,1
2559870,2
2780790,1
2780790,2
1434490,1
297860,1
297860,2
564340,1
564340,4
2322530,1
1362480,1
392950,1
392950,2
1220680,1
1220680,2
502460,1
502460,2
1173310,1
1173310,3
1411460,1
1411460,4
1654810,1
1282720,1
1282720,2
896460,1
2793460,1
649810,1
649810,4
2484330,1
1939810,1
212630,1
1138190,1
1138190,2
628700,1
628700,2
628700,3
628700,4
628700,5
1061160,1
1061160,2
1061160,4
1179100,1
595650,1
595650,3
854120,1
854120,2
854120,4
1158940,1
1158940,2
1597170,1
2655470,1
2655470,2
2655470,3
781130,1
781130,3
781130,5
677620,1
677620,2
677620,3
2056480,1
2375930,1
1908650,1
588340,1
588340,2
588340,3
588340,4
476430,1
1777960,1
1778040,1
1778040,2
1778040,5
2231960,1
2231960,2
2231960,3
2882490,1
2251280,1
2251280,4
2251280,5
2125810,1
1580600,1
1450530,1
1844060,1
2896440,1
711570,1
3169890,1
3169890,5
427660,1
427660,2
427660,3
3226010,1
3226010,2
2303350,1
2303350,4
1201370,1
3019370,1
2803340,1
1526220,1
1526220,2
1526220,3
602910,1
936530,1
936530,2
936530,3
536780,1
536780,2
536780,5
779650,1
779650,2
1774160,1
1774160,2
2876970,1
2876970,2
289440,1
999250,1
813730,1
813730,2
813730,3
1252810,1
1252810,4
1864680,1
1639430,1
1639430,2
1930060,1
1930060,2
693330,1
331880,1
331880,2
2117510,1
2117510,2
3012290,1
3012290,3
1596580,1
1596580,2
2767320,1
459410,1
459410,2
459410,3
459410,4
2503100,1
2503100,3
2900910,1
2900910,2
2900910,3
3114680,1
3114680,4
2560320,1
473690,1
2403100,1
2403100,4
2245300,1
1863980,1
1863980,2
435730,1
385240,1
385240,2
385240,4
47830,1
47830,4
2684720,1
2684720,2
2684720,3
2462260,1
2462260,3
2462260,4
584930,1
467170,1
467170,3
467170,4
1625610,1
1625610,4
2983040,1
2983040,2
378110,1
1348680,1
555130,1
555130,2
1620580,1
2479320,1
2479320,2
897530,1
897530,2
2358210,1
2358210,2
44680,1
44680,2
420560,1
420560,2
941340,1
3322850,1
3322850,3
3322850,4
1028730,1
1028730,2
1482910,1
1482910,2
560770,1
560770,2
1391200,1
1391200,2
1391200,4
2126010,1
2126010,2
779570,1
779570,3
779570,5
2240220,1
3487830,1
3487830,3
582820,1
1506020,1
462520,1
270810,1
1211650,1
745010,1
625160,1
2317310,1
1605430,1
1605430,3
2574470,1
2574470,2
1271280,1
1271280,3
2562610,1
2562610,2
1740660,1
2386710,1
2386710,3
2386710,5
1877460,1
1204540,1
1204540,2
1204540,3
1204540,4
1565060,1
1565060,2
1565060,4
3168230,1
3168230,3
1114170,1
1114170,2
1114170,3
2556930,1
1236930,1
1236930,2
1373710,1
731680,1
731680,2
2300910,1
1126190,1
2652570,1
765730,1
1366940,1
2939550,1
2939550,4
1137460,1
1137460,5
2656980,1
2766250,1
2766250,2
2515120,1
2515120,3
897420,1
897420,2
897420,4
1031380,1
1650130,1
1146910,1
1146910,2
863920,1
2064870,1
2064870,2
2064870,5
2631300,1
2468670,1
2842040,1
2842040,4
2842040,5
1385960,1
989400,1
1614960,1
1614960,4
2478840,1
2478840,5
756490,1
756490,2
1119090,1
1961300,1
2273420,1
3270270,1
3270270,2
1141640,1
1567200,1
1567200,3
1567200,4
2567920,1
2567920,2
2726160,1
2726160,3
1250630,1
1765980,1
1315810,1
1315810,2
2176460,1
2176460,2
813590,1
2027170,1
2027170,4
2746960,1
2746960,2
2746960,4
654390,1
654390,4
3089460,1
3089460,2
3313860,1
2417130,1
2417130,2
2417130,4
2512680,1
2512680,2
2512680,3
658420,1
3012470,1
3012470,4
3034120,1
3034120,2
3166430,1
3166430,2
859740,1
859740,3
911050,1
911050,2
911050,4
1058370,1
1058370,2
1058370,5
1790580,1
1790580,2
1278750,1
1278750,2
275850,1
275850,2
275850,3
275850,4
2601740,1
2601740,2
1729600,1
2671320,1
1503530,1
1503530,2
1450780,1
1450780,2
1304400,1
1304400,2
1304400,5
1027530,1
1027530,4
1212860,1
2676790,1
2676790,2
2522190,1
1366390,1
1366390,2
2663530,1
2663530,3
3273850,1
3273850,2
3273850,4
2696060,1
2696060,2
2829510,1
2225430,1
2225430,2
1024980,1
1024980,2
1024980,3
685230,1
685230,4
685230,5
777550,1
777550,2
777550,3
1014200,1
1014200,2
1014200,5
2334560,1
2334560,4
2155350,1
2155350,2
2155350,4
581030,1
581030,2
2364950,1
3160360,1
3160360,3
3160360,4
1019690,1
1019690,3
2220420,1
2220420,5
2128020,1
2128020,3
2381930,1
2381930,2
2381930,3
729300,1
2223810,1
2223810,2
2922070,1
1053710,1
1868300,1
2215820,1
2215820,5
960170,1
960170,2
1564670,1
1564670,2
818140,1
818140,2
818140,4
1877710,1
2689230,1
1416930,1
498360,1
498360,2
736420,1
1998130,1
1998130,3
1998130,4
1998130,5
1120960,1
1120960,2
1120960,3
1042210,1
454750,1
2194730,1
2194730,3
795950,1
1264730,1
1840790,1
1840790,2
711980,1
745870,1
396230,1
396230,2
3231990,1
2820960,1
2820960,2
2820960,4
445550,1
503090,1
1166910,1
1166910,2
2751700,1
514150,1
3103750,1
3103750,2
2556620,1
1383680,1
1383680,2
1383680,4
621500,1
621500,3
621500,4
986370,1
986370,2
1130880,1
1130880,2
1150290,1
1150290,3
1150290,4
3350480,1
3350480,3
2762610,1
2762610,2
3310180,1
863470,1
863470,5
845490,1
845490,2
845490,3
718530,1
1158010,1
974200,1
3047100,1
2277870,1
1745260,1
1745260,2
434480,1
434480,2
1026880,1
1026880,2
3310350,1
3310350,2
2118110,1
2118110,3
2118110,4
585920,1
585920,2
1061680,1
1061680,3
2340000,1
2340000,2
2375380,1
2375380,2
2375380,3
1520240,1
1520240,4
1960010,1
1960010,2
1960010,4
1495370,1
1495370,3
1495370,4
2118600,1
2118600,2
1880770,1
2447790,1
2447790,2
2447790,3
2314180,1
292820,1
3305210,1
3305210,2
3305210,3
958670,1
2301920,1
1034150,1
673620,1
673620,3
431390,1
431390,2
2371910,1
2371910,2
2974060,1
2974060,2
2860420,1
2860420,2
2871930,1
2022140,1
2022140,2
2835050,1
2835050,2
1927720,1
1927720,2
2615010,1
2399730,1
2399730,2
1976230,1
763410,1
893460,1
1131900,1
785830,1
785830,3
2698700,1
2698700,2
2698700,4
2443190,1
1611760,1
1611760,2
398620,1
398620,5
938520,1
1361490,1
636100,1
2834490,1
2834490,3
1986230,1
1986230,2
1986230,4
1978210,1
1978210,2
42900,1
42900,2
42900,3
800030,1
867050,1
867050,2
1987260,1
1987260,3
370800,1
370800,2
1432260,1
1432260,5
675690,1
675690,2
1491670,1
1491670,3
1906230,1
341690,1
341690,2
341690,3
222730,1
222730,2
222730,3
1528200,1
2591020,1
2591020,2
338170,1
338170,3
922400,1
922400,3
1272030,1
3363250,1
3195690,1
3195690,4
659810,1
1318790,1
1318790,2
1318560,1
1318560,5
717280,1
652990,1
3025330,1
3283720,1
1236250,1
1052600,1
2345770,1
3111080,1
3111080,4
315480,1
693960,1
693960,2
2806660,1
2806660,2
2289390,1
2289390,2
2289390,3
3012820,1
3012820,2
1112910,1
734020,1
734020,2
1568040,1
1568040,4
1388690,1
1388690,3
1631500,1
1631500,2
1631500,4
1184230,1
2163790,1
2163790,2
1530580,1
1534510,1
1534510,2
1534510,3
274980,1
274980,2
2230410,1
2230410,3
905460,1
905460,2
494470,1
2499770,1
2499770,2
3187360,1
3187360,2
3187360,4
575890,1
575890,2
2247790,1
2247790,3
883360,1
2908000,1
2857090,1
3108050,1
3108050,2
3164760,1
1569380,1
1569380,2
1784840,1
1784840,4
628040,1
628040,3
1022920,1
1285360,1
1285360,3
1285360,4
2381270,1
2381270,3
968440,1
1452950,1
1452950,2
2518460,1
619700,1
619700,2
619700,3
619700,4
1353690,1
1044690,1
1044690,2
1007080,1
1007080,2
1007080,3
2698940,1
3172180,1
809700,1
809700,2
1029530,1
552500,1
552500,3
3208160,1
1470860,1
1470860,2
2476030,1
3316660,1
1243830,1
1420990,1
1420990,3
354810,1
2460970,1
767800,1
500870,1
500870,3
779950,1
779950,2
3126180,1
2858150,1
2858150,2
1904430,1
1904430,2
1904430,5
2827490,1
2154040,1
2154040,2
650070,1
650070,3
956590,1
956590,2
665080,1
665080,5
490990,1
490990,2
986800,1
1432000,1
1128860,1
1128860,2
1261670,1
1261670,2
1871480,1
1871480,2
607350,1
2251910,1
1870280,1
1870280,2
47570,1
47570,3
57400,1
2916210,1
2916210,4
3135160,1
412760,1
412760,2
680440,1
680440,2
549850,1
549850,3
1298270,1
1298270,2
1260690,1
1260690,2
826440,1
1117500,1
1131780,1
1131780,4
305500,1
305500,2
305500,3
1772620,1
690550,1
690550,2
690550,4
395160,1
395160,2
929440,1
929440,2
2755070,1
2755070,2
399880,1
399880,2
805030,1
2378460,1
2378460,3
2284000,1
2284000,2
2284000,3
735010,1
1928320,1
1928320,4
1193790,1
1193790,4
2523980,1
2523980,2
2142030,1
351330,1
1970560,1
2708740,1
772080,1
772080,3
772080,4
2961990,1
2961990,2
2961990,3
2397260,1
2397260,2
244070,1
244070,2
2877020,1
792660,1
872340,1
872340,2
709920,1
709920,2
709920,3
709920,4
344030,1
344030,3
344030,4
1958390,1
1373750,1
828250,1
2169160,1
1922650,1
2461240,1
1783090,1
1309940,1
870020,1
870020,2
628740,1
2560380,1
563360,1
563360,2
2492030,1
1264990,1
1264990,5
258950,1
2817190,1
2817190,5
689710,1
689710,3
3278720,1
3278720,3
2966680,1
2966680,2
2730650,1
2730650,2
3217180,1
3217180,2
3217180,4
1201310,1
1201310,3
1335700,1
1335700,2
3121070,1
3121070,2
2656410,1
2656410,2
2656410,3
1296450,1
1296450,2
2255140,1
651010,1
420950,1
420950,2
420950,3
420950,4
2383660,1
1197100,1
1197100,2
804850,1
804850,2
491580,1
491580,2
2728090,1
1970610,1
1970610,2
525680,1
525680,3
2797240,1
2797240,4
2797240,5
1995220,1
2134440,1
2134440,2
2134440,3
3040570,1
378760,1
2245960,1
2245960,2
809000,1
809000,2
809000,3
809000,4
3073810,1
3073810,2
2346730,1
2346730,2
1393770,1
1393770,2
1393770,3
2237700,1
2237700,2
2204030,1
436360,1
436360,2
436360,4
2505560,1
2505560,2
2702680,1
2702680,2
2118520,1
2208960,1
2208960,2
2208960,4
1373240,1
1385880,1
524600,1
524600,4
2186210,1
2186210,4
674160,1
674160,3
674160,4
1263220,1
1918550,1
305960,1
921690,1
921690,2
921690,3
586340,1
577990,1
2340330,1
2340330,5
3449100,1
3449100,2
3449100,3
3449100,4
447170,1
1516350,1
1516350,2
1516350,5
3446180,1
3446180,2
611800,1
2901090,1
2901090,4
683930,1
1855620,1
847560,1
847560,3
1443500,1
893070,1
1183300,1
842140,1
2337960,1
2337960,2
2337960,3
1402900,1
1402900,5
1546910,1
1546910,2
1546910,3
3211210,1
3211210,2
3211210,3
880940,1
880940,3
1466300,1
1466300,5
3229320,1
3229320,5
965920,1
965920,2
965920,3
965920,4
3328390,1
3328390,2
2220500,1
1880890,1
2233300,1
2233300,2
2233300,3
2233300,4
890710,1
890710,3
979880,1
979880,2
3071170,1
3071170,3
1316770,1
358920,1
358920,4
1423680,1
1423680,2
1423680,3
2858860,1
2858860,3
1448000,1
1412500,1
570770,1
570770,2
702930,1
2166050,1
2166050,3
2166050,4
2244400,1
2244400,2
3180470,1
3346310,1
1392960,1
1392960,3
2519450,1
3173930,1
3173930,2
2159300,1
3290680,1
745620,1
3302110,1
3302110,2
3302110,3
3302110,5
2316590,1
1284460,1
1284460,2
1777560,1
1777560,2
1777560,3
3408500,1
2963310,1
2963310,2
672970,1
672970,2
92600,1
92600,3
505740,1
505740,2
505740,4
409730,1
409730,4
1485190,1
2644910,1
2443640,1
2443640,2
2443640,3
2443640,5
1507260,1
1507260,4
2191230,1
1290510,1
861650,1
861650,2
2530030,1
2530030,2
2015960,1
2015960,2
1016890,1
2231730,1
2231730,3
1742600,1
1742600,2
1742600,3
1742600,4
1488560,1
1488560,3
2855010,1
2855010,2
870990,1
870990,4
2564260,1
2573030,1
2573030,2
2573030,5
3471330,1
3471330,2
1641220,1
377530,1
377530,2
2557460,1
2557460,3
1160440,1
1245380,1
1245380,4
2987620,1
948270,1
948270,2
503140,1
1932950,1
1932950,2
1940370,1
2375760,1
2375760,3
850820,1
850820,4
770110,1
3150460,1
3150460,2
1313340,1
1313340,2
1313340,4
1273180,1
2235780,1
2235780,4
1186470,1
1186470,3
837220,1
837220,4
2833320,1
2234600,1
1639900,1
356000,1
356000,3
528640,1
528640,2
528640,4
2125720,1
2125720,3
3454810,1
3454810,4
586620,1
1870440,1
1870440,2
2947450,1
2947450,5
1471490,1
1471490,2
3443940,1
3443940,2
3086940,1
3086940,2
595740,1
1302050,1
1302050,3
1302050,4
513980,1
513980,2
718410,1
3059500,1
1155100,1
1155100,2
864680,1
864680,2
314230,1
314230,2
314230,3
2176310,1
2176310,2
781760,1
2237690,1
2237690,2
2237690,3
3422680,1
3422680,3
277560,1
277560,3
326380,1
326380,2
1896450,1
1896450,2
1248510,1
1248510,2
348650,1
348650,4
3294060,1
3294060,2
3413300,1
2274850,1
2274850,2
870260,1
870260,2
870260,3
2125270,1
1759930,1
2942690,1
2334210,1
2334210,2
2336540,1
1438750,1
1438750,4
554800,1
772670,1
772670,2
772670,4
423550,1
803040,1
803040,3
252470,1
252470,2
612140,1
2722330,1
2722330,3
1783960,1
2488620,1
2793790,1
2793790,2
966180,1
966180,3
851530,1
851530,2
861790,1
861790,2
2395190,1
3126110,1
409710,1
409710,5
2940170,1
2940170,4
1467060,1
1467060,3
1130590,1
1130590,2
1399250,1
826100,1
1594310,1
914190,1
914190,4
1304870,1
1304870,3
327930,1
327930,5
2173880,1
2173880,2
2173880,4
1382160,1
1382160,2
1872160,1
1872160,2
1872160,3
1889190,1
1889190,3
1371700,1
2813340,1
2813340,5
286200,1
286200,2
2816940,1
2816940,2
1737460,1
1465360,1
672430,1
2232290,1
2232290,2
2232290,3
763000,1
763000,2
1332730,1
1332730,2
342380,1
2542080,1
620190,1
620190,2
620190,4
2554950,1
2554950,2
2231040,1
746340,1
746340,2
746340,3
1564600,1
1564600,2
1564600,3
1757680,1
1757680,3
1757680,5
1264880,1
1264880,2
2199230,1
780840,1
780840,2
1015720,1
1015720,3
1873430,1
1351830,1
463930,1
463930,2
463930,3
1007730,1
787050,1
2214950,1
2214950,5
606000,1
606000,3
606000,4
421630,1
1282040,1
2832370,1
936190,1
936190,2
936190,5
1983710,1
1983710,2
1983710,3
1983710,4
3207890,1
371300,1
576540,1
1930100,1
1930100,2
1930100,4
417290,1
606500,1
606500,2
606500,4
1295510,1
893450,1
893450,3
728610,1
1008260,1
1008260,2
1174320,1
1281150,1
1281150,2
1281150,3
2509460,1
2509460,2
525600,1
525600,2
1355840,1
555510,1
555510,2
2635030,1
2635030,2
212390,1
212390,3
733360,1
733360,2
1935630,1
654520,1
654520,2
654520,3
491380,1
491380,2
491380,4
2270930,1
2270930,2
2227860,1
2227860,2
2227860,3
1508220,1
1272130,1
877150,1
516580,1
516580,2
516580,4
2406060,1
2406060,2
3247540,1
3247540,2
1128690,1
1128690,2
1038370,1
1038370,4
2967570,1
2267600,1
2267600,2
2267600,4
3283680,1
3283680,3
3283680,4
2633110,1
2633110,2
2633110,3
809450,1
500220,1
3188720,1
730190,1
730190,3
730190,4
2018640,1
2018640,2
1216050,1
2685320,1
2685320,2
2114680,1
1473420,1
1473420,2
1473420,5
1215410,1
1790470,1
636960,1
636960,2
3128740,1
919170,1
691690,1
691690,2
2442550,1
2442550,5
2875980,1
2681920,1
2459370,1
718180,1
718180,2
280910,1
280910,2
280910,5
2316210,1
2316210,2
895820,1
895820,2
895820,5
3276680,1
3276680,2
2015280,1
3114310,1
3114310,2
2598960,1
2598960,2
1191260,1
826740,1
826740,2
949530,1
1351630,1
1351630,3
1351630,4
3425600,1
3425600,2
3425600,3
1875100,1
511430,1
511430,2
1494320,1
2313270,1
2313270,3
553490,1
2579890,1
2579890,2
2579890,4
3177050,1
2335110,1
2335110,3
1657760,1
1657760,3
1657760,4
2209470,1
2209470,4
223220,1
223220,4
1597950,1
1597950,4
1245900,1
1245900,2
1774810,1
377330,1
377330,3
1848450,1
1848450,2
1848450,3
2171650,1
2171650,2
2606630,1
2606630,3
2606630,4
2742150,1
2269320,1
1430030,1
1649730,1
1649730,3
3175450,1
1208770,1
245370,1
245370,2
245370,5
1597980,1
1597980,4
1352690,1
1352690,5
743190,1
1355560,1
1355560,2
431230,1
2433380,1
2433380,2
2179520,1
2179520,2
1283580,1
2459400,1
2484360,1
2116460,1
2116460,2
3058820,1
3058820,4
2296960,1
2296960,2
2296960,3
2296960,4
2130510,1
2222910,1
582390,1
3221940,1
3221940,3
2292690,1
1786730,1
1786730,2
2117790,1
2117790,3
2273220,1
2273220,2
1884140,1
1884140,3
2195690,1
2054150,1
2054150,2
1996880,1
1996880,2
211900,1
850780,1
850780,2
1364240,1
1364240,2
2406940,1
2406940,2
1229060,1
1229060,2
555400,1
2815800,1
2815800,2
3216670,1
2914970,1
2914970,2
2914970,3
3291220,1
3291220,5
259430,1
259430,2
635050,1
635050,2
3507020,1
2694390,1
883220,1
883220,2
1787800,1
1787800,3
1027910,1
1027910,2
1027910,3
1027910,4
1395630,1
600370,1
600370,3
600370,4
2786320,1
3065920,1
3065920,4
494820,1
3085950,1
2794770,1
2794770,2
2794770,4
1590010,1
1549200,1
1549200,5
3028300,1
3028300,4
2286440,1
2286440,2
2286440,3
327260,1
327260,2
732290,1
732290,2
732290,3
2134060,1
1008920,1
1008920,2
751300,1
751300,2
825000,1
825000,4
2089250,1
2952540,1
2952540,2
809360,1
809360,2
235900,1
2865840,1
2865840,2
2865840,4
2692200,1
2692200,2
2692200,4
344800,1
2519990,1
2519990,2
1564280,1
1564280,2
1423330,1
1423330,2
2822670,1
803930,1
803930,2
2326190,1
2326190,4
796320,1
796320,2
459130,1
3379270,1
3379270,3
688680,1
688680,3
688680,4
928680,1
928680,3
1233880,1
1233880,2
2805670,1
545410,1
545410,2
2732920,1
2732920,2
1142030,1
1737070,1
1737070,2
946690,1
946690,2
946690,3
549170,1
549170,2
549170,4
1211490,1
1211490,2
1211490,4
1535190,1
1535190,2
2178130,1
2178130,2
2178130,4
2771500,1
2771500,2
562540,1
562540,2
2353130,1
2353130,2
1328890,1
1328890,2
2923660,1
2923660,4
1416770,1
1646230,1
491060,1
491060,2
491060,5
1025240,1
3138800,1
2168760,1
2168760,3
235660,1
235660,3
235660,4
466780,1
466780,2
1839060,1
1982950,1
1982950,2
2365870,1
2365870,2
2530920,1
2530920,2
2596200,1
2596200,3
942760,1
3146280,1
1934800,1
2591970,1
1232900,1
1232900,2
1486720,1
1486720,2
1928420,1
2868430,1
2868430,2
2868430,3
2184720,1
2184720,4
2184720,5
811360,1
2850430,1
930290,1
2853240,1
1608310,1
1608310,3
1201760,1
3089270,1
3089270,2
3089270,4
1045430,1
2695290,1
378580,1
378580,2
580480,1
580480,3
446010,1
2412170,1
2130230,1
2130230,2
967450,1
967450,2
959710,1
959710,2
959710,4
1609760,1
2663720,1
2516820,1
2516820,2
1210800,1
1210800,2
905320,1
905320,3
905320,5
329970,1
329970,2
2566130,1
1916920,1
2682220,1
2682220,2
1221070,1
1221070,2
1221070,4
584990,1
1275790,1
1024570,1
1024570,2
3505820,1
656020,1
656020,3
656020,5
1024480,1
1024480,2
2828590,1
2828590,2
2828590,3
1419750,1
1419750,2
1419750,3
376250,1
376250,4
1179540,1
1919350,1
1919350,2
294280,1
2638980,1
2638980,2
2856450,1
2856450,2
3221030,1
3221030,2
2915910,1
992890,1
992890,4
2670630,1
427780,1
1405790,1
2737300,1
756350,1
1155580,1
1511040,1
869280,1
1370970,1
1370970,3
366570,1
366570,2
3225990,1
1217630,1
1217630,2
1217630,3
893590,1
893590,2
1608780,1
1608780,2
1608780,5
1233790,1
1233790,2
1233790,4
667610,1
667610,3
1154470,1
2638210,1
2638210,4
2719950,1
2719950,2
2719950,3
2719950,4
448730,1
448730,4
2766940,1
2766940,3
1232570,1
1232570,2
527720,1
527720,3
395520,1
395520,2
471630,1
471630,2
3277260,1
3277260,5
2184270,1
811970,1
811970,2
1066090,1
1066090,2
1538900,1
1538900,2
2645180,1
2645180,2
3070510,1
3070510,2
2679860,1
2835670,1
2835670,2
2987480,1
2987480,4
2596710,1
2128360,1
2421410,1
2421410,4
1057030,1
464780,1
464780,3
934550,1
934550,2
2115170,1
445350,1
445350,2
804270,1
205710,1
205710,3
1340130,1
2225500,1
2163210,1
2163210,3
1205160,1
1205160,2
2217840,1
1863400,1
1863400,4
1746870,1
1746870,2
2757230,1
776440,1
3505850,1
845870,1
845870,2
845870,3
397420,1
397420,2
397420,3
1204080,1
2910950,1
2910950,2
1332620,1
1332620,3
2666520,1
2666520,2
2666520,4
2937820,1
660170,1
923500,1
923500,3
111100,1
111100,2
660980,1
70120,1
718370,1
704920,1
704920,5
460700,1
460700,2
1112400,1
1112400,2
1585120,1
1585120,2
1585120,3
1585120,5
956000,1
956000,4
738520,1
738520,2
705870,1
705870,3
2820580,1
2820580,2
883710,1
915420,1
1994010,1
1994010,5
276890,1
276890,2
671370,1
671370,3
96000,1
96000,2
96000,4
438660,1
2291060,1
2291060,2
2796210,1
986830,1
1358770,1
1358770,3
324390,1
324390,3
1331210,1
1331210,2
1879690,1
1879690,3
1259760,1
1259760,2
1037430,1
1037430,3
1037430,4
707110,1
707110,2
2888860,1
1862210,1
115120,1
115120,3
1519130,1
1519130,2
2416250,1
2416250,2
2373760,1
2373760,2
391210,1
365270,1
365270,5
690610,1
2265240,1
266250,1
266250,2
2659580,1
2659580,3
1045220,1
1045220,3
1045220,4
3124210,1
3124210,2
3124210,3
2019670,1
2019670,2
2019670,4
2222770,1
2222770,4
2529930,1
2529930,2
2529930,4
655180,1
655180,2
655180,5
1379670,1
546070,1
546070,2
2390850,1
2390850,2
486720,1
1291990,1
542730,1
542730,2
695570,1
3161990,1
3161990,3
3468270,1
942020,1
942020,3
942020,4
2810880,1
2810880,4
2660850,1
2660850,2
2660850,3
932480,1
1049140,1
3387000,1
1578990,1
1578990,2
1578990,3
1755890,1
1443250,1
1443250,4
2248220,1
1996770,1
1589300,1
2019270,1
2019270,2
2019270,3
1967090,1
1967090,2
764030,1
764030,2
764030,4
501500,1
501500,3
3219090,1
3219090,3
1394550,1
1394550,4
384040,1
3136310,1
2396220,1
2396220,2
1642110,1
2880750,1
1280210,1
481600,1
481600,2
2165520,1
2165520,5
1543280,1
1543280,2
1543280,3
3348860,1
1887190,1
1887190,2
866440,1
866440,2
866440,3
1061090,1
1061090,4
1998760,1
1998760,2
1998760,3
1998760,4
315860,1
1210010,1
2436090,1
2708890,1
2708890,2
2708890,3
254960,1
1318730,1
1318730,5
574010,1
727220,1
727220,4
1995280,1
1995280,2
1862500,1
1862500,2
2189620,1
1220880,1
1220880,2
600350,1
600350,5
300820,1
300820,3
1780310,1
1780310,5
1301380,1
1301380,2
1301380,3
2267480,1
3125590,1
3125590,2
3125590,4
551770,1
551770,2
2738420,1
2738420,2
2875370,1
2875370,2
305640,1
1600810,1
1600810,2
2862050,1
2862050,2
922630,1
922630,4
3190910,1
2274580,1
2274580,2
1923650,1
1923650,2
2875580,1
2875580,2
659780,1
2981880,1
2981880,2
2981880,4
2847390,1
225000,1
225000,2
409070,1
576940,1
576940,2
1123410,1
1123410,2
3241060,1
1215200,1
1215200,2
3427140,1
1215950,1
1215950,4
3123320,1
1516610,1
1528970,1
1528970,3
2832510,1
2832510,2
510960,1
3237440,1
283290,1
3038740,1
3038740,4
3038740,5
3131980,1
764230,1
764230,2
995210,1
995210,2
1303270,1
1303270,2
2673950,1
2673950,2
2274530,1
818380,1
818380,2
818380,3
2797780,1
2797780,3
1755550,1
1755550,2
1794970,1
1794970,2
1794970,4
1178060,1
764050,1
2908900,1
2908900,4
1778760,1
1778760,2
2202890,1
2202890,3
633230,1
1568400,1
1568400,2
1837690,1
1837690,2
1032430,1
1032430,2
1255130,1
1286950,1
1286950,2
974160,1
2462150,1
2462150,2
2462150,4
284870,1
284870,2
1025960,1
1687700,1
3210080,1
936000,1
936000,2
2624760,1
2624760,2
2624760,3
678400,1
414500,1
2302510,1
857900,1
857900,3
2312270,1
2312270,2
2312270,3
2701410,1
2701410,4
1399990,1
3409980,1
719130,1
719130,2
719130,3
274880,1
274880,2
378570,1
378570,3
3223590,1
3223590,2
2425370,1
2425370,2
2813560,1
2813560,2
502920,1
502920,2
670180,1
513450,1
683440,1
683440,3
683440,4
618080,1
618080,2
2345990,1
2345990,3
3066510,1
3066510,2
2371260,1
2371260,2
2896040,1
2896040,2
2896040,3
680940,1
827050,1
377760,1
377760,2
2406640,1
2406640,2
2406640,3
2009380,1
1627920,1
819880,1
819880,2
1554170,1
1554170,2
3070340,1
3070340,2
700310,1
700310,2
721850,1
721850,4
2143620,1
2143620,2
552030,1
552030,3
1044180,1
1201870,1
1201870,2
1201870,3
1436600,1
1436600,2
1436600,4
2731880,1
2844240,1
2844240,2
2844240,3
1627180,1
1627180,2
1453250,1
1453250,2
1453250,5
1007540,1
1007540,3
1885250,1
1885250,2
502800,1
502800,3
3230290,1
3230290,2
721380,1
721380,3
721380,4
560760,1
560760,2
560760,4
3427650,1
3427650,4
1279410,1
1279410,2
203140,1
1637030,1
2947590,1
2947590,4
2797050,1
895850,1
1154290,1
1154290,4
2856040,1
2856040,2
1854900,1
1854900,3
1854900,5
1144300,1
1144300,3
835430,1
835430,2
3186070,1
1181970,1
1181970,2
2874200,1
2874200,5
3194120,1
323060,1
2274990,1
2274990,2
711720,1
342570,1
2459870,1
1566050,1
1600570,1
1600570,3
2413840,1
2413840,3
710220,1
364890,1
364890,2
1915040,1
1915040,2
1915040,3
1915040,5
397020,1
740990,1
437340,1
437340,2
437340,4
1998040,1
1998040,2
1390860,1
1390860,4
349240,1
349240,3
1600820,1
1600820,3
449200,1
2355810,1
2355810,2
2327980,1
2327980,3
1787040,1
1787040,2
2778660,1
1511090,1
1511090,2
1511090,4
2227420,1
2227420,3
1930340,1
1930340,3
1930340,4
313740,1
313740,2
313740,4
2050560,1
2766370,1
1143330,1
1143330,3
3413750,1
350550,1
350550,3
2304230,1
2304230,4
2650610,1
2650610,4
1336490,1
1336490,2
2829240,1
2227830,1
2227830,3
539460,1
539460,4
2337760,1
2337760,2
2337760,3
1182890,1
1182890,2
1182890,3
2872280,1
2872280,2
1991990,1
2509530,1
2509530,2
2314110,1
2314110,2
1603930,1
2521250,1
2538160,1
2538160,3
1724120,1
1724120,3
2260360,1
2260360,2
864570,1
864570,2
794750,1
988340,1
988340,3
1749310,1
1749310,2
1580440,1
1580440,2
1649240,1
1649240,2
1277390,1
1277390,2
1277390,3
440790,1
2342950,1
2791010,1
697800,1
2199760,1
2199760,3
205840,1
205840,2
1887930,1
1887930,2
1887930,4
1063770,1
2673430,1
656630,1
656630,3
1610650,1
1610650,3
3218090,1
3218090,2
296790,1
296790,2
296790,3
1742350,1
1137730,1
1137730,2
2459350,1
2620000,1
1024210,1
1326270,1
464530,1
1202810,1
2160250,1
1276290,1
366800,1
2373500,1
2373500,2
2790340,1
2790340,4
2158820,1
1962450,1
1245540,1
1018170,1
1018170,2
274170,1
694760,1
694760,2
2560050,1
3037390,1
3037390,4
909080,1
909080,2
909080,4
1841200,1
567980,1
1979590,1
1979590,3
1641510,1
1641510,2
2933870,1
1829520,1
2018190,1
975550,1
975550,3
2817270,1
2817270,2
2361140,1
2361140,2
2578270,1
383010,1
383010,2
388960,1
2878320,1
2878320,3
2878320,4
1115630,1
3319980,1
3376760,1
492400,1
492400,3
1343150,1
1343150,2
2009010,1
2221760,1
2221760,2
2221760,5
861280,1
861280,2
861280,3
3089850,1
1936070,1
465860,1
2943520,1
2945360,1
1988630,1
1988630,2
453670,1
453670,3
1772370,1
895480,1
3461220,1
1995930,1
1995930,2
686010,1
686010,3
1412170,1
1412170,2
3185860,1
3185860,3
681950,1
1630590,1
612640,1
2685090,1
1972160,1
1972160,5
2166060,1
1992560,1
3137310,1
623900,1
623900,2
623900,3
2327480,1
2327480,2
2327480,3
434390,1
1114430,1
1114430,2
1114430,4
1371730,1
800710,1
2300520,1
2300520,2
2300520,5
1785220,1
1785220,4
937050,1
937050,2
937050,5
2494860,1
2494860,2
2494860,3
2262410,1
2519370,1
2519370,2
1933090,1
2368460,1
1258650,1
1258650,3
1258650,4
1611710,1
2666370,1
2666370,2
690060,1
858630,1
1775850,1
1775850,2
1775850,4
2167130,1
2167130,2
1000510,1
1000510,2
943900,1
2226920,1
2226920,3
572480,1
572480,2
1545370,1
1545370,2
1145180,1
1145180,3
2241710,1
2241710,3
2241710,4
978970,1
2908470,1
477730,1
477730,2
3029230,1
2717800,1
2717800,3
1865170,1
1865170,3
1124080,1
2313030,1
2313030,4
528580,1
528580,4
929600,1
929600,2
929600,4
1991520,1
1991520,2
1991520,5
3096420,1
3096420,2
538900,1
844930,1
844930,2
844930,3
834580,1
1629380,1
1252190,1
1252190,2
1253930,1
1253930,2
1601860,1
250380,1
246880,1
246880,2
2785950,1
2785950,2
1949190,1
1586830,1
1586830,3
1586830,4
2510710,1
1647070,1
1647070,2
744660,1
744660,2
2861360,1
455770,1
455770,2
455770,4
1251530,1
1251530,3
2417300,1
2948170,1
644760,1
644760,2
644760,3
1589710,1
1589710,2
1589710,3
1379020,1
1379020,3
1169880,1
1169880,3
3296660,1
2560590,1
2560590,2
2018870,1
2018870,2
713420,1
713420,4
2769670,1
2769670,4
791960,1
2181980,1
1052640,1
878780,1
878780,3
364050,1
364050,2
880510,1
880510,5
915360,1
915360,3
2577500,1
3360320,1
3360320,2
1746830,1
2287500,1
2287500,2
1876920,1
1876920,2
1876920,3
1962650,1
1356480,1
1304390,1
1304390,2
1304390,3
1928600,1
1276140,1
1276140,2
940240,1
940240,3
339600,1
339600,2
1781030,1
1781030,3
756190,1
756190,2
767410,1
767410,2
1765720,1
2449720,1
2449720,3
2449720,4
1976030,1
1976030,2
2354000,1
2354000,2
2354000,3
1763260,1
1763260,2
2933950,1
3084290,1
593970,1
3324530,1
248390,1
248390,4
2326000,1
2326000,3
2179850,1
2179850,2
2179850,3
3197480,1
2095140,1
1370600,1
1370600,4
1040740,1
1040740,2
1040740,4
2491320,1
1157910,1
1157910,4
729270,1
729270,3
1276820,1
1276820,2
2176340,1
2215590,1
2215590,2
391490,1
391490,3
2238450,1
2238450,3
2190210,1
2190210,5
2118030,1
2118030,2
2118030,5
1396480,1
2441670,1
544580,1
2136170,1
2136170,2
2286280,1
1044720,1
1044720,4
2262210,1
2262210,2
2262210,3
2812530,1
2812530,3
2812530,4
1579530,1
764090,1
3242170,1
3242170,2
3242170,3
2981590,1
2981590,3
2981590,4
1942110,1
1942110,2
1942110,5
2837710,1
2837710,2
495090,1
495090,2
1479020,1
1479020,2
1152200,1
1152200,2
1152200,3
1761780,1
1761780,2
467940,1
467940,3
1910550,1
1910550,3
317020,1
3206480,1
3432460,1
2353660,1
2353660,2
563200,1
563200,3
2827780,1
2827780,2
2827780,4
2343350,1
2151640,1
2151640,2
1581050,1
1918450,1
1918450,2
2815110,1
2815110,2
231020,1
1874780,1
1874780,4
2210630,1
2210630,3
2210630,4
3143200,1
3143200,5
1407850,1
752470,1
752470,2
752470,3
1036870,1
1036870,2
1036870,3
400130,1
1272110,1
461640,1
461640,3
1845670,1
1845670,2
1570750,1
1570750,5
1494260,1
1494260,2
1494260,3
862770,1
862770,3
862770,4
919610,1
1239980,1
1239980,3
674380,1
674380,2
1349040,1
1349040,2
1969460,1
1428840,1
1428840,2
427410,1
427410,2
1169870,1
1169870,4
1966910,1
1966910,2
2215650,1
803020,1
803020,2
1504150,1
1504150,2
1504150,3
2398800,1
2398800,2
385960,1
385960,3
2723880,1
903760,1
1559920,1
2301340,1
2301340,2
301420,1
301420,2
301420,4
301420,5
2402980,1
2402980,4
451670,1
451670,3
1775730,1
1775730,4
1273220,1
1273220,2
831670,1
831670,2
831670,4
1129180,1
292570,1
1630940,1
1630940,2
1630940,4
1565760,1
1193900,1
1193900,3
1193900,4
3193060,1
3193060,2
1216470,1
746030,1
1091640,1
2145740,1
2145740,4
3169290,1
3169290,2
3396320,1
3396320,2
3396320,5
2234920,1
2234920,2
3262530,1
2178280,1
2178280,2
771070,1
771070,4
2511500,1
2511500,2
2511500,4
1924380,1
3134690,1
3134690,2
1785000,1
1785000,2
1779220,1
1779220,2
2670340,1
2670340,2
2670340,3
2670340,5
345130,1
2366230,1
2366230,2
2366230,3
2668240,1
1612920,1
360650,1
360650,2
360650,3
752200,1
252370,1
252370,2
252370,3
1917630,1
2781010,1
957150,1
2282010,1
2282010,2
2282010,3
2282010,4
1595600,1
1595600,2
1595600,4
2648150,1
2648150,4
2389480,1
1203620,1
1203620,2
1203620,5
2139510,1
2139510,2
2139510,3
2981750,1
2981750,4
3068440,1
1465070,1
1465070,2
1465070,3
708340,1
708340,5
1900930,1
1900930,3
778080,1
778080,2
778080,4
901020,1
901020,3
901020,4
1876410,1
1787190,1
1334120,1
1334120,3
1281480,1
1281480,3
1893210,1
1484660,1
1484660,4
2446700,1
1422130,1
1995870,1
1658870,1
1658870,3
2222240,1
847310,1
847310,2
847310,3
1280700,1
1838820,1
1838820,2
1629300,1
1629300,2
2632080,1
527990,1
527990,2
2834320,1
1938800,1
1867610,1
1654510,1
1654510,2
1369990,1
1369990,2
1481340,1
1481340,2
3377170,1
3377170,3
3377170,4
1978200,1
1978200,3
1978200,4
2710100,1
755600,1
755600,3
755600,5
1376940,1
1376940,2
1376940,3
1141330,1
1141330,2
2178310,1
2178310,2
910220,1
910220,2
1116030,1
1116030,4
714130,1
714130,2
714130,4
2961060,1
2581200,1
3287300,1
3287300,3
3287300,4
2884640,1
1053640,1
2867200,1
2867200,5
1423500,1
1423500,2
2472990,1
2472990,3
2472990,4
2796410,1
1373760,1
1014660,1
1014660,3
3424010,1
2195140,1
2195140,2
2195140,4
2417650,1
2417650,3
2417650,5
409000,1
1305190,1
1305190,2
1305190,3
1580640,1
1953220,1
1953220,3
1953220,4
1601100,1
1150690,1
1150690,3
1355880,1
1355880,3
2924890,1
2924890,4
740150,1
2204870,1
2204870,4
3018620,1
3318010,1
3318010,2
3318010,4
359800,1
359800,2
1026400,1
1026400,2
1026400,3
1026400,5
1054050,1
1054050,2
1054050,4
931310,1
931310,3
65800,1
1547070,1
1547070,4
1851090,1
745280,1
745280,2
696940,1
1176080,1
586680,1
586680,2
586680,3
1965800,1
1965800,3
1575830,1
1575830,2
590670,1
590670,2
1566990,1
592560,1
592560,2
592560,5
1142740,1
1142740,2
1142740,3
703080,1
453830,1
343440,1
343440,2
2935860,1
2935860,2
2884760,1
985400,1
985400,3
753560,1
1494500,1
1494500,2
808770,1
1507740,1
1507740,2
2150460,1
2150460,2
2927780,1
2927780,3
817160,1
1375120,1
3363390,1
1012830,1
1012830,3
1559460,1
1559460,2
341700,1
341700,3
432500,1
432500,5
867470,1
867470,2
2884070,1
379430,1
379430,2
379430,3
427250,1
903040,1
903040,2
1332250,1
786520,1
1565670,1
1565670,4
3191710,1
379760,1
2864100,1
2864100,3
1755350,1
1755350,2
2330400,1
2330400,4
548360,1
3341610,1
766250,1
766250,2
766250,4
1768790,1
1768790,2
3033500,1
3033500,2
3033500,3
3033500,4
397810,1
1622900,1
1622900,2
1921740,1
321890,1
1518030,1
1518030,2
2379470,1
2379470,2
1022130,1
446850,1
446850,4
645270,1
645270,2
2435690,1
2435690,2
2508210,1
2508210,4
2704710,1
2704710,2
2667240,1
2667240,2
1168820,1
3111730,1
3111730,3
1052330,1
1052330,3
1052330,4
786140,1
1006410,1
1752050,1
1752050,2
1752050,3
1752050,4
2805990,1
3065720,1
1644150,1
1644150,3
3075510,1
3075510,2
3028500,1
3004710,1
3004710,4
908710,1
908710,4
375030,1
375030,2
375030,3
375030,4
542850,1
542850,2
1061240,1
1061240,2
224820,1
224820,2
862150,1
862150,2
862150,3
3365130,1
2942420,1
569050,1
693070,1
2462610,1
3169210,1
3169210,2
2541210,1
2541210,2
2541210,5
2938060,1
2938060,4
758070,1
1220900,1
1220900,2
1220900,3
2841960,1
3100740,1
3100740,4
759160,1
350010,1
2197950,1
2749930,1
398670,1
398670,2
2469890,1
2469890,2
2469890,5
623080,1
623080,2
623080,4
349980,1
1332540,1
1332540,2
1332540,4
1167300,1
1167300,4
1352080,1
1352080,4
3385360,1
699370,1
699370,4
1581770,1
1581770,2
1581770,5
650940,1
650940,2
2956450,1
1389170,1
1389170,2
1389170,4
2892290,1
2868110,1
898440,1
898440,2
503400,1
455820,1
1491410,1
1331530,1
790130,1
790130,2
3035000,1
994750,1
994750,2
1263930,1
1050180,1
200170,1
2905370,1
2905370,2
2905370,3
1938260,1
1938260,3
1939140,1
350780,1
350780,2
350780,4
936970,1
2172470,1
2354830,1
2354830,2
2354830,3
2446510,1
2446510,2
2446510,3
2446510,5
1607250,1
1607250,4
1251380,1
1251380,5
888800,1
888800,2
888800,3
1116080,1
265470,1
265470,2
265470,5
1477700,1
3397800,1
3397800,2
3397800,3
916480,1
916480,2
1246930,1
1246930,4
2875480,1
2875480,2
1243530,1
1243530,4
2185870,1
1787960,1
396930,1
301250,1
301250,2
301250,4
1999430,1
1999430,2
1999430,4
2896210,1
2896210,3
2896210,4
227060,1
2925980,1
2925980,2
1473130,1
997730,1
997730,2
997730,3
395350,1
395350,2
2877260,1
2757520,1
2757520,2
2757520,3
2275020,1
348840,1
348840,3
868810,1
877550,1
3051280,1
474030,1
550740,1
550740,2
2787050,1
2787050,2
65980,1
447210,1
2905170,1
2432310,1
2432310,4
486320,1
1554080,1
3015610,1
3015610,2
2172870,1
2172870,2
2172870,4
1753110,1
1196400,1
1196400,2
1514930,1
2153950,1
1294810,1
2027970,1
2027970,3
2567730,1
2567730,4
418940,1
2564560,1
2564560,2
2564560,4
1969720,1
1969720,3
1969720,4
815170,1
815170,2
1113620,1
710520,1
2842070,1
2842070,2
779990,1
779990,2
1786640,1
1786640,4
312150,1
312150,2
2550020,1
2550020,2
2321970,1
1112230,1
1116650,1
1252580,1
1252580,2
2276180,1
1447490,1
1447490,2
1447490,4
2199380,1
3355750,1
3355750,4
1013570,1
1013570,2
1874010,1
2474700,1
2474700,2
2474700,4
3217590,1
2745560,1
2722880,1
1980590,1
1980590,2
797350,1
797350,2
797350,4
1397390,1
1397390,2
594050,1
594050,3
2910400,1
2910400,2
3042830,1
3042830,2
3042830,4
1377370,1
1377370,2
1377370,5
2644670,1
3220610,1
2258940,1
2258940,2
1931370,1
1931370,2
2567800,1
2567800,2
1600090,1
993690,1
2532700,1
2532700,4
431910,1
1389510,1
1389510,2
372980,1
1616540,1
1616540,2
2022380,1
2022380,2
2022380,3
3110270,1
3110270,4
3200480,1
3200480,3
2383080,1
2383080,4
1159240,1
1159240,2
3172590,1
3172590,3
489760,1
489760,2
1530150,1
1155730,1
1155730,3
1420320,1
1579250,1
1579250,2
1579250,3
1021860,1
1021860,2
1021860,4
1021860,5
1892220,1
1963900,1
1963900,2
1283140,1
1283140,5
1293220,1
1293220,2
1293220,4
1395000,1
1258140,1
2888200,1
904310,1
339190,1
2400880,1
921710,1
921710,2
921710,3
2895110,1
2895110,2
2985900,1
2985900,2
1017670,1
1017670,2
2387780,1
2387780,2
361420,1
2496720,1
2496720,4
2920780,1
2920780,2
2920780,4
1378370,1
520860,1
520860,3
2484990,1
2484990,2
1970010,1
2785120,1
2785120,3
427510,1
427510,5
1177400,1
1177400,2
1177400,3
478950,1
478950,2
1358590,1
2867370,1
2867370,2
2484280,1
778610,1
1574700,1
1574700,2
354180,1
354180,2
630360,1
1273110,1
1273110,4
2737430,1
3165510,1
3165510,4
2228340,1
2228340,3
512420,1
2641090,1
2641090,2
2641090,3
1391740,1
1773480,1
1773480,3
366220,1
366220,3
912790,1
1007560,1
1299820,1
1299820,4
1118390,1
1118390,3
3157790,1
3157790,4
2917620,1
1445240,1
1146330,1
1146330,2
1146330,5
1420850,1
1420850,2
1843900,1
1843900,2
1843900,3
2597360,1
2597360,3
502940,1
1140900,1
909370,1
760050,1
760050,3
414920,1
414920,2
723540,1
723540,3
3032610,1
3032610,3
1949670,1
1949670,2
1949670,3
1855270,1
1843750,1
1843750,4
1617450,1
2299510,1
2299510,4
663240,1
663240,2
663240,4
636010,1
636010,4
2888450,1
2888450,3
2779800,1
2779800,2
2779800,3
842080,1
842080,3
661270,1
661270,5
672010,1
672010,2
672010,3
672010,5
903790,1
903790,3
2827930,1
2827930,4
3440410,1
3440410,3
935350,1
935350,2
989160,1
577670,1
647280,1
647280,2
647280,4
1019820,1
1888800,1
1888800,2
2907150,1
2907150,2
2907150,4
539650,1
539650,2
539650,4
453470,1
453470,2
664610,1
1360870,1
1360870,2
1360870,3
1213220,1
1213220,2
1245080,1
1245080,4
1179580,1
1179580,3
1785470,1
321360,1
321360,2
892630,1
892630,3
892630,4
1960630,1
1960630,2
1960630,3
2556210,1
2556210,2
2556210,5
2765600,1
1770040,1
1561100,1
1561100,2
2257680,1
2257680,2
2257680,3
2257680,4
380570,1
876320,1
3054960,1
3054960,2
714970,1
545980,1
545980,3
3306150,1
3306150,2
1115830,1
1115830,5
1847130,1
945160,1
739690,1
739690,2
739690,3
752880,1
752880,2
1471730,1
896980,1
896980,2
1750540,1
636390,1
636390,3
636390,5
2639460,1
2639460,3
1441550,1
719280,1
3089710,1
3089710,2
3089710,4
356770,1
356770,2
1944640,1
2624100,1
1301580,1
1537970,1
2000760,1
742630,1
742630,2
650490,1
650490,5
1314270,1
1314270,2
1314270,5
363680,1
363680,2
363680,4
1782230,1
1929460,1
882460,1
882460,3
2657030,1
2657030,2
1285840,1
1285840,3
1285840,4
1471570,1
1471570,2
1471570,3
1750110,1
1750110,2
1419140,1
2248280,1
2248280,3
1601950,1
1601950,4
2388880,1
2388880,2
2388880,4
1367970,1
1189800,1
939520,1
1258620,1
1258620,4
568220,1
568220,2
568220,3
568220,5
2524340,1
2524340,2
2524340,3
3397450,1
3397450,2
1005530,1
1005530,3
2615120,1
2615120,2
2615120,4
754050,1
754050,2
1950920,1
1950920,3
432540,1
1524020,1
2523160,1
2523160,3
2007470,1
2209020,1
2209020,2
313700,1
814880,1
814880,3
814880,4
1924680,1
1924680,3
852450,1
852450,4
2646500,1
1276690,1
1276690,2
319250,1
2249440,1
259700,1
1914630,1
1914630,4
3091310,1
3091310,2
834210,1
834210,3
2561860,1
2797010,1
1564090,1
1015710,1
1770200,1
1770200,2
1770200,4
1057680,1
1057680,2
827280,1
1487100,1
1508410,1
1508410,2
2827950,1
571060,1
571060,2
571060,5
315610,1
315610,2
2361510,1
2361510,5
2445350,1
3056430,1
3056430,3
629220,1
2211790,1
1531650,1
1531650,2
3049980,1
3244610,1
3244610,2
548740,1
548740,2
578010,1
578010,2
1126710,1
1126710,2
1126710,4
823360,1
1937170,1
1937170,3
1406090,1
1406090,2
1406090,3
341720,1
341720,4
644160,1
644160,2
644160,3
946950,1
946950,3
903700,1
903700,3
1381640,1
941530,1
941530,5
2425160,1
2079120,1
2079120,4
2531550,1
3429410,1
3429410,3
611980,1
1509230,1
1509230,4
1153320,1
1153320,2
1173700,1
1173700,3
2892590,1
2892590,2
2886920,1
2886920,2
2141730,1
1554110,1
1554110,4
313480,1
313480,2
1433520,1
1045840,1
1446840,1
1519150,1
1519150,3
1519150,5
552120,1
552120,4
2644320,1
2644320,4
486500,1
790610,1
293720,1
293720,4
3319780,1
2444980,1
2444980,3
576740,1
576740,3
2920570,1
1885520,1
941580,1
2685900,1
2685900,2
2685900,3
1521920,1
1521920,3
3464180,1
1894370,1
3105620,1
3105620,2
260570,1
260570,4
1662210,1
1662210,2
1987060,1
1987060,2
1987060,3
1839860,1
1839860,3
618360,1
362620,1
362620,2
2022230,1
1505390,1
1505390,3
3306470,1
3306470,2
1396290,1
1396290,3
1222270,1
1222270,2
1222270,4
2361030,1
677850,1
2319870,1
2319870,2
610410,1
2393470,1
2244130,1
2286070,1
2286070,2
585420,1
585420,2
585420,5
1144400,1
1195430,1
1195430,2
2128050,1
2128050,4
49520,1
2495200,1
569610,1
448690,1
448690,2
1231770,1
1231770,2
1208490,1
1233030,1
1233030,2
1233030,4
511190,1
511190,2
2245330,1
1179500,1
1179500,4
2579540,1
2579540,3
533260,1
736230,1
865860,1
865860,4
392100,1
392100,2
1360890,1
1488620,1
665120,1
1455920,1
1455920,4
2781170,1
2781170,3
2627550,1
2627550,2
2022510,1
2022510,4
1254620,1
1436410,1
1436410,2
1436410,4
892490,1
760660,1
760660,4
2243710,1
2243710,5
1480650,1
1340310,1
959800,1
2182630,1
1442650,1
1442650,4
276730,1
276730,2
392110,1
392110,2
392110,5
1749840,1
1749840,2
1969790,1
1969790,2
1185730,1
1185730,3
3169070,1
3169070,2
876370,1
876370,2
876370,3
876370,4
2842540,1
2705800,1
2705800,2
1016970,1
485570,1
1573540,1
1752430,1
1054150,1
1054150,3
1054150,4
527960,1
3116190,1
3116190,2
3116190,3
1516940,1
1516940,2
1458680,1
1366280,1
1470940,1
1470940,3
1470940,4
2020490,1
2020490,2
1273620,1
1273620,2
1273620,3
2413750,1
1672140,1
1422790,1
1422790,2
726620,1
726620,4
726620,5
2703220,1
2703220,2
1202820,1
1202820,2
1433320,1
1433320,3
878420,1
878420,3
878420,4
2693350,1
2693350,2
2693350,4
418160,1
418160,2
418160,4
970220,1
970220,2
2984890,1
2984890,3
955610,1
955610,3
2460190,1
2534490,1
2534490,2
372960,1
2932880,1
464900,1
2784080,1
2784080,3
1549030,1
1549030,3
259810,1
2952820,1
810330,1
810330,2
290890,1
2506820,1
2633860,1
2633860,2
1271710,1
3188910,1
2997060,1
2325060,1
1869710,1
1836730,1
1162990,1
1162990,2
2544500,1
2544500,3
2513440,1
2513440,2
862130,1
862130,4
2289040,1
1778890,1
1778890,4
2343130,1
2343130,3
704670,1
2470610,1
595120,1
960070,1
2788330,1
1547430,1
1547430,4
1565650,1
1633430,1
1633430,2
1355370,1
870690,1
870690,2
760860,1
760860,5
1150820,1
1150820,2
703840,1
703840,4
364360,1
2753520,1
2753520,3
2753520,4
846850,1
400280,1
400280,3
400280,4
2636450,1
2636450,2
2636450,4
1782120,1
256190,1
256190,2
1771700,1
1771700,2
1771700,4
99410,1
99410,2
3087140,1
1293610,1
1293610,2
1293610,5
1044770,1
200020,1
1764730,1
1764730,3
1936860,1
1936860,2
1119790,1
1119790,3
1119790,5
2573530,1
3426550,1
3426550,2
1859120,1
1859120,2
3106340,1
3106340,2
900290,1
900290,2
1291100,1
1291100,4
1044460,1
1044460,3
2699670,1
2699670,2
299780,1
299780,4
1148650,1
1148650,4
1047610,1
1058410,1
1058410,2
1058410,4
1872920,1
1872920,2
2370950,1
2370950,3
1608220,1
1608220,2
499440,1
499440,2
544310,1
3141580,1
3141580,2
3141580,3
3202710,1
2222200,1
2222200,2
2546620,1
3004270,1
3004270,3
1774650,1
1774650,2
553570,1
553570,2
312540,1
312540,3
312540,4
2828770,1
2828770,4
1659270,1
1659270,3
1798670,1
1164040,1
1164040,3
1164040,4
700560,1
1057850,1
1057850,2
444480,1
444480,2
444480,3
444480,4
977840,1
977840,2
1112350,1
1112350,3
1112350,5
1615560,1
1615560,3
1398710,1
1398710,2
962950,1
962950,2
962950,3
962950,4
1363660,1
1311250,1
1740730,1
1249880,1
2318020,1
2318020,3
649660,1
503650,1
503650,4
549160,1
549160,3
549160,5
3102240,1
1300790,1
1300790,2
1196890,1
1196890,4
1425630,1
1425630,3
1425630,5
218020,1
479990,1
1943710,1
495820,1
495820,2
917880,1
917880,2
1014260,1
1014260,2
1014260,3
3189580,1
3189580,2
1197390,1
1197390,2
1275370,1
2687110,1
2687110,5
259080,1
2558520,1
2558520,4
333990,1
642580,1
642580,2
642580,3
1174890,1
1174890,2
1784580,1
543980,1
543980,2
1624990,1
352360,1
352360,2
352360,3
2562620,1
2322550,1
1052900,1
891870,1
891870,2
2582350,1
2582350,2
676540,1
676540,5
2334590,1
2334590,2
2334590,5
1306110,1
1306110,4
249190,1
249190,4
914320,1
914320,2
914320,4
2197680,1
648380,1
1241050,1
1571130,1
1571130,4
1571130,5
651520,1
651520,2
959410,1
959410,5
3469600,1
2006310,1
2337090,1
2337090,2
2337090,3
936180,1
1627750,1
1138290,1
1138290,2
625220,1
625220,2
625220,4
2892470,1
2892470,2
2892470,3
2892470,4
2371110,1
2371110,2
2371110,3
1644310,1
890910,1
890910,2
680330,1
680330,2
1278270,1
1278270,4
373800,1
1548640,1
1562440,1
1562440,2
1348800,1
1236620,1
2931920,1
2931920,3
2123430,1
2123430,5
1544730,1
1544730,2
1544730,4
1537820,1
1537820,3
1029860,1
1029860,2
1029860,4
1539710,1
1539710,2
1539710,4
508790,1
508790,2
508790,3
772210,1
772210,2
777670,1
777670,4
2718710,1
3468590,1
338320,1
338320,3
338320,4
2598030,1
2533060,1
893180,1
670020,1
670020,2
2250470,1
1621380,1
1621380,3
1380120,1
1380120,2
1380120,4
2930010,1
2930010,4
2778850,1
802650,1
802650,4
862800,1
862800,3
2557730,1
1583230,1
1583230,4
340810,1
340810,2
340810,4
2489010,1
2489010,2
2548400,1
2548400,2
831050,1
831050,2
1228790,1
1016610,1
1016610,3
1980400,1
1980400,2
1215310,1
1215310,2
2156610,1
1192410,1
1192410,2
1192410,5
380150,1
380150,2
464630,1
1867450,1
1867450,4
1492450,1
1492450,2
1419480,1
1269550,1
1269550,2
2136200,1
1773990,1
972420,1
972420,2
972420,3
1288170,1
1288170,2
717440,1
2959180,1
2959180,4
2329060,1
367780,1
367780,2
712060,1
712060,5
488950,1
2491030,1
2491030,2
2491030,3
3357870,1
3357870,4
639840,1
639840,2
762610,1
762610,2
3333110,1
3333110,2
2578250,1
2578250,2
1048420,1
1048420,2
2929590,1
2004180,1
2004180,2
717400,1
717400,2
1361060,1
1361060,2
1361060,4
1567860,1
1567860,2
599670,1
1269850,1
1269850,4
2200560,1
2543970,1
2543970,5
2639780,1
1584060,1
1584060,2
2742490,1
2742490,2
2498160,1
2498160,2
2498160,3
2670900,1
2670900,2
1490610,1
1490610,4
1207030,1
1207030,2
1207030,5
2769080,1
1159510,1
2755410,1
2755410,2
563190,1
563190,2
575330,1
575330,2
850550,1
850550,4
513330,1
513330,2
513330,5
3303320,1
2926950,1
2926950,2
2926950,4
3250240,1
2266920,1
503950,1
503950,3
3505880,1
3505880,2
2165400,1
2165400,2
2051080,1
2051080,2
2051080,4
2217910,1
1260770,1
1260770,2
2743220,1
485440,1
485440,3
2650030,1
761290,1
363050,1
363050,3
2142840,1
2142840,2
2142840,3
2142840,5
1908840,1
1908840,2
1908840,4
2092190,1
2092190,2
2092190,4
2494350,1
2354570,1
2354570,5
436530,1
436530,2
1369340,1
1369340,2
1127560,1
1136330,1
1136330,3
111300,1
200130,1
200130,2
2361860,1
2361860,3
1926120,1
1926120,2
963190,1
963190,2
2183780,1
2183780,4
2183780,5
2205230,1
268360,1
268360,3
268360,4
2347200,1
2347200,4
1202300,1
2469200,1
2469200,4
528940,1
1771070,1
1771070,3
3204460,1
1373980,1
1042530,1
3217300,1
1587880,1
386930,1
386930,2
386930,3
1542670,1
1542670,2
262450,1
262450,2
262450,4
3049900,1
3049900,2
1587350,1
589200,1
589200,2
589200,3
2205380,1
2205380,2
1356360,1
1356360,2
1356360,3
1248120,1
1248120,2
1365720,1
1365720,4
800680,1
800680,4
2314060,1
1495050,1
2850300,1
2850300,2
1575900,1
615590,1
615590,2
366960,1
3083090,1
656360,1
656360,3
521680,1
521680,4
791990,1
791990,2
262080,1
294670,1
294670,2
1325220,1
1325220,2
1564900,1
1564900,3
1564900,4
1000650,1
1040200,1
1040200,4
2604030,1
2604030,2
1956740,1
1956740,2
1956740,4
683430,1
785950,1
464240,1
464240,3
2223170,1
2223170,2
2223170,3
1573700,1
1573700,2
421060,1
421060,3
421060,4
2287070,1
2287070,4
2536500,1
2536500,2
1372460,1
676240,1
676240,2
676240,4
766780,1
1181830,1
1181830,3
1316310,1
2324060,1
2324060,4
1941840,1
1941840,4
2361570,1
2361570,3
2361570,5
2850860,1
2850860,2
2631520,1
2631520,2
1016920,1
682490,1
1220510,1
1757700,1
1757700,2
1600030,1
2461040,1
2364570,1
2364570,2
2471620,1
2471620,4
2471620,5
762110,1
762110,2
2499990,1
2499990,2
1329540,1
1329540,2
1030430,1
2187660,1
2187660,3
1045930,1
346160,1
346160,2
346160,3
346160,4
1584950,1
1584950,3
1584950,5
2758340,1
2758340,2
709370,1
709370,2
709370,5
332370,1
749920,1
749920,4
383020,1
383020,2
383020,3
383020,4
2242660,1
2242660,2
1381630,1
1381630,2
1381630,3
2373360,1
2373360,3
2373360,4
1406270,1
1406270,3
824260,1
1948210,1
1948210,3
1909790,1
357840,1
2939670,1
2939670,4
1571210,1
1571210,3
1571210,4
716680,1
1878580,1
1878580,2
1878580,5
731760,1
731760,2
3030000,1
409580,1
550320,1
3051910,1
615350,1
615350,2
615350,4
591140,1
591140,2
591140,3
2408090,1
820300,1
820300,4
1219170,1
1219170,4
1864850,1
1864850,2
297000,1
3018680,1
3018680,2
370050,1
370050,2
370050,3
3225520,1
3225520,3
1492540,1
1492540,4
2888660,1
2888660,2
1159560,1
1159560,2
517630,1
517630,2
1851320,1
1573720,1
1573720,3
1573720,4
446440,1
446440,5
2803110,1
2509290,1
2509290,2
2509290,3
1056960,1
1056960,2
1056960,4
1905040,1
1905040,2
1869600,1
336060,1
462100,1
462100,2
1205800,1
1205800,2
1205800,3
410390,1
993780,1
993780,2
3081260,1
3081260,4
1030360,1
1030360,2
1030360,4
1864210,1
1864210,2
1509710,1
1509710,4
776830,1
776830,3
2418740,1
1908260,1
342860,1
987840,1
987840,2
716090,1
812560,1
812560,3
812560,4
444520,1
444520,2
1412580,1
1438100,1
581590,1
1879330,1
1879330,2
1879330,3
795480,1
795480,3
795480,4
865100,1
556960,1
556960,2
1876000,1
1876000,2
3460190,1
3460190,2
328760,1
906160,1
906160,2
906160,3
906160,4
1130410,1
1130410,2
1130410,3
2356140,1
2168150,1
784150,1
784150,5
1990790,1
1990790,3
1990790,4
1949980,1
1949980,2
444170,1
1458000,1
3337050,1
3337050,2
3337050,4
1004780,1
1004780,2
1004780,3
2809030,1
2846060,1
2846060,2
2527690,1
2527690,4
1379470,1
1379470,2
1574910,1
1574910,2
1604420,1
1604420,4
1538470,1
3176820,1
1963060,1
1412120,1
1412120,3
596140,1
596140,2
2335970,1
2335970,2
2207050,1
3022780,1
3022780,2
3022780,4
828070,1
828070,2
828070,4
1453280,1
1453280,2
1453280,4
1257660,1
1257660,2
2448930,1
740340,1
740340,2
740340,3
2972780,1
955030,1
617030,1
617030,3
736590,1
736590,3
290000,1
290000,2
280930,1
280930,2
1234890,1
1234890,3
302130,1
749960,1
2274610,1
1047240,1
1047240,2
2312510,1
2005400,1
2005400,2
776000,1
1397470,1
3045770,1
3045770,2
2753830,1
1565500,1
1565500,2
1495800,1
1495800,2
2249080,1
2257360,1
2257360,2
2257360,3
1500660,1
2619220,1
2619220,2
1561850,1
1561850,2
2115710,1
2115710,2
1263350,1
1263350,2
3036610,1
1370510,1
365300,1
365300,2
703300,1
921570,1
921570,4
2685670,1
2685670,3
1393610,1
1393610,3
1393610,4
1293860,1
1293860,3
574270,1
574270,2
359320,1
559030,1
559030,2
1494050,1
1494050,2
1736760,1
1736760,4
1244830,1
781290,1
2529830,1
2529830,2
2529830,3
3409800,1
3409800,4
1888440,1
401360,1
401360,2
1921950,1
1921950,3
1921950,4
2954260,1
2954260,3
2954260,4
2676190,1
2676190,2
362680,1
362680,2
2293700,1
2293700,2
2233370,1
2233370,3
1928290,1
1928290,2
1928290,3
2972120,1
2972120,2
2892230,1
2892230,3
2290190,1
773620,1
773620,2
1032230,1
1032230,2
1032230,3
428750,1
3292220,1
3292220,3
2833960,1
2618370,1
2618370,2
2780880,1
2780880,4
2780880,5
2615410,1
2615410,3
2123390,1
2123390,3
650780,1
650780,4
3395530,1
3395530,2
3395530,3
374950,1
454160,1
454160,3
454160,4
3335170,1
2670700,1
2670700,2
2443030,1
2443030,2
2443030,4
992750,1
711390,1
907180,1
2122830,1
1611360,1
2780590,1
1653980,1
2424240,1
1354800,1
1354800,4
1960190,1
786110,1
786110,2
791180,1
1464910,1
1464910,2
1464910,3
2261150,1
2261150,2
2261150,4
335050,1
2544090,1
2544090,2
2544090,3
1863250,1
1863250,2
2426830,1
727020,1
727020,3
3490190,1
3490190,2
3490190,4
1458900,1
1458900,2
906470,1
906470,2
3091150,1
3091150,3
3091150,4
1858090,1
1858090,3
1858090,4
2624050,1
2624050,3
2573490,1
2573490,2
1334290,1
1413670,1
2573260,1
2573260,2
2573260,3
1758200,1
1758200,2
739190,1
739190,4
2758210,1
1972230,1
261640,1
1653890,1
1653890,2
1653890,3
1653890,4
1509180,1
1509180,2
1509180,3
809500,1
372930,1
372930,2
372930,3
372930,4
709410,1
592580,1
2136470,1
2136470,3
3211360,1
3211360,2
313400,1
367580,1
367580,3
2660840,1
2660840,2
2660840,4
779150,1
779150,2
3150150,1
3150150,3
800050,1
1191700,1
1191700,2
853940,1
2356050,1
3250720,1
3250720,2
3250720,3
2487110,1
2487110,2
768460,1
1479340,1
1479340,2
1016250,1
741010,1
1522660,1
1522660,2
1522660,3
312840,1
312840,2
748600,1
748600,2
1202570,1
1493760,1
1493760,2
2655720,1
2655720,3
2655720,4
359600,1
1761260,1
1240840,1
1367980,1
1367980,2
1367980,3
1426050,1
1426050,2
1426050,4
2300270,1
2300270,2
2323080,1
2323080,2
1866430,1
2828890,1
2828890,2
2828890,3
432720,1
432720,2
432720,4
1918710,1
1918710,4
90200,1
90200,2
90200,3
90200,4
280320,1
929280,1
929280,3
242940,1
761770,1
2010740,1
2010740,2
2364660,1
2364660,2
2364660,4
1546570,1
1195560,1
1195560,2
1519690,1
1519690,2
854670,1
854670,2
854670,5
816090,1
816090,2
2997980,1
2686110,1
2686110,3
527310,1
2184640,1
2184640,2
1433570,1
1433570,3
576420,1
576420,3
959260,1
959260,2
959260,4
1003190,1
3124740,1
924460,1
924460,2
1746150,1
1746150,3
1746150,4
1626350,1
1626350,4
2248950,1
2535820,1
2535820,2
1430240,1
1430240,2
2880990,1
2880990,4
3025290,1
3025290,2
756530,1
756530,2
756530,4
377870,1
377870,2
377870,3
2710380,1
2710380,2
563490,1
563490,2
563490,3
2530170,1
2530170,3
1614030,1
493770,1
493770,3
1370410,1
1370410,2
427910,1
427910,2
2010700,1
2010700,2
2866550,1
2866550,2
434960,1
434960,2
434960,4
1284540,1
773490,1
773490,2
1856210,1
1856210,2
42220,1
42220,3
1437270,1
2884740,1
2846810,1
1675020,1
1675020,4
907310,1
907310,2
907310,3
907310,4
616700,1
616700,3
587480,1
587480,5
301200,1
301200,4
3196460,1
1224650,1
1004860,1
3047290,1
3047290,4
1509830,1
1509830,2
1947660,1
1947660,2
1947660,5
2135630,1
2135630,3
2135630,4
1063860,1
3105180,1
3105180,2
1042170,1
1042170,2
2200270,1
2200270,2
2200270,5
443650,1
1050580,1
1050580,2
1050580,4
421610,1
3013980,1
3013980,2
2120310,1
2116790,1
2116790,2
946000,1
3078570,1
2918190,1
2918190,2
2918190,3
2840890,1
2840890,2
2840890,3
893900,1
1624850,1
1624850,2
1624850,3
351030,1
1566410,1
2749000,1
1228490,1
873960,1
873960,2
491930,1
224000,1
224000,2
224000,3
1281920,1
1281920,2
878620,1
878620,3
1979610,1
1979610,3
2350190,1
2350190,2
222160,1
885810,1
885810,5
2146760,1
2146760,3
403090,1
403090,2
3110220,1
3110220,3
1503480,1
2772830,1
2670550,1
625040,1
625040,4
259720,1
259720,2
511690,1
511690,4
1046560,1
1046560,2
1046560,4
516120,1
695720,1
1869200,1
1869200,4
3385440,1
674900,1
763730,1
763730,2
763730,4
777270,1
777270,2
777270,5
932570,1
932570,3
932570,4
932570,5
1787080,1
2004650,1
2004650,2
2004650,4
679740,1
679740,2
679740,3
1908770,1
1908770,2
2149190,1
2149190,2
2719650,1
2719650,4
2180570,1
1565710,1
2891250,1
2208950,1
613350,1
668780,1
1790840,1
1790840,3
951070,1
951070,4
869370,1
869370,2
3283830,1
3283830,2
3283830,4
1273320,1
3409940,1
3409940,4
823940,1
823940,5
233110,1
3316860,1
2173530,1
2173530,2
2492370,1
2979020,1
1185960,1
1185960,3
367140,1
731690,1
731690,3
2484230,1
2484230,3
2019380,1
2324700,1
2324700,4
2969140,1
2969140,2
907780,1
907780,2
1392410,1
1392410,3
3245030,1
3245030,2
3245030,4
1329190,1
2206230,1
2206230,3
467390,1
1988810,1
1988810,2
411610,1
491530,1
1515730,1
1515730,2
577580,1
1949890,1
1949890,3
2755320,1
1442840,1
1442840,2
1389180,1
1389180,2
1389180,3
2607990,1
2607990,2
2607990,3
2300850,1
2300850,2
2300850,4
664650,1
664650,2
673830,1
673830,3
2752710,1
2752710,2
2752710,4
2280970,1
1272840,1
1418990,1
1418990,2
1632230,1
1632230,5
1158150,1
1158150,2
314500,1
2467840,1
2467840,3
656300,1
656300,2
971180,1
979480,1
2732730,1
2732730,3
2732730,4
469720,1
469720,4
868430,1
788720,1
788720,2
375120,1
375120,2
375120,4
2150950,1
1613820,1
1613820,5
1293370,1
1293370,2
1293370,4
326950,1
1142810,1
1142810,3
457670,1
640860,1
640860,4
1471600,1
979740,1
979740,2
2143700,1
2143700,2
2801010,1
2801010,2
528720,1
1432650,1
1432650,3
887550,1
2285880,1
1961250,1
1291740,1
412660,1
412660,2
629400,1
757310,1
812140,1
812140,2
812140,4
1459890,1
1459890,2
1459890,3
1459890,5
1118850,1
1118850,2
1118850,3
1767310,1
431370,1
431370,2
823470,1
823470,3
2433320,1
2433320,2
1973700,1
1973700,2
1547030,1
1547030,2
407880,1
407880,2
407880,4
2316070,1
1612770,1
1612770,4
978790,1
978790,3
758530,1
758530,5
1973470,1
2796040,1
2796040,2
1644320,1
705620,1
705620,4
765780,1
765780,2
2682800,1
1584300,1
1584300,2
1584300,3
3098700,1
3098700,2
887530,1
922820,1
3318380,1
2940490,1
2305940,1
3254320,1
3254320,2
1212480,1
2228450,1
2228450,2
536990,1
2783860,1
1946140,1
2226890,1
2226890,2
958850,1
958850,3
958850,4
2147340,1
548840,1
3064480,1
660030,1
660030,2
660030,3
2685600,1
2685600,2
464440,1
1779940,1
3070830,1
3070830,2
2936130,1
929570,1
929570,2
1559570,1
1348380,1
1348380,3
1335020,1
1001390,1
3342270,1
3342270,2
582550,1
582550,2
582550,4
807060,1
807060,2
2473030,1
320410,1
320410,2
320410,4
1139880,1
1139880,2
1139880,5
1856910,1
2719920,1
2719920,2
1883580,1
1883580,3
1883580,4
2318830,1
951440,1
951440,2
1482400,1
1482400,4
432130,1
2233590,1
2233590,4
2005630,1
2741820,1
2741820,2
3291130,1
2709800,1
2708470,1
2708470,2
2563960,1
2563960,2
805760,1
805760,3
2727970,1
2727970,3
2727970,4
448670,1
448670,2
3299230,1
3193800,1
3193800,2
1998680,1
1998680,2
1998680,4
2053080,1
2053080,3
2053080,4
2897450,1
2956200,1
833010,1
833010,2
833010,5
2138270,1
2138270,4
2155060,1
2155060,2
2155060,3
3033810,1
3033810,4
3294370,1
439550,1
604830,1
604830,3
2201230,1
2258290,1
2258290,3
1419110,1
1919540,1
1919540,2
2125120,1
1466610,1
1466610,3
1462200,1
1462200,3
2069310,1
429020,1
1204940,1
1204940,2
2290320,1
2290320,3
2450250,1
1439010,1
1439010,2
1276130,1
1276130,3
1254770,1
1254770,3
1007980,1
386600,1
386600,2
386600,3
1289850,1
1289850,2
1113850,1
589460,1
589460,2
589460,4
2712340,1
2712340,2
2712340,3
352210,1
2925690,1
2925690,2
1841100,1
1841100,2
2286780,1
2286780,3
1290880,1
1621200,1
1590500,1
1590500,2
1590500,3
1590500,4
1197620,1
1197620,2
1197620,3
453990,1
3069490,1
3069490,2
3069490,4
726870,1
726870,2
1340410,1
1340410,3
2508630,1
2508630,2
2508630,5
2656330,1
3115010,1
3115010,3
2204360,1
2204360,4
3310890,1
3310890,3
3310890,4
1431950,1
1431950,2
1431950,5
2195720,1
2195720,4
205080,1
205080,2
1964800,1
1964800,4
2459150,1
2250520,1
2250520,2
2804020,1
913270,1
913270,2
913270,3
985800,1
985800,3
2316860,1
2316860,2
474750,1
474750,2
2191310,1
2191310,2
2191310,4
1928800,1
1928800,2
864790,1
1893350,1
1893350,2
1049420,1
1049420,2
2238320,1
2238320,4
1871740,1
1871740,3
2544120,1
2544120,3
1503670,1
396320,1
396320,2
396320,3
396320,4
2420240,1
2420240,2
1653970,1
1653970,2
1494110,1
2123310,1
3007240,1
3007240,4
703500,1
230650,1
230650,3
1941360,1
533630,1
533630,2
2825310,1
2825310,3
1552090,1
2064650,1
2064650,2
829610,1
829610,2
1901620,1
1901620,5
2521240,1
2521240,2
1316530,1
1316530,2
1316530,3
1316530,5
703980,1
703980,2
703980,3
1780480,1
1780480,3
1780480,4
3362320,1
3362320,2
1956820,1
1956820,2
815150,1
3513970,1
3513970,2
1785440,1
1785440,3
1785440,4
2870710,1
2870710,2
402570,1
644660,1
576430,1
1031110,1
2897510,1
2897510,2
471550,1
3034970,1
3034970,2
3034970,3
1042820,1
624050,1
624050,2
624050,3
1374640,1
1374640,2
1374640,3
331400,1
2674990,1
2027180,1
2027180,3
3174720,1
3174720,2
1748260,1
1748260,3
1380290,1
2262610,1
2262610,4
1772070,1
1772070,2
1772070,3
3156400,1
1042330,1
2737810,1
2502750,1
2502750,3
931260,1
931260,2
2487640,1
2487640,2
2570450,1
2570450,2
3259210,1
3259210,2
509980,1
1140350,1
3069900,1
3069900,5
1162570,1
1162570,4
1162570,5
2914740,1
2914740,3
2914740,4
1947090,1
1947090,2
1947090,3
1443650,1
1443650,3
2571290,1
2571290,2
2571290,4
3152660,1
2863530,1
2691430,1
1292500,1
670950,1
670950,2
1243790,1
1243790,2
1243790,3
1939350,1
1939350,5
2805630,1
2805630,4
330720,1
772450,1
772450,3
1566580,1
1612900,1
3338140,1
2169700,1
359940,1
359940,2
3213220,1
3213220,2
2559060,1
2017610,1
2211440,1
1467190,1
1467190,2
1467190,3
2225210,1
2458860,1
2458860,2
2435710,1
2435710,2
1015520,1
1015520,2
1015520,3
1015520,4
1545430,1
1540570,1
1540570,2
2744410,1
1988830,1
1988830,4
2260310,1
2260310,3
1023390,1
1023390,3
1189070,1
1189070,2
1206380,1
945880,1
945880,2
463320,1
463320,4
1040720,1
1582760,1
917140,1
917140,3
1122760,1
3045330,1
3045330,2
1959960,1
1145970,1
1145970,2
1145970,3
1394330,1
763220,1
763220,2
763220,3
760360,1
760360,2
1624890,1
1624890,2
2433400,1
1403590,1
1403590,2
540590,1
823580,1
823580,3
2559470,1
1938690,1
1938690,2
1938690,4
1120690,1
1120690,2
2132690,1
2132690,3
2682810,1
2682810,5
3066440,1
3066440,2
1920950,1
1920950,4
1920950,5
2272710,1
2272710,3
741820,1
741820,2
1525620,1
931700,1
931700,2
931700,3
1342790,1
2010920,1
2010920,2
1840810,1
238750,1
238750,3
3221420,1
3221420,2
3221420,4
3053200,1
3053200,3
871940,1
871940,2
1193210,1
370660,1
370660,2
772460,1
352290,1
3182750,1
3182750,2
431540,1
431540,5
1458880,1
425670,1
523180,1
523180,2
1142360,1
1975520,1
1975520,5
416720,1
3100500,1
2174370,1
2174370,2
2174370,3
2462380,1
689050,1
2969320,1
1060450,1
1060450,2
2055600,1
1878190,1
365850,1
365850,2
893490,1
893490,3
373120,1
1308360,1
1768030,1
1768030,2
1768030,3
885570,1
2231560,1
2231560,2
2231560,3
2219190,1
1174090,1
1174090,3
1869880,1
1869880,2
1511780,1
1511780,2
929180,1
405820,1
405820,2
1122980,1
1122980,2
1122980,3
2299400,1
289650,1
289650,2
289650,3
1151600,1
3089280,1
3089280,3
2727770,1
2727770,2
2727770,5
1203140,1
2366060,1
2366060,2
1423420,1
1052030,1
1052030,2
2283200,1
1159960,1
1159960,3
2387290,1
1334200,1
337220,1
337220,2
337220,3
1222040,1
387890,1
409320,1
409320,2
409320,3
2776480,1
2776480,2
1523010,1
2531930,1
2531930,3
2531930,5
1427920,1
1427920,4
2195190,1
2195190,2
3207440,1
3207440,2
3207440,3
811040,1
811040,2
811040,3
202690,1
1884380,1
1884380,3
2774980,1
2774980,2
3003580,1
3003580,5
3349830,1
3349830,2
3349830,3
497450,1
497450,2
497450,5
2420590,1
2420590,2
3442760,1
3442760,3
3162110,1
667060,1
3165230,1
1195420,1
600260,1
987780,1
987780,2
611140,1
611140,2
611140,4
896960,1
896960,2
1777090,1
1777090,3
485610,1
2131630,1
960800,1
960800,2
2538390,1
2538390,2
1983000,1
1983000,3
288100,1
288100,2
288100,4
3318760,1
3318760,4
2472970,1
2191080,1
1150580,1
267220,1
267220,2
1026760,1
1026760,2
1026760,3
814200,1
814200,4
814200,5
2798340,1
2798340,2
2798340,4
3348100,1
2702110,1
712230,1
712230,2
712230,3
2628570,1
2628570,2
1238470,1
1238470,2
1238470,4
411390,1
411390,2
411390,3
517930,1
3295890,1
3257260,1
849000,1
1043790,1
1043790,2
1043790,3
3126440,1
3126440,2
1205640,1
1205640,3
2215330,1
697660,1
1270970,1
1270970,3
2240790,1
2240790,2
1252010,1
1252010,3
3316210,1
3316210,2
2738740,1
2738740,2
3219660,1
531930,1
531930,2
531930,4
3329730,1
3329730,2
3329730,3
341710,1
341710,2
1630960,1
1630960,2
3318810,1
3318810,4
2790790,1
2612680,1
2612680,3
2340280,1
3103340,1
3103340,2
3103340,3
1156680,1
2816400,1
2816400,2
2816400,4
1193780,1
1193780,2
2753720,1
688500,1
1274360,1
1274360,3
1274360,4
2420230,1
2534780,1
3259470,1
2280630,1
1273150,1
1273150,2
1431570,1
3057760,1
3057760,2
1437520,1
757780,1
3188830,1
2959940,1
2959940,4
2239340,1
2239340,2
1419190,1
1419190,3
2481890,1
1442300,1
1442300,3
2906390,1
2906390,2
1354970,1
450120,1
440410,1
2126340,1
1310840,1
1310840,2
2750080,1
571530,1
571530,3
565730,1
547210,1
547210,2
547210,3
547210,4
298840,1
298840,3
248370,1
248370,3
1491530,1
1491530,2
1491530,4
544380,1
544380,3
1896750,1
1896750,2
1896750,3
1636360,1
1636360,2
1636360,4
3223760,1
759540,1
759540,2
2284270,1
2284270,2
2284270,5
1978650,1
3332530,1
3332530,2
1753100,1
2406200,1
2406200,3
997180,1
997180,2
997180,3
1421120,1
1421120,2
1421120,3
596260,1
596260,2
534910,1
887800,1
887800,4
818760,1
818760,2
563370,1
563370,2
2540800,1
2540800,2
3501470,1
1751470,1
1751470,2
761910,1
761910,2
1992260,1
1992260,2
1518360,1
1253400,1
1253400,2
429580,1
1124630,1
1124630,3
1124630,5
1961970,1
1961970,3
2384310,1
2384310,2
2384310,5
1337930,1
1337930,2
2228330,1
3015230,1
3015230,2
3015230,5
2719270,1
2541590,1
2541590,2
3428660,1
818890,1
1902350,1
1902350,2
2135210,1
629520,1
1841230,1
1841230,2
476920,1
476920,2
1974320,1
1974320,2
1974320,5
846770,1
846770,2
441380,1
441380,3
1533970,1
742360,1
742360,2
2068080,1
2068080,2
1249680,1
1249680,2
1123450,1
1123450,2
1123450,5
1917840,1
1137220,1
1137220,3
1167950,1
2858270,1
890890,1
1917310,1
1917310,3
1193120,1
501990,1
2457350,1
2457350,2
773930,1
773930,2
773930,3
1875830,1
1875830,2
1346280,1
3214570,1
3214570,5
1224470,1
1224470,2
1224470,3
1224470,4
1153170,1
2396320,1
2396320,2
2396320,3
2655610,1
564100,1
2485620,1
2485620,2
3338550,1
3338550,4
1960890,1
1790330,1
1790330,2
1790330,5
2332680,1
1929210,1
1929210,3
2489850,1
2489850,2
2489850,5
1210670,1
1210670,2
1299660,1
1299660,2
1509010,1
1509010,4
799660,1
799660,3
1948240,1
2159450,1
1622610,1
1622610,3
3068400,1
3068400,4
2186530,1
3378260,1
3065880,1
3065880,3
816160,1
2787610,1
2787610,3
2787610,4
3162780,1
3162780,3
3162780,4
1762510,1
1762510,2
1762510,4
1193460,1
1193460,2
366050,1
366050,4
655790,1
655790,2
655790,3
1475430,1
2655840,1
2655840,2
2655840,5
2437750,1
2437750,2
2434300,1
2321420,1
2321420,2
669320,1
669320,2
3423500,1
3423500,2
3423500,5
1282740,1
1282740,2
1282740,3
1282740,4
922870,1
2442460,1
1500310,1
1500310,2
2295930,1
777410,1
777410,3
2148930,1
2148930,2
1477790,1
1477790,5
692680,1
692680,2
1455230,1
1455230,2
1455230,3
2445910,1
1631960,1
1631960,2
1631960,4
565140,1
565140,2
565140,4
1155470,1
1155470,3
637670,1
637670,4
2306250,1
1392790,1
1042310,1
1042310,4
2228710,1
1478440,1
1478440,2
727030,1
727030,4
2450430,1
1002920,1
1002920,3
1740180,1
955840,1
955840,2
955840,3
2938350,1
2938350,2
2938350,3
3308040,1
3308040,2
3308040,4
1873180,1
665040,1
665040,2
1957750,1
1957750,3
465750,1
1389830,1
40970,1
531480,1
950360,1
950360,2
2821850,1
2821850,3
213670,1
213670,2
213670,4
1609570,1
1609570,3
1571880,1
1571880,2
419810,1
419810,2
1489610,1
1867930,1
1302750,1
1302750,2
968200,1
968200,2
1567830,1
941710,1
941710,2
941710,3
2183120,1
2183120,2
2843600,1
2843600,3
2565470,1
2565470,2
1538850,1
1544540,1
2154790,1
868360,1
868360,2
612110,1
612110,3
2732630,1
250580,1
649570,1
1329080,1
1329080,3
1132410,1
1132410,3
3259650,1
3259650,2
3259650,3
1594410,1
1594410,3
2980150,1
2980150,3
1908180,1
1908180,2
1908180,3
1548090,1
1548090,3
3403720,1
3403720,4
1566690,1
1566690,4
1637670,1
1637670,2
1867580,1
1867580,4
3085680,1
809570,1
809570,2
2841730,1
2901340,1
2380720,1
805920,1
805920,2
2900830,1
1847120,1
1847120,3
681000,1
681000,2
681000,3
444330,1
3140980,1
3140980,2
758210,1
758210,2
758210,5
3133390,1
3133390,4
3133390,5
2307150,1
2307150,2
2307150,4
3296110,1
3296110,3
3296110,5
1634980,1
224040,1
224040,2
224040,4
314020,1
314020,2
1786150,1
1786150,2
2583280,1
2583280,2
1745170,1
1745170,2
1034270,1
1034270,2
2827910,1
2827910,2
767300,1
767300,2
618050,1
618050,2
618050,3
1992590,1
1050730,1
1050730,4
2073250,1
1375260,1
1375260,2
1375260,4
2815590,1
2815590,2
2407620,1
2407620,4
1482090,1
1482090,3
1585640,1
1585640,2
1585640,5
1150040,1
1150040,2
1227150,1
2883890,1
2883890,4
1610820,1
1610820,4
1484140,1
1484140,2
1989920,1
1989920,3
1260170,1
2185850,1
1294380,1
1059850,1
462570,1
2683510,1
1964420,1
1964420,2
1143440,1
1188990,1
1188990,2
1120310,1
1120310,2
1120310,3
2476020,1
2476020,2
2476020,3
1783150,1
1783150,2
1783150,5
718270,1
718270,3
464120,1
464120,4
1060300,1
1060300,3
1060300,4
2737820,1
2737820,2
2591410,1
2591410,2
2748600,1
2748600,2
2281730,1
2281730,2
449560,1
3208770,1
3208770,2
1015120,1
1015120,3
200390,1
1295860,1
1295860,3
1295860,4
2349200,1
587000,1
587000,2
1974520,1
1974520,2
1994850,1
1994850,3
677880,1
677880,2
677880,4
2315400,1
2181940,1
440880,1
440880,2
440880,5
1524750,1
1524750,2
1524750,4
2372490,1
2372490,2
2372490,5
2342210,1
432330,1
432330,3
2647960,1
2647960,3
2647960,4
2599130,1
2599130,2
2462090,1
2462090,2
1440940,1
1440940,2
1440940,3
1924350,1
1924350,4
2533960,1
2533960,2
2533960,4
312900,1
1933670,1
592570,1
592570,2
819090,1
819090,2
1368410,1
1368410,4
1129410,1
1129410,2
1129410,3
977830,1
91200,1
91200,2
91200,3
2023180,1
2023180,2
1214470,1
1214470,2
1361700,1
1361700,4
1305660,1
1305660,4
3177130,1
558420,1
2844500,1
2844500,3
3515280,1
3515280,2
1159450,1
1159450,4
898830,1
898830,2
2848160,1
2848160,2
1942000,1
780260,1
1598540,1
1598540,2
1167170,1
1167170,2
3244200,1
3244200,2
715010,1
458360,1
458360,2
458360,3
2729390,1
3297310,1
515900,1
2423470,1
2423470,5
1045130,1
1045130,2
1045130,5
1028900,1
1028900,3
1154560,1
1154560,2
1154560,3
2500240,1
1052470,1
3030490,1
3030490,2
2004440,1
24800,1
770380,1
3210900,1
3210900,2
806610,1
806610,2
3238160,1
2715370,1
421700,1
421700,2
707400,1
1575940,1
2334390,1
3055380,1
994290,1
3119780,1
411310,1
411310,2
1301310,1
1301310,2
767980,1
2190760,1
2190760,2
2252820,1
2252820,2
1044300,1
3234030,1
3234030,2
2402450,1
2275720,1
2275720,2
2220710,1
2524530,1
2524530,3
1947940,1
1947940,3
2532770,1
2532770,2
2532770,4
631810,1
631810,3
959380,1
959380,2
3331860,1
3331860,5
1992640,1
2524180,1
3207250,1
3207250,2
3207250,3
1502970,1
1502970,2
1502970,4
3495810,1
3495810,2
2289400,1
2289400,2
2289400,3
1504910,1
1620720,1
1565910,1
1406280,1
1406280,5
2711600,1
2711600,2
2177450,1
2177450,4
865040,1
865040,2
1136380,1
1136380,2
3009820,1
2805040,1
2805040,2
1646880,1
1646880,4
572570,1
2632890,1
2632890,5
2195780,1
633150,1
3074380,1
3074380,2
3074380,3
545340,1
545340,2
3208060,1
3208060,2
3208060,4
2658960,1
264710,1
2453060,1
779730,1
779730,2
779730,5
252010,1
252010,2
252010,3
2467800,1
2467800,2
2361040,1
2667020,1
2667020,2
2667020,4
307190,1
307190,4
448230,1
448230,3
1979410,1
1979410,4
2156150,1
2156150,2
2495670,1
2495670,2
2495670,5
2010240,1
2010240,2
2010240,4
1486120,1
1906830,1
1880670,1
1880670,2
1376020,1
1376020,5
1596380,1
1035790,1
1502660,1
1502660,2
1985360,1
1985360,2
2572360,1
2572360,2
1537700,1
1537700,2
2388980,1
2388980,2
1037150,1
1037150,2
1037150,3
2465670,1
268240,1
1434510,1
1434510,4
2596330,1
2596330,2
958490,1
958490,3
3249320,1
3249320,2
2318590,1
296890,1
2558580,1
2558580,2
2367280,1
1779590,1
2859450,1
1879730,1
805590,1
2599770,1
2599770,3
1202250,1
1202250,4
2131430,1
2131430,2
690840,1
1623960,1
1623960,2
2675420,1
1263740,1
1263740,2
1263740,3
318430,1
318430,2
2537380,1
2537380,4
834450,1
834450,3
809840,1
865540,1
865540,3
2193870,1
730460,1
730460,3
730460,4
2796450,1
2796450,2
2796450,4
2807360,1
2807360,2
201420,1
3054260,1
3054260,4
2149880,1
2149880,2
3107330,1
388450,1
388450,2
1813430,1
510320,1
510320,4
2365810,1
2748170,1
1852660,1
518150,1
518150,4
1836850,1
2152780,1
2152780,2
2152780,4
2195150,1
2195150,2
2195150,3
339580,1
339580,2
339580,3
2819630,1
2819630,2
2181060,1
2181060,3
2181060,4
1990880,1
476600,1
2201160,1
2782600,1
1037950,1
2263490,1
2263490,4
589870,1
589870,2
3350340,1
1061910,1
1061910,2
2546170,1
2177060,1
2177060,5
637310,1
637310,3
3414470,1
231740,1
231740,2
231740,3
858440,1
858440,2
1001590,1
1001590,4
2689880,1
2689880,2
2718570,1
2718570,2
2718570,3
2718570,4
1057220,1
2004360,1
499420,1
330350,1
330350,3
2711200,1
2005290,1
2005290,2
1028830,1
1028830,4
1367270,1
588490,1
588490,2
1517340,1
1517340,2
2978600,1
2978600,4
2096620,1
375550,1
2372110,1
2372110,2
1985610,1
1985610,2
1400360,1
1400360,3
1977840,1
3145070,1
3145070,2
3145070,4
1912330,1
1912330,5
3170730,1
2526670,1
2526670,2
3271360,1
3271360,2
2947830,1
613620,1
613620,2
613620,3
1486840,1
1486840,2
841120,1
841120,3
318740,1
318740,2
2609430,1
2609430,2
2744510,1
1267910,1
1267910,3
509960,1
509960,2
1151100,1
1151100,2
2792160,1
886470,1
886470,2
886470,3
2125900,1
1362120,1
1362120,2
424260,1
424260,4
2537750,1
2537750,2
1650740,1
1650740,2
1650740,4
1912340,1
1912340,2
1912340,4
446550,1
446550,2
210770,1
210770,4
1007470,1
1007470,2
1007470,3
1056330,1
1056330,4
1018160,1
1550650,1
1476220,1
1476220,2
1476220,3
1476220,4
914430,1
914430,2
2712730,1
2712730,3
1572190,1
1572190,3
2966990,1
2966990,2
358200,1
358200,2
358200,5
3179990,1
1976000,1
1976000,3
3328720,1
3328720,3
3328720,4
2426370,1
2426370,2
1203760,1
1203760,5
214170,1
214170,2
609340,1
609340,2
609340,4
1642970,1
1642970,2
982180,1
982180,3
457330,1
1871770,1
1871770,2
1871770,3
1871770,4
542550,1
542550,2
542550,4
1997920,1
1997920,2
2210130,1
2210130,4
1174820,1
359900,1
359900,2
2800760,1
2800760,2
1255320,1
1492860,1
1492860,2
1492860,3
948370,1
948370,2
2446340,1
2446340,2
756890,1
756890,2
476680,1
476680,2
735060,1
1040000,1
1374940,1
1374940,2
2055490,1
2055490,2
3325310,1
3325310,2
2683030,1
2683030,2
2683030,3
2752780,1
371190,1
371190,2
287840,1
477010,1
503180,1
385810,1
923260,1
444210,1
444210,2
2680200,1
2680200,2
849070,1
849070,3
1650860,1
1250410,1
1250410,2
838730,1
1901010,1
1901010,2
1272160,1
1272160,2
2426380,1
2936030,1
2936030,2
661260,1
661260,2
1887570,1
1887570,3
1887570,4
669520,1
671740,1
671740,3
671740,4
2937930,1
1949290,1
1949290,3
654660,1
654660,2
2230050,1
2230050,2
3407180,1
3407180,2
625940,1
1205430,1
1205430,2
1012610,1
1012610,2
1012610,3
1331240,1
1331240,4
2764350,1
978380,1
978380,2
2261660,1
2261660,2
1581090,1
964770,1
964770,2
964770,4
1641120,1
1641120,2
1641120,5
2007050,1
1126220,1
1126220,4
2013990,1
2013990,2
2354120,1
1894150,1
1894150,3
1894150,4
1884300,1
2347390,1
291370,1
291370,2
291370,4
291370,5
612930,1
612930,2
1909280,1
1909280,3
891110,1
891110,2
1240890,1
1993140,1
1993140,3
930970,1
930970,4
1205150,1
2768920,1
2768920,2
2284200,1
2284200,2
2284200,3
2284200,4
846820,1
846820,3
3388550,1
3388550,2
454350,1
454350,3
568800,1
568800,4
2830720,1
2830720,5
2619970,1
2619970,2
2619970,5
605980,1
2386850,1
2386850,2
2386850,3
2286720,1
2286720,2
2286720,3
1508250,1
2803470,1
1360380,1
1983550,1
626630,1
626630,3
812390,1
812390,2
812390,3
1867290,1
1867290,2
1624900,1
1624900,2
2508280,1
2508280,2
786180,1
786180,2
1442670,1
1442670,2
1442670,3
1442670,4
1504020,1
1015130,1
1879640,1
321370,1
321370,5
990900,1
990900,2
799530,1
2890520,1
2890520,2
677590,1
677590,2
677590,4
883020,1
206040,1
206040,2
529130,1
529130,2
3121220,1
3121220,3
1777060,1
1777060,5
1519110,1
2436160,1
2436160,2
1863720,1
316600,1
316600,2
316600,3
316600,4
832140,1
832140,2
832140,4
1878460,1
1878460,3
509930,1
509930,2
987330,1
927970,1
927970,4
642000,1
642000,2
1856840,1
1856840,2
3243300,1
3243300,4
1025140,1
1025140,3
2051210,1
2051210,3
2127130,1
2127130,3
2447290,1
1126510,1
2586090,1
2586090,2
2586090,5
1770440,1
1770440,2
821330,1
821330,2
1751350,1
1751350,2
2591580,1
1326760,1
1326760,2
1326760,4
1326760,5
1966610,1
1966610,2
736240,1
736240,2
1737450,1
1737450,4
2543750,1
2543750,4
1257000,1
1257000,2
1228970,1
1228970,2
2455720,1
2455720,3
3009500,1
1988990,1
1988990,2
2715780,1
1766010,1
878020,1
878020,2
878020,5
1407620,1
1407620,2
1407620,3
1174450,1
1174450,2
1547820,1
1547820,2
921530,1
921530,2
921530,4
1741220,1
1741220,3
1741220,5
1155910,1
1155910,2
476620,1
1847020,1
1601680,1
1601680,3
1286140,1
2166490,1
2166490,2
2166490,3
2166490,4
2281760,1
2281760,2
604240,1
604240,2
604240,3
1939740,1
1939740,2
2804280,1
2377590,1
2377590,2
868480,1
868480,2
868480,3
2911580,1
2911580,2
2911580,3
821180,1
821180,4
2749270,1
2749270,2
2749270,3
1523390,1
1523390,2
1997830,1
1997830,3
715380,1
715380,2
715380,3
2848150,1
1958400,1
1958400,2
1958400,3
3173400,1
3173400,4
2001050,1
2001050,2
2001050,4
1299000,1
350490,1
350490,4
2092040,1
2092040,4
2409160,1
3033510,1
3033510,4
741770,1
741770,2
1543340,1
1543340,2
1468800,1
1468800,2
843360,1
1659760,1
237740,1
1332590,1
1332590,2
2551030,1
2551030,4
1565150,1
1565150,2
938270,1
938270,3
536370,1
536370,2
1899210,1
1457220,1
1457220,3
2234550,1
2234550,4
928000,1
928000,2
928000,3
3464640,1
3464640,4
446840,1
446840,2
446840,3
446840,4
1554600,1
1554600,5
2299450,1
1437720,1
1437720,2
1437720,3
1050170,1
1050170,3
1050170,4
209370,1
2188880,1
2188880,3
2516870,1
2516870,2
2516870,3
2516870,4
449680,1
1044340,1
1044340,4
401780,1
1054630,1
1132930,1
1132930,2
704140,1
704140,2
358290,1
886370,1
886370,2
886370,4
842750,1
842750,2
1012630,1
1012630,2
1653180,1
207000,1
1494230,1
1494230,2
1593730,1
3010140,1
1307640,1
1307640,2
1787770,1
1787770,5
3032350,1
3032350,3
3032350,4
3234740,1
3234740,2
1323900,1
1323900,2
1323900,3
2136950,1
2136950,3
1033780,1
2876550,1
2876550,2
3367890,1
3367890,4
1383880,1
1383880,2
1487140,1
1487140,2
1856730,1
3101700,1
3101700,3
2299710,1
965180,1
3154870,1
3154870,2
373970,1
488430,1
488430,2
2974290,1
2974290,2
2974290,3
1533880,1
1533880,2
1347580,1
1347580,3
1036030,1
468050,1
468050,3
468050,4
2871990,1
2871990,3
3234760,1
1344900,1
1344900,2
409520,1
278810,1
278810,4
1386320,1
1386320,2
564330,1
891510,1
827940,1
827940,5
2435240,1
434230,1
434230,2
434230,4
1509820,1
1509820,3
1265870,1
1265870,2
1265870,5
1146890,1
1146890,2
1201260,1
3082720,1
3082720,2
2560280,1
2560280,5
1780730,1
1780730,2
1780730,3
524640,1
524640,2
712660,1
898800,1
898800,2
1166110,1
1166110,2
809900,1
809900,2
2618170,1
2618170,2
2618170,3
637090,1
637090,2
637090,3
637090,5
111000,1
2503690,1
344820,1
344820,4
681520,1
681520,2
2740260,1
2740260,2
3012510,1
3012510,2
2293750,1
2293750,2
2293750,3
3095790,1
2602510,1
2602510,2
1264550,1
1264550,4
1560390,1
1560390,2
3140810,1
1586990,1
1586990,3
281240,1
281240,2
281240,3
978450,1
978450,2
622830,1
622830,2
622830,5
2635490,1
850320,1
850320,2
711140,1
711140,4
775730,1
775730,3
2484130,1
2484130,2
2484130,4
563380,1
2645000,1
2489460,1
1979220,1
2580180,1
1364690,1
1364690,4
437870,1
2493180,1
2493180,3
2405270,1
2405270,2
886900,1
886900,2
619340,1
386640,1
291710,1
1905110,1
3041330,1
520290,1
3153550,1
3153550,2
749110,1
749110,2
1016860,1
1016860,4
3396460,1
1299290,1
1299290,3
2311520,1
2311520,5
1780260,1
1780260,2
819780,1
819780,2
819780,3
734490,1
734490,2
1233780,1
1233780,2
1233780,3
2699610,1
2699610,3
2699610,4
769730,1
1914010,1
2433280,1
2433280,2
938370,1
938370,2
2827530,1
2827530,4
2012340,1
2012340,2
312600,1
2972260,1
2972260,2
2972260,4
2210890,1
2210890,3
1326220,1
1326220,2
2811360,1
2811360,2
1024250,1
1024250,3
1024250,4
1002310,1
1002310,5
3182450,1
3182450,2
3182450,3
1301480,1
1347140,1
1347140,2
1347140,4
2499270,1
414580,1
414580,3
2841200,1
1451410,1
1451410,4
2151950,1
2151950,2
2151950,3
2151950,4
948240,1
948240,3
1186880,1
1186880,2
1874560,1
1874560,2
2479150,1
2450950,1
2450950,3
3256290,1
3256290,2
380120,1
380120,3
2788380,1
3226190,1
3226190,2
3226190,3
1547440,1
1547440,2
916210,1
1489810,1
1489810,2
1162430,1
1162430,4
917840,1
1538420,1
292840,1
292840,4
3515370,1
3515370,4
537540,1
537540,2
3094340,1
3094340,2
1009590,1
1345040,1
1345040,3
393610,1
393610,2
851570,1
851570,4
2429070,1
900340,1
900340,2
900340,3
1347010,1
1347010,4
1016690,1
1016690,2
1016690,4
1512540,1
1512540,3
1944140,1
1944140,5
2431700,1
2431700,2
798710,1
798710,2
1305310,1
1305310,2
1285670,1
1285670,2
746660,1
2295200,1
2699480,1
2699480,2
2371520,1
375770,1
2240410,1
2240410,2
2240410,4
844260,1
844260,4
1345190,1
1345190,2
1345190,3
779290,1
779290,2
3474340,1
890310,1
890310,2
890310,4
2432770,1
2432770,2
2432770,3
1225840,1
1225840,3
3381420,1
3381420,2
2700070,1
1853200,1
1853200,2
1314460,1
1314460,2
2662740,1
2662740,2
2662740,5
1575860,1
1575860,2
1636490,1
1636490,3
225280,1
225280,2
1999870,1
2578460,1
2414010,1
264540,1
264540,4
1367690,1
807570,1
273860,1
273860,2
2378290,1
577710,1
3325290,1
3037370,1
2341860,1
888140,1
888140,2
888140,3
1715590,1
1715590,4
3244650,1
2922720,1
1931150,1
1931150,2
3257230,1
271670,1
1486000,1
1486000,3
2734920,1
2734920,4
2995970,1
2995970,2
1040820,1
482400,1
482400,3
2389340,1
1584340,1
1584340,2
1584340,4
992610,1
992610,2
992610,4
992610,5
550440,1
550440,2
550440,4
1219600,1
1219600,2
1219600,3
1490550,1
1490550,2
1490550,4
2117450,1
2117450,2
2492420,1
2492420,2
2311020,1
2311020,2
234350,1
234350,2
550450,1
3197560,1
3197560,2
2823140,1
2823140,2
2823140,4
1617800,1
1617800,2
1772840,1
1772840,2
1418430,1
782630,1
2994790,1
2267120,1
2267120,5
832020,1
832020,3
1300000,1
1300000,3
904160,1
904160,3
904160,4
2992730,1
2443760,1
1054340,1
1054340,3
2004770,1
2004770,5
1585030,1
1585030,3
2694600,1
2253650,1
2253650,4
2470700,1
2470700,4
3454250,1
3454250,4
3421130,1
2942840,1
1891920,1
655170,1
3017530,1
3017530,4
1364380,1
2474940,1
2474940,2
2474940,3
688210,1
688210,2
1349390,1
1349390,4
1356860,1
1356860,2
1356860,3
2194190,1
2661750,1
2661750,2
1842610,1
1842610,2
1842610,3
2178010,1
2178010,4
2817610,1
2817610,2
1856040,1
1856040,4
910990,1
949420,1
949420,2
949420,3
672770,1
672770,2
672770,3
2332200,1
2332200,3
355490,1
355490,3
2498790,1
2498790,4
2498790,5
1783380,1
1783380,2
1783380,5
2625430,1
2601320,1
1565740,1
1565740,2
1565740,3
1565740,5
1035260,1
1266640,1
538030,1
538030,2
538030,4
2761500,1
2498300,1
2898750,1
2898750,2
488890,1
488890,2
488890,3
707220,1
707220,4
2225300,1
2225300,2
2225300,4
2344890,1
2344890,2
2344890,4
1215770,1
1215770,2
1215770,3
3126140,1
3126140,2
1029230,1
1029230,2
1029230,3
2808770,1
890520,1
757210,1
757210,2
3421960,1
2580370,1
2580370,2
1158430,1
1158430,4
1158430,5
2837300,1
2837300,2
729370,1
1145960,1
1145960,2
1561090,1
552990,1
552990,4
1244760,1
1274560,1
1274560,2
769560,1
769560,2
2683300,1
3058090,1
3058090,4
1957100,1
1957100,4
2331960,1
2331960,4
844060,1
2707390,1
2707390,2
793940,1
1534700,1
1534700,3
1534700,4
2057490,1
939240,1
939240,2
1766160,1
764780,1
764780,3
1421100,1
1421100,3
2281800,1
2281800,2
1227590,1
3477550,1
3477550,2
2879080,1
3116260,1
3116260,2
2313530,1
2313530,2
1152890,1
230980,1
2009920,1
1030520,1
1030520,4
500350,1
500350,2
500350,3
500350,5
1183210,1
2927380,1
2927380,3
1974510,1
1974510,3
1265920,1
1316870,1
924790,1
2938550,1
489120,1
489120,2
489120,3
2511960,1
2511960,2
1899200,1
1137620,1
1137620,3
341260,1
1998200,1
2938470,1
2938470,4
1136960,1
262490,1
262490,4
1330660,1
1361100,1
1361100,2
2444610,1
1146730,1
3079420,1
3079420,2
2341070,1
2341070,3
305900,1
305900,2
2485980,1
2485980,2
2485980,4
2238760,1
2238760,4
2010420,1
2010420,2
2010420,4
925360,1
925360,2
490380,1
490380,2
478010,1
3194810,1
3194810,3
2056560,1
348790,1
348790,4
3388000,1
3388000,2
1989280,1
1989280,3
3220110,1
2256420,1
2256420,2
3135850,1
3135850,4
729670,1
729670,2
431960,1
3193640,1
3193640,2
2417140,1
2417140,2
3155430,1
3155430,5
689980,1
1779630,1
1519790,1
1519790,2
747340,1
905640,1
905640,2
1171080,1
1171080,3
1403550,1
2633210,1
2633210,2
1265580,1
1265580,2
343930,1
1433530,1
2731830,1
639300,1
639300,2
1516330,1
3194970,1
3194970,2
2253470,1
3203310,1
3203310,4
3329820,1
2343730,1
2889380,1
2266360,1
2266360,2
1414490,1
628770,1
628770,3
1962170,1
2251240,1
2251240,2
2251240,3
2349100,1
2349100,2
2349100,3
1116700,1
1116700,2
1116700,5
2620870,1
1152320,1
2916160,1
2916160,2
3129570,1
3129570,3
3129570,4
3002540,1
3002540,3
723100,1
1265930,1
1265930,3
1265930,4
2355140,1
2355140,2
1996760,1
932120,1
932120,2
890030,1
2674870,1
2674870,2
1186220,1
1186220,2
1325420,1
1325420,3
1325420,5
2361680,1
2361680,2
2709220,1
2709220,2
691150,1
845270,1
205990,1
205990,2
2649500,1
2810100,1
2810100,4
369640,1
369640,4
2399040,1
2399040,4
1188540,1
1288420,1
1875310,1
908480,1
908480,2
2343110,1
2944010,1
2944010,2
2196270,1
2196270,2
38150,1
1172450,1
1172450,2
864150,1
864150,2
864150,4
1282650,1
1282650,3
1282650,4
2193670,1
2193670,2
2436340,1
2436340,2
622310,1
622310,5
2864000,1
2371310,1
1446280,1
1446280,5
1372270,1
1744580,1
1744580,3
504840,1
504840,2
314650,1
314650,2
314650,3
314650,4
918170,1
3097330,1
3097330,3
1563870,1
2832810,1
2832810,2
2552310,1
2552310,4
1882580,1
1882580,2
1882580,4
370920,1
370920,2
370920,3
2540460,1
2540460,4
2803900,1
2803900,3
730840,1
730840,3
1427970,1
1427970,5
2453260,1
2453260,2
2453260,4
2431720,1
2917430,1
2698350,1
1465740,1
1465740,3
321710,1
1565900,1
1565900,4
446240,1
446240,2
2980280,1
1412630,1
1412630,4
1116340,1
2300260,1
2300260,2
1388140,1
1388140,2
2322010,1
1615470,1
2775870,1
2775870,2
814620,1
814620,4
1572850,1
1572850,2
2246070,1
2246070,2
1402010,1
1402010,2
495350,1
495350,2
1541410,1
1541410,2
367010,1
367010,2
2235620,1
2235620,2
2445750,1
2633640,1
1260240,1
345330,1
345330,3
906510,1
906510,2
1263720,1
2565260,1
2565260,2
2565260,4
105300,1
2865160,1
2865160,3
2865160,4
2198820,1
3009640,1
3009640,3
1178500,1
1178500,3
2602770,1
588930,1
465010,1
465010,2
465010,5
1060240,1
1060240,2
1060240,3
897040,1
897040,3
1872550,1
1872550,5
3247270,1
3247270,2
1270840,1
1347490,1
2337280,1
2337280,2
2337280,3
3177920,1
3177920,2
2348980,1
2348980,2
2348980,4
2479070,1
2338940,1
2338940,2
2338940,3
1209610,1
1209610,2
1209610,3
3378640,1
3378640,2
1112960,1
1112960,2
1112960,4
3163620,1
1214130,1
1347700,1
1347700,4
688940,1
688940,2
2368670,1
591470,1
591470,2
398150,1
398150,2
398150,3
398150,4
1530240,1
1530240,2
3274470,1
2488630,1
2488630,2
2488630,3
2203850,1
2203850,2
1369390,1
1369390,2
2839230,1
2839230,4
1428880,1
1428880,4
2273440,1
2548920,1
2548920,2
496680,1
2175150,1
2175150,2
1350250,1
1263520,1
1263520,3
1263520,4
831100,1
831100,3
831100,4
3365430,1
3365430,3
3429500,1
2495000,1
2495000,2
2495000,3
2495000,4
1635250,1
1635250,2
1635250,4
3007710,1
802180,1
3153360,1
688720,1
688720,2
897000,1
897000,3
1790890,1
2027330,1
2027330,2
2027330,4
455690,1
455690,3
2654580,1
1341470,1
1341470,2
1341470,3
2632510,1
2632510,4
418070,1
418070,2
1914390,1
545830,1
2715640,1
2807160,1
2807160,2
1010490,1
1010490,5
388900,1
388900,3
1942370,1
1955500,1
3017400,1
3017400,2
823280,1
823280,2
3325780,1
2762490,1
2762490,2
929800,1
929800,2
658530,1
658530,4
837440,1
837440,3
789010,1
789010,2
1131400,1
742170,1
796970,1
796970,2
796970,4
2975900,1
1370660,1
1370660,2
3481970,1
3481970,2
1152800,1
1152800,2
1519590,1
900400,1
905130,1
905130,2
2167560,1
2167560,4
378370,1
378370,2
1158770,1
2469360,1
2683680,1
2683680,2
2683680,3
964620,1
1994940,1
2903460,1
2514910,1
2514910,2
1512480,1
1512480,2
1961060,1
3029190,1
3029190,2
2443770,1
750210,1
2967460,1
726030,1
726030,2
2121130,1
501420,1
930620,1
930620,2
2336420,1
1485980,1
1485980,2
1737870,1
1417970,1
1417970,2
828350,1
828350,2
2715290,1
2715290,2
1888590,1
1888590,2
1327920,1
2902470,1
1909320,1
1909320,2
614770,1
1296010,1
1296010,2
1296010,4
1058800,1
1282110,1
1282110,2
2021170,1
1581490,1
1361540,1
1361540,2
2941350,1
2941350,2
1953520,1
1953520,2
238460,1
238460,3
2918710,1
2918710,2
1184190,1
1184190,3
1234340,1
2416260,1
2416260,2
2416260,3
919010,1
919010,2
919010,3
1208260,1
1208260,3
2386670,1
1285080,1
1285080,4
1626560,1
1626560,2
1626560,4
868450,1
868450,2
2649000,1
360720,1
360720,4
1941420,1
1941420,2
293480,1
293480,3
2128570,1
1193760,1
1193760,5
3459920,1
803870,1
607440,1
776820,1
776820,4
367340,1
367340,2
1999570,1
1436810,1
1061400,1
1061400,3
2772670,1
2772670,3
3161180,1
3161180,2
3161180,3
2826650,1
2826650,2
1037590,1
1037590,2
1037590,3
2197550,1
2197550,2
2880820,1
1008240,1
2641550,1
465440,1
753220,1
1489470,1
1489470,2
2468560,1
445140,1
2755230,1
2755230,2
2755230,3
1323910,1
2136310,1
773330,1
3307560,1
1015470,1
1015470,2
888790,1
888790,3
1943300,1
1943300,4
589170,1
1526340,1
1526340,2
2547750,1
2547750,2
2547750,3
2209800,1
1803550,1
1363160,1
1363160,3
1595950,1
1595950,4
999220,1
999220,2
1785120,1
1395250,1
1395250,2
488070,1
2793310,1
1944440,1
1944440,2
588720,1
2542090,1
2542090,2
2542090,4
2603830,1
2603830,2
2603830,4
1932730,1
1932730,2
1932730,5
200510,1
200510,2
2456300,1
2456300,4
2819180,1
2819180,3
274620,1
274620,2
1873870,1
1873870,2
664250,1
656070,1
656070,2
656070,3
3414830,1
3414830,2
3106590,1
2211320,1
2211320,4
3125500,1
2297180,1
2297180,2
2297180,3
2724520,1
2724520,2
1495280,1
3229020,1
2715000,1
1167770,1
1167770,2
412930,1
2406730,1
2406730,2
2907230,1
2907230,2
1343390,1
1343390,2
724310,1
1115640,1
1115640,3
2799640,1
2799640,2
2799640,4
2587260,1
1629530,1
1629530,2
1379980,1
1379980,2
1377800,1
1377800,4
507340,1
493790,1
981040,1
981040,2
539400,1
539400,2
539400,4
2259050,1
2547510,1
2547510,2
2177540,1
2177540,4
886950,1
886950,4
2635510,1
1477460,1
1477460,2
586720,1
586720,2
586720,4
586720,5
1495100,1
1495100,2
2274800,1
2274800,2
2274800,3
2274800,4
1576110,1
1576110,2
920500,1
3154950,1
3154950,3
1756090,1
1756090,4
2125750,1
420880,1
903280,1
903280,5
3222070,1
3222070,5
1150540,1
1150540,2
946040,1
946040,2
2188890,1
813540,1
813540,2
813540,4
813540,5
2974740,1
1212710,1
1212710,2
241930,1
2882950,1
2882950,2
2882950,3
1013820,1
1263840,1
1263840,2
2255830,1
2255830,2
718470,1
718470,2
718470,4
1343520,1
1343520,2
381610,1
381610,2
1481620,1
1481620,2
1481620,3
1648720,1
1217520,1
1217520,2
1217520,3
1418160,1
1418160,2
1018770,1
914200,1
914200,2
2397000,1
2397000,2
2397000,3
2836680,1
2836680,2
251630,1
251630,2
251630,3
251630,4
251630,5
2642600,1
2642600,3
313330,1
313330,2
933300,1
933300,4
965640,1
865750,1
1619060,1
1619060,2
2719290,1
2719290,2
2719290,3
2725560,1
2725560,2
2725560,3
2395820,1
2395820,2
695810,1
695810,2
41660,1
1423060,1
1423060,3
754540,1
754540,2
1358990,1
1166580,1
3010030,1
3010030,2
3010030,3
1280260,1
651380,1
2704930,1
1035800,1
1035800,2
977640,1
3421620,1
3421620,2
1218530,1
1218530,2
1308780,1
1308780,2
690580,1
690580,3
690580,4
536210,1
2963370,1
2963370,2
1281800,1
2232870,1
750020,1
712180,1
712180,2
283330,1
2346440,1
2145160,1
2145160,4
2126700,1
2126700,3
994260,1
1201350,1
1332630,1
1332630,2
1590380,1
2214050,1
2214050,2
3350110,1
3350110,2
1355780,1
2745080,1
2745080,2
521230,1
521230,3
521230,4
1163490,1
3114010,1
2925510,1
2925510,2
467360,1
2935280,1
2935280,2
846470,1
846470,3
3435440,1
3435440,3
2453690,1
2453690,2
1502230,1
1397540,1
2306160,1
2306160,2
2306160,3
896160,1
896160,2
252630,1
819650,1
3394850,1
763290,1
763290,3
1593080,1
1593080,2
1593080,4
1869070,1
1869070,3
527210,1
1135320,1
1348180,1
2337640,1
2337640,2
2337640,4
2336600,1
3009240,1
1526780,1
1526780,2
2512870,1
2512870,5
562350,1
562350,2
562350,3
1902750,1
1902750,3
1902750,4
1138440,1
1138440,4
604990,1
1467870,1
1467870,2
1467870,4
2981150,1
2981150,2
1650180,1
1296550,1
1296550,2
829210,1
829210,2
1412990,1
1412990,2
2276100,1
2276100,5
1740080,1
1350340,1
458600,1
2296610,1
2296610,3
2296610,4
2568540,1
2568540,2
1635980,1
1635980,4
1635980,5
1485210,1
1485210,2
438460,1
438460,3
3343700,1
3343700,3
1368870,1
789480,1
789480,4
2758980,1
2758980,3
2166540,1
2166540,2
928960,1
365120,1
2744920,1
2744920,2
2744920,3
2744920,4
2182240,1
2182240,2
713680,1
2658120,1
2653060,1
2653060,2
580590,1
580590,3
2286110,1
1197030,1
1437600,1
2619120,1
1118870,1
1118870,3
1236480,1
650440,1
650440,2
880610,1
312370,1
312370,2
1858920,1
1858920,2
606480,1
606480,5
460950,1
460950,2
2183390,1
2183390,2
826000,1
826000,4
1165740,1
1165740,2
1165740,3
282680,1
282680,2
2371820,1
993990,1
993990,2
436850,1
615610,1
615610,2
2864070,1
497430,1
497430,2
2851620,1
1192890,1
1192890,2
3398180,1
2160420,1
714570,1
714570,2
714570,5
808120,1
808120,2
3030820,1
3030820,5
3297020,1
3297020,3
2343860,1
2407010,1
1458980,1
531510,1
531510,2
531510,4
671810,1
671810,2
1552810,1
1552810,2
1552810,4
3027480,1
479200,1
2004960,1
581980,1
2987120,1
2987120,2
577180,1
577180,2
3168200,1
3168200,2
3168200,3
396800,1
396800,2
311860,1
311860,4
315260,1
315260,2
606870,1
606870,3
1557670,1
1557670,2
265810,1
265810,2
265810,4
1965620,1
1965620,2
2377100,1
1116600,1
1116600,2
1116600,4
1157070,1
656560,1
656560,2
656560,3
2396330,1
2396330,4
2186450,1
2186450,3
462730,1
626550,1
1845830,1
881410,1
3118960,1
1057130,1
1057130,2
683150,1
683150,4
3297370,1
3297370,2
1261960,1
1261960,2
983900,1
800310,1
800310,2
800310,4
2553250,1
2553250,2
2553250,3
1346660,1
2518680,1
3102270,1
2894280,1
2563160,1
2563160,2
1249510,1
1305060,1
1305060,4
502450,1
502450,2
818610,1
818610,2
2255080,1
2673000,1
353190,1
3287980,1
1036200,1
1036200,4
228400,1
228400,3
228400,4
3126560,1
2490240,1
2490240,2
2490240,3
918300,1
918300,2
884370,1
884370,2
884370,4
2698340,1
1200600,1
1968630,1
1968630,2
1551730,1
1551730,2
423580,1
423580,2
2697890,1
3008240,1
3008240,4
849840,1
2159120,1
2159120,3
2159120,4
1367350,1
1367350,4
359840,1
359840,2
2517180,1
1406850,1
2017080,1
2017080,4
746570,1
746570,3
1358260,1
1358260,2
1358260,4
2260750,1
2260750,2
980360,1
980360,2
980360,3
355190,1
355190,2
1304910,1
514580,1
534780,1
534780,2
534780,3
2669970,1
2207840,1
2207840,2
2207840,3
2207840,4
674520,1
674520,2
2392660,1
1287860,1
550080,1
1227130,1
1227130,2
1227130,3
936500,1
936500,2
936500,3
514720,1
514720,2
514720,3
1582730,1
1669000,1
3119660,1
3119660,2
3119660,5
792100,1
792100,2
1180270,1
1180270,4
2725330,1
2725330,3
2323840,1
2323840,2
765450,1
1391400,1
1391400,2
1391400,3
1391400,4
1776080,1
1776080,2
3177260,1
2286960,1
3475340,1
949150,1
949150,5
374320,1
2934630,1
2934630,2
2934630,3
1956960,1
1162680,1
1162680,2
1162680,4
1183740,1
1183740,2
972180,1
1505700,1
2925870,1
2925870,2
2198970,1
1592280,1
1592280,2
38460,1
38460,2
1127520,1
2380520,1
2380520,4
1195610,1
1195610,2
1434760,1
1434760,2
1434760,4
801410,1
801410,2
2903940,1
1962150,1
1962150,4
656280,1
667970,1
796090,1
2736390,1
2736390,2
2796590,1
2796590,2
797010,1
797010,3
1169070,1
1169070,2
1778270,1
1778270,2
1778270,3
2988520,1
2988520,2
2988520,4
1869980,1
492860,1
492860,3
484930,1
484930,2
484930,4
484930,5
2876140,1
840440,1
840440,2
751980,1
751980,2
751980,3
2357740,1
2455860,1
1267310,1
1267310,2
1267310,3
1267310,4
783180,1
783180,3
1301650,1
1892140,1
2958910,1
1284630,1
1284630,3
992070,1
1549850,1
1549850,5
3524060,1
525380,1
1140460,1
1140460,2
3091340,1
967430,1
2306710,1
2930990,1
1574020,1
2948330,1
1231640,1
1533370,1
643270,1
1799710,1
1150090,1
748060,1
777220,1
3135990,1
3316590,1
3316590,2
3316590,3
1295440,1
1295440,2
3133590,1
3133590,3
2156590,1
2156590,3
1956680,1
1956680,2
1956680,3
3240220,1
1436570,1
1436570,2
2529290,1
2529290,3
263060,1
263060,4
3040000,1
654300,1
654300,3
1423780,1
2002860,1
2002860,4
2002860,5
1120700,1
1120700,4
1120700,5
1944630,1
1944630,2
2055060,1
2055060,3
3157070,1
3157070,2
2063000,1
2063000,2
1053700,1
1053700,2
1053700,3
1053700,5
2397910,1
1272070,1
443420,1
443420,2
2245250,1
812110,1
812110,3
868920,1
868920,2
791570,1
857690,1
857690,2
226840,1
226840,2
226840,3
604150,1
604150,3
2169680,1
1568500,1
1568500,2
2142810,1
2142810,2
2142810,3
1300110,1
3411840,1
3411840,4
1060560,1
1060560,3
1368120,1
1368120,3
342240,1
342240,2
2262230,1
2140740,1
2140740,2
2519220,1
2519220,2
2330140,1
2330140,2
2330140,3
839560,1
485670,1
1409300,1
2774830,1
2774830,3
2873380,1
2873380,2
789090,1
789090,2
789090,4
3118330,1
516940,1
3027670,1
1491800,1
1491800,2
1491800,3
2431210,1
2431210,2
2744670,1
1894320,1
1894320,2
1894320,3
2149490,1
2149490,3
2709440,1
2246310,1
1206050,1
2793930,1
2793930,2
2004370,1
2004370,4
312210,1
1498900,1
1498900,2
1498900,4
1508340,1
1395900,1
1395900,2
2512430,1
2512430,2
2248590,1
2248590,3
2222530,1
2222530,3
1394810,1
1394810,2
1890200,1
1890200,2
1890200,3
1439320,1
2533970,1
2150310,1
2150310,2
2150310,3
2150310,5
2701360,1
3070460,1
3070460,4
3263510,1
3263510,2
2622110,1
1618340,1
1618340,2
1618340,5
1340080,1
1340080,4
47520,1
47520,2
1233900,1
1233900,3
1233900,5
2742590,1
2742590,4
1309280,1
1309280,2
1309280,5
1406750,1
3228230,1
3228230,3
809610,1
593070,1
593070,3
1628400,1
2566150,1
2023330,1
2023330,2
3165040,1
3165040,2
1990300,1
1990300,5
1043800,1
264280,1
264280,2
264280,4
1314480,1
1314480,2
2458560,1
2458560,2
2458560,3
2458560,4
274960,1
274960,2
274960,3
3063220,1
2517810,1
2517810,3
1594120,1
1594120,2
2142860,1
2142860,4
2841060,1
945440,1
945440,2
2780740,1
906370,1
906370,2
2148220,1
2148220,3
2370570,1
3510330,1
2366450,1
2366450,2
2366450,3
712530,1
712530,2
2913890,1
2913890,5
2355860,1
2375290,1
3447680,1
3447680,2
1515710,1
1515710,2
1368010,1
1368010,3
1838560,1
552460,1
552460,3
732430,1
1161830,1
575360,1
575360,2
2364610,1
2364610,2
3062580,1
3062580,5
1538240,1
1342080,1
1342080,2
1293730,1
1293730,4
2152000,1
2152000,2
3106350,1
2927580,1
2927580,2
626510,1
1852520,1
2324450,1
2324450,3
2324450,4
3191620,1
3191620,2
3191620,4
1580420,1
975160,1
554180,1
554180,2
791150,1
791150,4
1600170,1
1600170,2
1528560,1
1528560,2
1528560,5
3217000,1
3217000,2
1247580,1
1760690,1
1760690,2
553820,1
1786570,1
3302510,1
3302510,3
1953110,1
1953110,2
910770,1
910770,3
1145570,1
656240,1
656240,2
793410,1
793410,4
326460,1
737280,1
737280,2
3037120,1
3037120,2
1980390,1
788000,1
769060,1
769060,4
440730,1
440730,4
908150,1
908150,3
293180,1
293180,2
1882780,1
1882780,2
1882780,3
1127580,1
1127580,2
383720,1
383720,2
2351090,1
1937650,1
572040,1
2825300,1
2825300,2
552620,1
552620,2
552620,3
552620,4
654740,1
816710,1
816710,2
2958200,1
2958200,4
1131530,1
1131530,2
956030,1
1354540,1
2761340,1
2761340,2
3332730,1
3332730,2
2315080,1
2281200,1
3254130,1
3059150,1
3059150,2
1473640,1
1473640,2
1473640,3
766320,1
1624460,1
320330,1
3195260,1
3195260,4
2297490,1
1642840,1
1642840,3
1258000,1
2558120,1
2558120,3
675170,1
675170,3
510730,1
510730,5
318300,1
318300,2
318300,4
2001800,1
2001800,3
1135400,1
1135400,3
1135400,4
748360,1
748360,2
748360,4
437550,1
437550,3
437550,4
1626410,1
1626410,2
466500,1
2595230,1
2595230,3
2018350,1
2018350,3
2206270,1
2206270,3
2206270,5
1311670,1
1311670,2
2505250,1
3352470,1
3352470,2
1349740,1
677910,1
677910,3
3250860,1
3250860,5
765860,1
765860,2
417920,1
417920,2
2177680,1
700460,1
3139280,1
3139280,2
1649830,1
1649830,2
2708320,1
2708320,2
1919150,1
1919150,2
880950,1
3056640,1
3056640,2
2764100,1
2764100,3
2675390,1
660990,1
660990,4
873090,1
873090,2
3299880,1
3299880,5
1931200,1
1931200,2
942520,1
942520,2
1493940,1
1493940,2
1191280,1
1444950,1
1444950,4
2513140,1
2513140,2
2513140,3
2661530,1
2661530,2
2933400,1
211260,1
211260,2
3018400,1
3018400,2
3018400,3
102400,1
102400,2
102400,3
924310,1
924310,4
838350,1
1036240,1
1036240,3
2735760,1
1629150,1
1918540,1
1918540,2
1918540,4
2209370,1
2209370,3
2360730,1
2360730,2
2444790,1
2444790,2
2444790,3
1412620,1
2558500,1
2558500,3
2558500,4
927850,1
927850,2
2412190,1
3196020,1
780500,1
1041140,1
1972190,1
1972190,2
2992170,1
2992170,3
3270210,1
3270210,2
620080,1
3314980,1
3314980,3
2542600,1
3205820,1
2753220,1
1753490,1
1753490,3
1931760,1
2167800,1
2167800,2
3117990,1
3117990,3
1447090,1
668680,1
668680,4
787580,1
787580,2
938240,1
938240,3
2187840,1
2187840,2
2247580,1
2247580,2
2247580,4
2779910,1
2779910,2
2779910,4
2771550,1
1123080,1
805720,1
805720,2
2584700,1
2584700,2
3189070,1
3189070,5
2355960,1
2355960,4
3038070,1
3038070,2
1595030,1
1595030,3
2308670,1
402890,1
324070,1
324070,2
324070,3
756680,1
520910,1
520910,2
520910,3
2660760,1
2660760,3
854940,1
2304600,1
1552490,1
1552490,4
1854630,1
1854630,2
1226640,1
2570720,1
491210,1
491210,2
1519770,1
1519770,2
1519770,4
2011840,1
269590,1
269590,2
1131230,1
2584570,1
3338680,1
3338680,4
656890,1
656890,2
1399850,1
2810380,1
2810380,2
3389680,1
3389680,3
3389680,4
2280260,1
2280260,3
599610,1
599610,5
1334630,1
1334630,2
562260,1
562260,2
797390,1
797390,2
3315630,1
759740,1
1344820,1
2218030,1
2218030,2
1589240,1
377050,1
377050,3
2050120,1
2585050,1
466870,1
466870,3
1172290,1
601110,1
2408270,1
2408270,3
1345400,1
2331000,1
2331000,3
1986440,1
1289480,1
1289480,2
1289480,3
1289480,4
2173980,1
281940,1
2506870,1
446790,1
446790,2
809950,1
406830,1
3290110,1
3290110,2
3290110,5
1457540,1
1457540,2
1457540,3
3225870,1
2588960,1
2500420,1
2500420,2
3345430,1
2411910,1
2411910,2
943970,1
750170,1
750170,3
612050,1
612050,2
289820,1
988650,1
988650,2
1476720,1
1739130,1
674180,1
1498110,1
1498110,2
2610500,1
2610500,3
2610500,4
824850,1
496850,1
1493930,1
548860,1
548860,4
1133350,1
1133350,2
3231130,1
2678460,1
2678460,3
3035180,1
2269270,1
2269270,2
532740,1
1489480,1
752020,1
752020,3
1993730,1
1993730,2
1993730,3
2347280,1
2347280,4
2828340,1
2828340,4
3308560,1
3308560,2
1752850,1
1752850,2
2464090,1
2464090,2
1258440,1
1258440,2
3047810,1
3047810,3
805610,1
805610,2
805610,4
567700,1
567700,2
2890550,1
2446820,1
3035140,1
3035140,2
3076350,1
1487360,1
2392040,1
1216310,1
1216310,4
2736430,1
2736430,3
410970,1
648580,1
648580,3
1414550,1
1414550,2
496730,1
2868860,1
2868860,2
1370130,1
2737620,1
2737620,2
2767010,1
2767010,3
1286990,1
1286990,2
1286990,4
3365120,1
2237230,1
2237230,2
3257340,1
3257340,4
2396150,1
2396150,2
2153300,1
2153300,2
3074700,1
3074700,2
2916200,1
1838680,1
1332440,1
1332440,2
716000,1
304730,1
1247210,1
1247210,2
2520820,1
2720210,1
2720210,2
2447460,1
2447460,2
2447460,3
946380,1
946380,4
1633490,1
1633490,2
1633490,5
2564340,1
2564340,4
1286170,1
1286170,3
3187700,1
3187700,3
3187700,4
907050,1
907050,4
2206590,1
2206590,3
2321350,1
1335810,1
311850,1
664350,1
664350,2
664350,4
3128190,1
3128190,4
720280,1
3064130,1
3064130,3
568500,1
568500,2
2373920,1
2373920,2
2373920,4
1603170,1
1603170,2
554310,1
1282710,1
1282710,2
1645140,1
786740,1
2839090,1
2839090,2
1508530,1
1992770,1
1313050,1
2170230,1
2170230,2
2170230,4
2179470,1
2179470,2
992300,1
992300,2
1138800,1
1138800,5
1157080,1
1157080,2
1157080,5
2140700,1
2140700,2
449070,1
449070,2
2341330,1
2341330,2
2341330,3
1151650,1
2631020,1
782420,1
782420,2
1995780,1
1995780,3
1112830,1
448000,1
448000,2
2167890,1
2167890,2
2220690,1
422920,1
422920,2
2665590,1
3199440,1
3199440,4
930780,1
930780,2
977290,1
977290,2
3432210,1
2517220,1
2517220,2
2517220,4
2517220,5
1121860,1
1121860,2
788320,1
788320,4
3124390,1
3124390,2
3124390,4
3322770,1
3322770,2
3322770,3
327960,1
852300,1
852300,2
852300,4
2392400,1
1400870,1
1400870,3
1400870,5
1145580,1
1145580,2
2138610,1
2138610,2
773850,1
773850,2
1273590,1
1425730,1
3032940,1
3144090,1
1875140,1
1875140,2
2227410,1
2227410,4
809440,1
809440,2
1937600,1
1937600,4
1282700,1
1630910,1
1630910,2
2332540,1
2332540,3
3016920,1
3016920,3
368590,1
368590,2
788470,1
2023050,1
2312900,1
2312900,3
1191680,1
1191680,2
41600,1
41600,3
1125650,1
2322180,1
2322180,3
3032160,1
3032160,2
1503430,1
1503430,2
1503430,3
1503430,4
1777830,1
2725010,1
2725010,5
1985200,1
1985200,2
1838980,1
1838980,4
878580,1
878580,2
2638180,1
630900,1
630900,2
2324730,1
2324730,2
3441320,1
3441320,5
803080,1
803080,2
803080,3
519940,1
519940,2
722670,1
1576560,1
624990,1
624990,2
857420,1
857420,2
1257250,1
1257250,2
3365140,1
1451010,1
1451010,2
2419970,1
1470120,1
1470120,2
3049610,1
3049610,2
2390730,1
2390730,2
2390730,4
960910,1
3144510,1
2607080,1
2607080,2
2607080,4
869290,1
869290,2
869290,4
550930,1
2442440,1
2442440,2
1144760,1
795580,1
795580,2
2534060,1
2598870,1
2598870,2
893020,1
2573770,1
2573770,4
1922100,1
2364560,1
2364560,3
1556350,1
1556350,3
3459760,1
599560,1
599560,4
2287000,1
2287000,2
2201150,1
1524810,1
1524810,2
880370,1
880370,2
2282730,1
2774540,1
2774540,3
2774540,4
1585160,1
1585160,3
1158040,1
1948800,1
1948800,4
828660,1
860860,1
470890,1
1427300,1
3037380,1
3037380,2
1913330,1
382380,1
382380,2
382380,4
1623090,1
1623090,2
1623090,3
2994680,1
1487320,1
1487320,2
1487320,4
3169220,1
3169220,2
3041260,1
3041260,2
2114960,1
1143350,1
1143350,4
238280,1
2341870,1
2341870,2
2913260,1
2913260,2
2913260,4
1911450,1
2147530,1
1282150,1
1282150,3
722750,1
1420580,1
1420580,3
2324930,1
2324930,3
2358100,1
1215990,1
1215990,2
1155720,1
1155720,3
3417930,1
3417930,2
755490,1
755490,4
1628270,1
1628270,3
3331280,1
3331280,2
3331280,4
1596810,1
1596810,2
1519610,1
887970,1
887970,2
887970,4
2693470,1
1976440,1
1976440,2
1976440,3
896380,1
2142140,1
2142140,5
1649740,1
263920,1
263920,2
2832270,1
2832270,2
1592950,1
1592950,3
2462000,1
377950,1
3020580,1
3020580,2
3020580,4
2459900,1
2459900,2
2459900,4
2382140,1
2330970,1
2544900,1
2544900,2
2544900,3
954300,1
2649990,1
2299270,1
2299270,2
3136140,1
3014490,1
3078690,1
1555070,1
1555070,2
1611070,1
1611070,3
2177210,1
2177210,2
360030,1
360030,2
772200,1
772200,2
848700,1
2409790,1
2409790,2
953920,1
1368620,1
1368620,2
1368620,3
1368620,5
2395310,1
2395310,2
2395310,4
1393410,1
1894080,1
1894080,2
2421880,1
459760,1
459760,2
1316560,1
1316560,2
1516560,1
1516560,2
1516560,5
2538070,1
2538070,2
1542370,1
3023610,1
3023610,2
2852130,1
1259180,1
2468600,1
2468600,2
3218730,1
3218730,3
3298300,1
3447340,1
3447340,2
3447340,4
1063660,1
758480,1
2223020,1
2223020,2
2081580,1
2081580,3
2969020,1
2969020,3
2969020,5
578890,1
578890,2
2265870,1
2265870,2
3266590,1
2311550,1
2311550,2
3534040,1
3534040,2
3073720,1
2521740,1
2521740,2
3114410,1
489900,1
489900,2
749180,1
749180,2
909820,1
909820,2
2557080,1
2557080,4
796030,1
796030,2
2128770,1
2128770,2
2128770,3
1529290,1
1529290,2
468800,1
3245250,1
3245250,3
3245250,4
291770,1
264400,1
680950,1
680950,4
689620,1
689620,3
1332190,1
1895890,1
1895890,5
521580,1
521580,5
454100,1
454100,3
3137550,1
3137550,2
3137550,4
2270370,1
2270370,2
2270370,3
689880,1
689880,4
253630,1
253630,2
1543990,1
1543990,2
705410,1
2543320,1
2543320,2
2792610,1
1532920,1
1532920,2
469710,1
469710,2
469710,3
653950,1
3082490,1
2671350,1
1367160,1
1367160,2
1777980,1
1777980,2
1777980,3
2158710,1
2158710,2
2158710,4
2730480,1
2730480,4
2600140,1
2392310,1
1272780,1
1272780,2
2667980,1
2667980,2
928180,1
532210,1
1177390,1
1246650,1
1246650,2
1246650,3
1246650,5
3058080,1
3337750,1
3337750,2
2775470,1
3016990,1
3016990,2
1565250,1
1565250,4
1940410,1
1940410,2
1940410,3
1495320,1
1261880,1
2719840,1
3073350,1
2218560,1
2218560,2
2218560,3
2218560,4
1291170,1
2846980,1
2846980,2
2846980,5
2668050,1
2668050,2
2668050,5
628140,1
628140,3
798280,1
798280,2
2678880,1
3008970,1
3008970,2
1487520,1
1487520,5
557180,1
2694000,1
350660,1
654610,1
654610,2
654610,4
1140630,1
1140630,3
2633890,1
933160,1
624410,1
624410,4
1303140,1
1303140,2
1303140,3
585710,1
585710,2
585710,3
1989640,1
1851030,1
1851030,2
1851030,4
971780,1
971780,3
2233020,1
2233020,2
1885660,1
3061540,1
2208940,1
891240,1
891240,3
3184160,1
3184160,5
1515490,1
1515490,2
225540,1
225540,2
225540,4
2013800,1
2013800,2
511420,1
511420,2
511420,3
1263990,1
1439220,1
1439220,3
1413660,1
1413660,3
2979510,1
2979510,2
2979510,3
2979510,4
907160,1
2756380,1
1985690,1
1985690,2
1985690,5
3282280,1
3282280,2
3282280,3
236690,1
236690,2
748970,1
748970,2
1863240,1
1863240,2
2006570,1
2006570,2
1549700,1
668520,1
2550120,1
2550120,2
2550120,3
850270,1
850270,2
1506820,1
852760,1
3369060,1
3369060,2
462480,1
1620860,1
1620860,2
402330,1
402330,4
2495290,1
403120,1
1048690,1
1048690,2
1048690,4
2990970,1
2990970,2
2990970,3
585310,1
585310,3
585310,4
585310,5
3400360,1
3400360,2
623930,1
623930,2
746140,1
442660,1
442660,2
442660,3
2226160,1
2226160,2
2766830,1
2766830,3
1766810,1
3340810,1
3340810,2
3340810,3
280600,1
280600,2
280600,3
280600,5
2656990,1
506760,1
1140520,1
1140520,3
2231310,1
1441230,1
1921210,1
395380,1
1932790,1
1932790,2
666810,1
666810,4
3281300,1
1518350,1
2352190,1
2352190,2
2935840,1
976500,1
1249060,1
1249060,2
1131520,1
1131520,2
1323200,1
1323200,2
1323200,5
495600,1
2399450,1
1977730,1
2672430,1
2672430,2
3347650,1
3347650,2
989690,1
989690,4
989690,5
961000,1
1206490,1
1206490,3
1055010,1
1055010,3
1970440,1
1970440,2
2157860,1
2157860,2
2609080,1
2767280,1
2767280,4
1199610,1
1199610,5
1460820,1
1460820,2
2335830,1
2335830,3
516820,1
516820,4
823610,1
823610,2
924100,1
3104290,1
3104290,2
3250620,1
1639920,1
1639920,2
1639920,5
582840,1
582840,2
1565790,1
1565790,3
2391680,1
2391680,2
2330750,1
2330750,2
781220,1
781220,2
2096740,1
2096740,2
862200,1
1417050,1
1417050,3
861550,1
2926910,1
3142940,1
2802660,1
2802660,2
1915510,1
318330,1
318330,3
498550,1
498550,2
498550,4
1907790,1
1907790,3
1907790,5
932350,1
932350,2
932350,4
370560,1
1911390,1
538050,1
538050,4
887710,1
347330,1
511800,1
511800,2
2306450,1
2306450,3
1051960,1
2893960,1
2050530,1
2050530,5
821120,1
821120,2
821120,3
2927260,1
2927260,3
1041630,1
2509210,1
2510510,1
2510510,2
3046290,1
3046290,4
878030,1
878030,2
878030,4
2614580,1
402040,1
402040,3
1499690,1
1499690,2
779870,1
779870,4
2902660,1
851960,1
365400,1
1112250,1
906280,1
906280,3
2292280,1
1042550,1
1042550,2
1049090,1
1049090,2
2217100,1
2217100,2
1847860,1
1847860,2
866400,1
866400,2
2229990,1
2229990,2
938480,1
938480,2
938480,5
1594100,1
1951060,1
1951060,2
3426110,1
3426110,2
2349670,1
2349670,3
1266370,1
1266370,2
656770,1
3123630,1
3123630,2
808450,1
808450,2
808450,5
2949110,1
2949110,2
1567550,1
1567550,2
1567550,3
837800,1
2925310,1
2925310,2
2925310,4
1550270,1
1550270,2
3036320,1
3036320,2
3438040,1
354240,1
354240,2
354240,4
3183270,1
3183270,3
471810,1
471810,4
1894980,1
3132270,1
3132270,3
3132270,4
1308770,1
1308770,3
2409050,1
352760,1
352760,2
2472840,1
2472840,2
2472840,3
2003690,1
3115850,1
847780,1
847780,4
2608040,1
2608040,2
2363000,1
2363000,2
2363000,4
2310190,1
1911010,1
1911010,2
771770,1
771770,2
771770,3
999760,1
999760,2
999760,3
46290,1
46290,2
857770,1
726160,1
336210,1
336210,3
2570830,1
2570830,4
2570830,5
1014550,1
659320,1
659320,2
659320,4
659320,5
944440,1
788730,1
1171950,1
1171950,2
889060,1
889060,2
348870,1
1776940,1
1230340,1
1958350,1
1291600,1
414740,1
879140,1
358320,1
358320,4
2366760,1
2366760,3
1038820,1
1038820,2
1581640,1
1581640,3
2668170,1
1342410,1
1213750,1
1117890,1
1117890,5
2343100,1
2343100,2
1052420,1
1052420,2
655660,1
3114090,1
2691350,1
2691350,4
448810,1
448810,2
448810,4
448810,5
1768100,1
2332170,1
2905180,1
2905180,2
2620140,1
2620140,2
1537340,1
438260,1
2383990,1
2383990,2
1838490,1
1838490,3
3387990,1
1866700,1
1866700,2
3363310,1
3363310,3
2294100,1
2294100,2
1446450,1
2583300,1
2583300,2
2583300,3
3050180,1
840260,1
840260,2
986220,1
986220,2
1515170,1
1515170,2
1166740,1
1166740,4
2613060,1
1896650,1
593030,1
3428610,1
3428610,2
1287970,1
1385700,1
1346480,1
856160,1
856160,2
856160,4
492220,1
2527030,1
2527030,2
2527030,5
2919200,1
2919200,2
1312510,1
1860760,1
3006450,1
3006450,2
976720,1
1495090,1
1495090,2
773660,1
807120,1
807120,2
2191660,1
2439350,1
2439350,2
2439350,3
1594830,1
1594830,2
1454640,1
1454640,4
1636000,1
1636000,2
2056420,1
781920,1
820600,1
3285300,1
534210,1
822720,1
822720,2
1622840,1
1622840,4
296870,1
384630,1
384630,2
384630,3
1284090,1
3297010,1
1271750,1
643570,1
1235510,1
1235510,2
1235510,3
2244100,1
2244100,4
2229830,1
2229830,2
2229830,3
2229830,5
886270,1
886270,3
493500,1
493500,2
2892780,1
2892780,2
2892780,3
1331340,1
1849900,1
2020330,1
2020330,2
459870,1
1035690,1
1035690,2
1035690,4
1035690,5
778980,1
778980,2
778980,4
2967100,1
307580,1
307580,5
2788740,1
3127610,1
1149620,1
375790,1
2981580,1
573120,1
573120,2
3232760,1
397310,1
2291340,1
2291340,2
2291340,4
2275350,1
2275350,2
514920,1
566440,1
566440,2
477180,1
477180,3
1036260,1
1036260,2
1036260,4
1339340,1
3401890,1
3401890,3
831060,1
831060,2
2733200,1
2733200,4
429950,1
1322080,1
1322080,2
1322080,4
3106530,1
3106530,2
650880,1
650880,2
2608300,1
2939360,1
2939360,4
2426900,1
2426900,2
2426900,4
1553420,1
884980,1
631490,1
631490,4
2410740,1
2410740,2
2190250,1
2190250,2
2190250,3
1028850,1
1028850,4
1269810,1
1269810,2
620220,1
620220,5
3130730,1
3130730,2
3130730,4
466020,1
466020,4
1972710,1
1972710,2
1972710,3
2456640,1
1377930,1
339910,1
339910,3
2120670,1
2120670,3
2120670,4
1131820,1
1131820,4
2242810,1
2242810,2
2242810,4
1839780,1
1839780,2
3033230,1
1485350,1
1485350,4
1485350,5
718030,1
718030,2
1645880,1
246760,1
246760,2
2873870,1
2661470,1
2661470,2
2661470,3
1263070,1
1263070,3
3484920,1
3484920,2
262470,1
262470,2
689070,1
689070,2
689070,3
689070,4
1195450,1
1195450,3
3084900,1
3084900,3
3062720,1
342350,1
342350,2
2915480,1
2915480,3
2915480,4
2169570,1
2169570,4
938040,1
938040,2
938040,3
1550730,1
1450200,1
1450200,4
1190270,1
1190270,2
1190270,3
1217190,1
1217190,2
1297330,1
541370,1
2983180,1
2402860,1
1722860,1
1722860,3
2456070,1
2456070,2
2456070,3
2456070,5
3432540,1
3432540,2
2244050,1
3361810,1
3361810,3
3361810,4
1785650,1
443860,1
443860,4
1309170,1
1309170,2
3117630,1
207080,1
2431820,1
2431820,3
916370,1
916370,2
2789910,1
2789910,4
1244930,1
1244930,2
1886910,1
2748900,1
2649820,1
487330,1
2282820,1
2282820,2
2282820,5
535890,1
747280,1
1226010,1
1226010,2
1427100,1
1427100,2
3174490,1
3174490,3
2245670,1
2245670,2
2245670,4
3289600,1
3289600,4
2290500,1
1472550,1
2881650,1
1956930,1
1956930,4
2343320,1
2343320,2
2343320,3
346900,1
356310,1
1063060,1
39640,1
39640,3
2395840,1
2395840,4
1514010,1
1064130,1
1064130,2
796640,1
796640,2
796640,4
2535380,1
2535380,2
2519570,1
2519570,2
1062390,1
1224050,1
1224050,2
1937470,1
1937470,4
664090,1
1243220,1
1243220,2
1243220,3
3442040,1
3442040,2
2491670,1
1517520,1
1517520,2
3101720,1
3101720,2
1345150,1
2691470,1
2691470,5
1856930,1
1856930,2
2710090,1
1884030,1
1884030,2
1884030,3
1884030,4
2444520,1
2444520,2
768540,1
2937290,1
2198280,1
776320,1
776320,3
776320,4
776320,5
2023960,1
2023960,2
636490,1
636490,4
779330,1
779330,2
779330,3
2228210,1
2228210,2
1513790,1
1513790,2
2360340,1
2360340,2
2360340,4
331600,1
313360,1
313360,2
2628600,1
2846200,1
2846200,3
2420460,1
3116470,1
2764150,1
2764150,3
2387100,1
2387100,2
1273480,1
1273480,2
269470,1
992000,1
2260800,1
2260800,2
2260800,4
992640,1
992640,2
2281650,1
2281650,4
565670,1
565670,2
565670,4
2155020,1
2155020,2
1979280,1
1979280,2
3241520,1
3241520,2
2337660,1
2337660,2
2337660,3
2291910,1
3009080,1
3009080,2
1482880,1
625730,1
625730,2
625730,4
2603800,1
2334080,1
2334080,2
2901660,1
2901660,2
1595630,1
1258750,1
1781640,1
676500,1
676500,2
2299750,1
2299750,2
1201270,1
1201270,2
1201270,4
907020,1
2246130,1
2246130,2
2246130,3
569640,1
569640,2
641320,1
3252900,1
3252900,2
2322950,1
2322950,3
2321870,1
2017540,1
724250,1
400450,1
400450,2
400450,3
1024160,1
1024160,4
2941750,1
2941750,3
3215350,1
3215350,2
3215350,4
554150,1
554150,3
2368720,1
2368720,2
2368720,4
2839430,1
2839430,4
1235360,1
696630,1
1560790,1
1560790,2
2703070,1
2812430,1
1336950,1
339710,1
658320,1
658320,4
705230,1
660400,1
660400,2
660400,3
660400,4
2454020,1
1346720,1
1346720,2
1346720,3
549000,1
549000,2
1949440,1
1949440,2
1888520,1
449420,1
2512690,1
2512690,2
2512690,4
423440,1
2325800,1
2325800,2
2307090,1
2307090,2
460990,1
1149440,1
1149440,2
1149440,3
1628480,1
1628480,2
1628480,3
725510,1
725510,2
1547860,1
1583820,1
1583820,3
1583820,4
2168630,1
1259340,1
1259340,3
856550,1
856550,2
856550,3
1840920,1
341870,1
341870,5
1992410,1
1941760,1
891290,1
1556930,1
1556930,3
434240,1
434240,4
434240,5
3226700,1
3226700,3
2262370,1
2262370,2
3419790,1
3419790,2
3419790,3
1387900,1
2365570,1
2365570,2
847650,1
847650,2
2461760,1
2119570,1
2119570,2
2305520,1
3377990,1
3377990,2
3377990,4
1147330,1
1112870,1
1112870,2
3356860,1
3356860,4
1047440,1
1047440,3
1744060,1
1744060,2
1385690,1
831560,1
831560,2
3206910,1
3206910,2
3206910,3
1453670,1
868760,1
868760,3
868760,5
1975570,1
948020,1
1652120,1
1308790,1
497180,1
388300,1
969540,1
969540,2
1455040,1
1455040,2
1455040,5
1363850,1
1363850,2
1363850,3
2954780,1
2954780,2
2954780,4
2640600,1
2640600,3
3036080,1
3036080,2
1636660,1
2590720,1
2590720,4
3290350,1
3290350,2
1983970,1
1983970,2
3396430,1
3396430,5
3095030,1
2360690,1
2360690,4
806540,1
806540,2
3125850,1
745450,1
2153810,1
2153810,2
2153810,4
1621560,1
497790,1
497790,4
2686990,1
799920,1
799920,2
967130,1
967130,2
3097320,1
3097320,5
2294550,1
2294550,5
1983880,1
269550,1
269550,4
1762270,1
1762270,2
1762270,4
2325950,1
2325950,2
586210,1
2244320,1
2244320,2
2057620,1
2057620,4
2879750,1
1594220,1
1594220,2
2573910,1
2573910,2
2254200,1
2254200,2
2254200,4
3291910,1
3291910,2
3291910,3
415200,1
415200,4
993750,1
1948190,1
1948190,2
2716400,1
2716400,3
2716400,4
3245020,1
2180610,1
1763350,1
2639880,1
2639880,4
2665030,1
2665030,3
1127250,1
1127250,2
3245330,1
3245330,3
3211840,1
3211840,2
2322130,1
2184010,1
1936000,1
1936000,2
2148790,1
3118850,1
3118850,2
3392130,1
2986390,1
2141690,1
2141690,4
1214150,1
1017610,1
1017610,5
1459960,1
2651630,1
2651630,2
2240910,1
2240910,2
1241400,1
1241400,2
1383930,1
1383930,2
719040,1
719040,2
719040,4
911760,1
2235610,1
455970,1
1029750,1
1029750,2
1029750,4
1440870,1
1440870,4
346420,1
346420,3
2584970,1
2584970,3
2584970,4
3209400,1
2762250,1
277850,1
277850,2
2243880,1
1958750,1
1958750,3
1625060,1
1625060,3
3470870,1
3470870,3
3470870,4
350770,1
724450,1
724450,3
290260,1
290260,3
2993180,1
2993180,2
1573100,1
3261430,1
710650,1
3508770,1
888070,1
2893580,1
1522950,1
1522950,3
1522950,4
1346770,1
847370,1
3006100,1
3006100,3
2302990,1
2302990,3
1621490,1
3152900,1
3152900,5
386420,1
801180,1
801180,2
801180,3
553960,1
553960,2
3433680,1
3433680,2
2754490,1
2754490,2
2754490,3
2754490,4
1881340,1
1612620,1
1612620,2
1612620,3
2639480,1
1046660,1
747690,1
747690,2
747690,3
1133610,1
1133610,3
682510,1
3175930,1
596730,1
596730,2
939330,1
939330,2
270210,1
2088670,1
1638860,1
1638860,2
1638860,3
895370,1
843230,1
2579020,1
2579020,2
870200,1
870200,3
1423360,1
1423360,2
2817070,1
314160,1
251020,1
3250760,1
3250760,5
3405460,1
3405460,4
3405460,5
342610,1
2142780,1
2142780,3
3419530,1
2497110,1
3086080,1
1600020,1
1600020,2
1600020,3
1600020,5
2339310,1
2339310,2
2431830,1
2431830,2
2431830,4
1746920,1
2296870,1
2296870,2
2296870,5
302690,1
302690,4
3054610,1
3054610,3
2784290,1
1121910,1
2678560,1
2992460,1
3492860,1
3492860,3
1745380,1
3376950,1
590850,1
808870,1
937070,1
438480,1
2315010,1
2315010,2
833070,1
833070,2
1029150,1
1029150,3
2918230,1
2918230,4
1639390,1
3321790,1
3321790,2
3321790,3
3090670,1
3090670,2
3090670,3
3090670,4
3090670,5
793400,1
793400,2
793400,4
3269460,1
3269460,2
2366240,1
2366240,2
2693890,1
1490790,1
1984110,1
1984110,2
1414060,1
3085220,1
3085220,2
2301830,1
2301830,4
1280770,1
1280770,2
1280770,3
3035400,1
3035400,3
241300,1
241300,2
737710,1
819520,1
819520,2
819520,4
511250,1
511250,3
511250,4
789750,1
789750,4
1007360,1
1007360,2
2527390,1
814660,1
814660,3
814660,4
3099730,1
3099730,2
2334500,1
2334500,3
2701210,1
2257840,1
3222660,1
3222660,3
3222660,4
2956330,1
2956330,2
848340,1
848340,3
2629640,1
2629640,2
2629640,3
1604780,1
1604780,2
1604780,4
2899040,1
2899040,2
785110,1
3310320,1
3310320,2
3310320,4
1496380,1
1496380,2
2231170,1
2231170,3
979970,1
979970,3
552330,1
552330,2
552330,4
2805620,1
1928010,1
1891120,1
209790,1
209790,2
2199560,1
1270720,1
1270720,2
1270720,3
2345480,1
2345480,3
408340,1
408340,2
602200,1
602200,4
3031700,1
3031700,2
3031700,4
626610,1
626610,2
626610,3
2322720,1
2322720,4
2475810,1
1655920,1
545700,1
3372720,1
2669860,1
3303780,1
3303780,2
2396530,1
2396530,4
662690,1
662690,2
2558830,1
2558830,2
2558830,4
2294450,1
2294450,4
489440,1
489440,2
447150,1
495730,1
495730,2
656600,1
656600,4
1003600,1
312280,1
312280,4
1035900,1
1633400,1
1633400,3
3148790,1
3148790,3
2197470,1
1391690,1
1391690,2
2328360,1
2328360,4
1299980,1
1299980,3
2160040,1
2160040,2
2160040,5
2399120,1
50130,1
50130,3
50130,5
525690,1
1166320,1
578670,1
1264920,1
3332160,1
3332160,4
2177730,1
2177730,2
2177730,3
2674150,1
2674150,2
1554960,1
1554960,2
1554960,3
1016960,1
2426610,1
2426610,2
587460,1
1945700,1
2255310,1
1552940,1
2211870,1
923790,1
923790,3
1927930,1
3077240,1
1755950,1
1755950,2
1755950,4
2442040,1
2442040,2
3131970,1
834410,1
834410,3
2340980,1
2340980,2
2340980,5
1154080,1
1923990,1
710820,1
2221500,1
1183700,1
1183700,4
937940,1
2366070,1
3448240,1
2895560,1
2895560,2
2968050,1
2968050,3
2202950,1
2202950,2
1987710,1
1987710,4
2329950,1
2329950,2
535260,1
429790,1
429790,2
1658490,1
267530,1
3060580,1
3060580,2
2372080,1
2372080,2
2372080,4
2593770,1
2593770,4
799600,1
799600,4
1641330,1
339290,1
339290,4
3088410,1
3088410,4
2244470,1
2943010,1
2943010,2
2338910,1
2338910,2
1541250,1
1541250,2
1965580,1
1965580,2
45100,1
1591410,1
1591410,2
460930,1
1058470,1
2142850,1
2646350,1
2646350,3
1034240,1
1034240,2
1034240,3
2552900,1
2552900,2
2664890,1
3375310,1
3375310,3
668510,1
668510,4
3401900,1
3401900,2
3401900,3
812040,1
2827190,1
2827190,2
2827190,4
3108490,1
799410,1
799410,2
1478980,1
1125340,1
1125340,4
400370,1
2839310,1
593090,1
1476390,1
1476390,2
1476390,3
1918320,1
1918320,2
713860,1
713860,2
556240,1
556240,2
2997860,1
2997860,2
1413290,1
1407860,1
1407860,4
617160,1
617160,3
617160,5
895740,1
895740,2
895740,3
1413470,1
404460,1
1237610,1
1237610,2
1237610,4
1248030,1
1248030,2
1248030,3
2642230,1
2642230,2
1460510,1
1460510,4
3124470,1
1454160,1
1454160,2
2934110,1
3043090,1
3043090,2
3043090,4
555850,1
555850,3
589450,1
589450,2
3164970,1
3164970,2
3164970,4
1400980,1
1400980,2
1400980,3
2005760,1
2005760,2
3438730,1
3058860,1
1506610,1
1421600,1
418190,1
418190,2
418190,4
2375730,1
2375730,2
3000850,1
2300230,1
2300230,2
2300230,3
2492050,1
2492050,3
1969530,1
1925830,1
1925830,2
1925830,3
723270,1
723270,2
2829910,1
2829910,2
2829910,3
2466850,1
2466850,3
2466850,4
2500450,1
3132000,1
3132000,2
2311350,1
2311350,5
1420080,1
456780,1
456780,2
456780,4
895430,1
895430,2
895430,5
1591630,1
2304520,1
2310670,1
2901300,1
2901300,2
1193560,1
1193560,2
1193560,4
553540,1
2164490,1
2361100,1
2497900,1
2497900,2
2424440,1
2424440,2
1528220,1
2931790,1
655770,1
655770,2
814990,1
814990,2
814990,4
1036960,1
1588600,1
1588600,3
548480,1
548480,2
548480,4
548480,5
2390020,1
2390020,2
2390020,4
1908240,1
1908240,2
1593210,1
1593210,3
555280,1
555280,2
555280,3
555280,4
2485070,1
254460,1
254460,2
254460,3
337650,1
337650,3
337650,4
1157850,1
1157850,2
573750,1
573750,2
573750,3
3025730,1
3025730,2
647000,1
647000,5
514220,1
3076850,1
3076850,2
3076850,3
941490,1
941490,2
740060,1
740060,4
845880,1
1377920,1
1377920,2
1939160,1
1939160,3
3461680,1
3461680,2
2020270,1
2020270,2
617450,1
617450,2
963860,1
2138930,1
2138930,2
2138930,4
2284770,1
405070,1
2608400,1
2608400,4
1743830,1
1743830,3
3323590,1
2193070,1
2193070,2
3075390,1
1845050,1
2012790,1
280500,1
429940,1
965970,1
1316740,1
1316740,2
2605640,1
2605640,3
3086030,1
1861630,1
3473630,1
3473630,3
1859100,1
1616580,1
851670,1
851670,4
2585110,1
2585110,2
2585110,4
915730,1
915730,2
915730,5
1322600,1
1322600,2
2517970,1
2809700,1
2809700,5
849690,1
849690,3
1554640,1
1554640,2
61500,1
61500,3
61500,5
3193630,1
519890,1
699230,1
699230,2
699230,3
699230,4
1570200,1
401170,1
401170,2
2992500,1
2520560,1
2520560,2
370700,1
370700,2
370700,3
2462120,1
2462120,3
1257700,1
1679010,1
1679010,2
1184400,1
1184400,2
387780,1
1049840,1
1049840,2
1643470,1
1643470,2
1643470,3
1643470,5
558340,1
558340,2
2195670,1
2195670,4
2403390,1
2403390,2
680030,1
680030,3
582980,1
582980,2
2075100,1
463830,1
463830,3
2567970,1
2567970,3
1448220,1
834380,1
834380,3
3362370,1
262850,1
262850,2
262850,3
1890950,1
1890950,2
418290,1
418290,2
2190290,1
2190290,2
2190290,3
2328310,1
2328310,2
2328310,4
1161680,1
1161680,2
953330,1
953330,2
424280,1
2430690,1
1259560,1
2721300,1
2721300,2
286940,1
286940,2
1513240,1
852900,1
852900,4
321160,1
321160,3
3053390,1
3053390,2
470310,1
470310,2
470310,4
1385820,1
1385820,5
633490,1
633490,2
633490,3
556840,1
556840,2
2638130,1
1372010,1
2949840,1
2949840,3
956450,1
2359320,1
2359320,3
385580,1
385580,2
397390,1
397390,4
51010,1
529770,1
288690,1
401840,1
401840,2
820240,1
820240,4
2074920,1
1490970,1
1490970,2
1490970,4
1299120,1
1299120,2
1360660,1
317250,1
317250,2
977460,1
2655930,1
650700,1
650700,3
779960,1
779960,2
494970,1
494970,3
494970,5
1446780,1
3251370,1
3251370,2
2810770,1
2810770,2
2810770,4
236370,1
1145020,1
1145020,3
486690,1
225360,1
2396000,1
2396000,2
2396000,5
1116360,1
1116360,2
1116360,3
314330,1
314330,2
314330,4
2837460,1
2837460,3
2370230,1
770350,1
770350,2
770350,3
2601610,1
2601610,2
2601610,5
9850,1
9850,2
2372580,1
1916690,1
1916690,2
1916690,3
1916690,4
999990,1
999990,2
3252920,1
1052500,1
3262870,1
3262870,2
3262870,4
923370,1
923370,2
923370,3
266980,1
513420,1
513420,2
513420,3
1135260,1
1477170,1
755130,1
755130,4
1860150,1
1860150,2
1020790,1
2898360,1
2898360,2
1495290,1
1495290,2
3185600,1
3185600,2
1461060,1
1461060,3
1322280,1
320760,1
3383780,1
3383780,2
3383780,4
3384240,1
219890,1
219890,2
219890,3
2430510,1
3391810,1
3391810,3
3185020,1
3185020,5
2782380,1
2782380,2
800550,1
800550,2
800550,4
787940,1
787940,2
787940,3
1024590,1
1024590,2
315130,1
315130,3
3015860,1
749250,1
749250,3
1509590,1
1880020,1
1880020,2
1880020,3
781180,1
781180,2
503680,1
503680,4
2584470,1
2584470,2
2584470,3
1029760,1
1029760,2
729190,1
729190,2
1037990,1
1292270,1
1912660,1
3343590,1
2326720,1
2326720,2
2196150,1
505730,1
1262580,1
1262580,3
3380980,1
3380980,2
3380980,4
3380980,5
1669980,1
1669980,2
3442580,1
3442580,2
541380,1
1047480,1
1047480,4
890920,1
890920,2
1207540,1
1207540,2
512740,1
512740,2
512740,3
2185280,1
973230,1
973230,2
973230,3
390100,1
390100,2
1315900,1
2139620,1
2139620,2
1356160,1
461010,1
802480,1
1264140,1
1264140,2
1845660,1
1845660,3
1845660,4
1169420,1
1169420,2
915720,1
868000,1
3402560,1
622040,1
1055990,1
1055990,2
1387620,1
46480,1
46480,2
2703400,1
2703400,3
2975110,1
2975110,3
2975110,4
1231720,1
2767030,1
2801960,1
3352970,1
3352970,2
3352970,4
912730,1
912730,3
1644030,1
1644030,2
1545830,1
1545830,3
1614890,1
1614890,2
1614890,3
2930070,1
2930070,2
482210,1
482210,3
482210,4
1426310,1
1426310,2
1426310,3
2525750,1
999480,1
999480,2
2615290,1
1611900,1
2400420,1
2400420,3
1172980,1
1172980,2
1172980,3
1172980,5
3384490,1
3384490,2
534010,1
2349250,1
627460,1
627460,2
3034680,1
3034680,2
3034680,4
2734790,1
302710,1
302710,2
302710,4
1629710,1
1629710,5
761000,1
270110,1
663250,1
2008050,1
2008050,3
2008050,4
2163590,1
2163590,2
2163590,3
2163590,5
528020,1
1204990,1
3172060,1
3172060,2
588650,1
588650,2
638160,1
638160,2
1920660,1
1920660,2
1920660,3
315450,1
315450,2
790290,1
790290,2
1277160,1
1376340,1
1376340,2
1376340,3
2997580,1
1029540,1
3285480,1
2118910,1
2118910,2
1201840,1
345790,1
345790,2
2707310,1
2707310,2
2707310,3
1618140,1
1618140,2
860730,1
1217200,1
1641650,1
1641650,4
1129670,1
1129670,2
397200,1
397200,4
2670360,1
2670360,2
2670360,3
2670360,4
752240,1
752240,2
221100,1
1333840,1
1333840,2
1333840,4
865200,1
2407630,1
2407630,3
1499220,1
709380,1
709380,2
1462860,1
1462860,4
2202710,1
2202710,2
506540,1
2609420,1
971340,1
971340,2
899630,1
899630,2
397570,1
397570,2
397570,3
2232660,1
2232660,2
1752610,1
1425330,1
1030950,1
1030950,2
1030950,3
2435220,1
1120320,1
1120320,2
1245170,1
2127700,1
1218890,1
491710,1
491710,4
1984720,1
1984720,2
543710,1
2659690,1
2659690,2
1525440,1
1525440,2
3450690,1
3450690,2
3450690,5
2587390,1
2587390,4
464060,1
642560,1
642560,3
734080,1
734080,2
831590,1
831590,2
1161170,1
513990,1
513990,3
2505570,1
2505570,2
1521190,1
3139620,1
3139620,2
3043540,1
2827860,1
850880,1
850880,2
850880,4
2703230,1
2703230,3
942480,1
942480,2
926400,1
516550,1
516550,2
516550,3
2478020,1
2902580,1
2902580,4
608630,1
1253570,1
1253570,2
1997630,1
1997630,2
1997630,3
1997630,4
520590,1
714730,1
714730,2
489580,1
2125600,1
2125600,2
713430,1
713430,4
1226820,1
1226820,4
2001870,1
1640400,1
1640400,3
2196770,1
2196770,2
2812980,1
2812980,3
765370,1
765370,2
3172700,1
3172700,3
2391100,1
510290,1
510290,4
1491550,1
3121110,1
3121110,2
2449780,1
3347940,1
1506720,1
928670,1
2604390,1
2440210,1
2440210,2
2710320,1
2710320,2
1737690,1
1737690,2
296050,1
2441190,1
600290,1
600290,2
3258800,1
3258800,3
661220,1
752570,1
752570,5
1394570,1
1394570,2
1394570,4
1354940,1
1354940,2
1350500,1
1350500,2
1350500,3
1157740,1
1157740,4
3030760,1
2439530,1
1544510,1
840790,1
840790,5
1051850,1
335330,1
335330,5
2921790,1
963210,1
2813890,1
2813890,5
1496620,1
1496620,2
1421710,1
1421710,2
1421710,4
316010,1
1179390,1
2984230,1
3117160,1
3117160,2
3117160,3
2056830,1
532700,1
532700,2
2776180,1
2776180,2
2776180,3
2293320,1
2293320,2
2293320,3
2610990,1
2610990,2
2610990,5
2935160,1
2935160,2
2605100,1
1612420,1
1612420,2
1199800,1
1199800,2
244090,1
244090,5
2610970,1
2610970,3
2610970,4
1132620,1
1132620,4
2297160,1
2297160,2
1062120,1
2866440,1
2866440,2
2866440,3
2866440,4
2095250,1
2095250,3
466920,1
971470,1
971470,2
971470,3
575720,1
1564940,1
779920,1
779920,5
798950,1
1457140,1
1410500,1
1410500,4
2140170,1
702300,1
702300,2
702300,5
651320,1
651320,2
651320,3
2680520,1
1600450,1
1600450,3
2608510,1
1202690,1
1202690,2
1202690,3
373820,1
373820,3
3309020,1
3309020,2
2438380,1
1889320,1
1939100,1
1939100,3
1742880,1
1742880,5
3077930,1
3104240,1
3104240,2
2865870,1
2881800,1
1408450,1
2687390,1
2013120,1
2013120,2
1548940,1
2322940,1
2322940,2
778550,1
1473830,1
1473830,4
972600,1
2856870,1
2856870,2
1947240,1
1947240,2
1947240,4
387800,1
387800,2
2862350,1
2862350,2
659180,1
659180,2
2801030,1
2749500,1
2749500,3
1390490,1
398180,1
3279480,1
925810,1
925810,3
2529210,1
2529210,2
1298500,1
977430,1
977430,2
2362540,1
2362540,2
1945730,1
1945730,2
1945730,3
1945730,4
1595270,1
1307890,1
2440380,1
2440380,2
1531780,1
1531780,4
3103650,1
3103650,2
2476040,1
2219530,1
2219530,3
2219530,4
695990,1
695990,2
203770,1
203770,3
561100,1
2147260,1
2147260,3
2006340,1
2006340,3
785070,1
785070,2
785070,3
782100,1
728020,1
728020,2
728020,3
3186370,1
3186370,2
305980,1
305980,3
364100,1
364100,2
2148320,1
2148320,4
2935750,1
2540970,1
2540970,2
525620,1
525620,2
1571200,1
1571200,2
2999720,1
2705380,1
2705380,2
2550980,1
2550980,2
1599270,1
227780,1
227780,2
2629650,1
2629650,2
1357610,1
1357610,2
619480,1
619480,4
2679520,1
2679520,2
2792370,1
3461430,1
3461430,5
2332160,1
2332160,3
1386090,1
2823420,1
1206280,1
1206280,2
2190400,1
1559590,1
1043480,1
1043480,2
1043480,5
685130,1
2125050,1
2125050,3
2125050,5
1159020,1
1159020,3
1159020,4
2731640,1
2731640,3
1176560,1
2762290,1
2762290,2
2762290,3
2762290,4
2961510,1
1121930,1
1121930,4
1014310,1
1014310,2
3107590,1
1947530,1
1947530,4
2714210,1
2714210,2
1511500,1
372430,1
372430,2
372430,5
3459500,1
825480,1
380360,1
380360,2
2792400,1
2792400,3
650110,1
650110,3
2193760,1
2193760,2
1983740,1
1983740,3
2527370,1
3248210,1
1510730,1
3267980,1
3267980,2
3267980,4
208640,1
208640,3
1638710,1
1638710,2
3216900,1
678460,1
678460,2
712870,1
585770,1
585770,2
1055240,1
2407100,1
595920,1
595920,4
3182240,1
3182240,2
2331890,1
680380,1
680380,2
680380,4
803800,1
1063470,1
1063470,4
1131580,1
1844640,1
1844640,2
1844640,3
1530440,1
1530440,4
3367740,1
3367740,2
3367740,5
603330,1
603330,2
1025740,1
660450,1
2758570,1
2758570,2
2758570,5
2273980,1
2273980,2
2423320,1
673060,1
523090,1
523090,2
530070,1
1849790,1
1849790,2
793060,1
793060,2
3485880,1
1562270,1
1203400,1
2119070,1
2119070,3
2051630,1
2051630,2
2792460,1
1212940,1
1212940,2
644610,1
644610,2
575430,1
575430,2
1259470,1
1259470,2
1573500,1
1573500,2
1573500,4
534370,1
1489120,1
1489120,2
2557520,1
447020,1
327560,1
1587390,1
1587390,2
2563850,1
2563850,2
3122980,1
3122980,2
1371560,1
1583590,1
975700,1
2157100,1
2157100,2
2997220,1
2997220,2
2997220,3
2889190,1
741520,1
1147980,1
1147980,3
2712720,1
2712720,2
2712720,3
2330490,1
2224350,1
2224350,2
2224350,3
1385320,1
1385320,2
1380010,1
2288770,1
3053330,1
1997010,1
454230,1
1493840,1
1493840,3
2441260,1
214250,1
1443360,1
1443360,3
1537080,1
1537080,2
595990,1
595990,2
595990,3
1454050,1
1454050,4
2928610,1
2928610,3
1292050,1
1482640,1
1475670,1
840880,1
3061030,1
1512370,1
1512370,3
2301630,1
2301630,3
1891440,1
375680,1
628730,1
3034630,1
2596100,1
2596100,4
3302620,1
1586880,1
1586880,2
1586880,5
1000380,1
796260,1
796260,2
3119950,1
3119950,3
3119950,4
513060,1
3172640,1
931930,1
899100,1
899100,2
1474550,1
2374430,1
2374430,5
1496790,1
1496790,2
2776280,1
2776280,4
1394340,1
1394340,4
714030,1
714030,2
714030,3
460340,1
1298520,1
1298520,3
1542840,1
1542840,2
517010,1
517010,5
3074770,1
3074770,3
1161270,1
1161270,2
841110,1
841110,2
1453990,1
1453990,2
1453990,3
2403320,1
1872050,1
1872050,4
1462640,1
1884650,1
963170,1
963170,2
963170,3
652200,1
1594370,1
1594370,5
2257450,1
2257450,2
2257450,4
1469370,1
2510680,1
2807240,1
2807240,4
2807240,5
3166930,1
3166930,5
1953620,1
1953620,3
1953620,5
2748240,1
2748240,2
2552600,1
2552600,2
2552600,3
588290,1
354620,1
354620,2
3366870,1
3366870,5
3079230,1
1490410,1
2364970,1
757850,1
1013140,1
2396640,1
2396640,2
2396640,5
390560,1
390560,2
1705880,1
1705880,2
2224440,1
2224440,3
2224440,4
1258960,1
1355510,1
1355510,2
765710,1
2799690,1
2799690,2
985740,1
985740,3
973350,1
456670,1
456670,2
1196630,1
1330290,1
1330290,2
1330290,3
3042850,1
3042850,4
3042850,5
734730,1
1281810,1
889160,1
889160,2
889160,3
889160,4
2183690,1
2183690,3
3381080,1
1595460,1
2005080,1
2884020,1
2884020,2
2884020,3
2884020,4
3016640,1
3016640,2
234370,1
234370,2
234370,3
1857340,1
1471630,1
1278150,1
1588560,1
1588560,2
1588560,3
1266680,1
555060,1
2808750,1
2808750,2
2808750,4
312560,1
312560,2
3310200,1
925090,1
2619510,1
2619510,3
2619510,4
341940,1
558740,1
2219180,1
2219180,2
2219180,3
1850740,1
972650,1
972650,2
972650,3
512770,1
512770,2
2571140,1
2571140,4
962150,1
962150,2
236290,1
1136870,1
1136870,2
1136870,4
1237080,1
1158660,1
830430,1
1855890,1
1855890,4
1066040,1
3250890,1
3250890,2
1857020,1
1857020,4
3031650,1
3031650,2
1971770,1
1971770,2
1560480,1
836280,1
836280,5
1558970,1
1147500,1
1147500,3
753570,1
753570,3
753570,4
2223460,1
2223460,3
738620,1
521140,1
521140,2
521140,3
583860,1
583860,4
867750,1
867750,4
409610,1
438030,1
3270330,1
2013150,1
2013150,2
2013150,4
1786750,1
1786750,2
2234370,1
3065480,1
1929650,1
2931530,1
2931530,3
607360,1
607360,3
2169790,1
1952750,1
1952750,2
941000,1
941000,2
1390920,1
1390920,2
1371170,1
747210,1
1370000,1
522230,1
769980,1
1010000,1
1010000,2
586110,1
491540,1
1945970,1
1945970,2
1915240,1
1915240,2
2123450,1
3174960,1
2269010,1
943590,1
943590,4
567660,1
398240,1
1548190,1
2120070,1
2120070,4
208620,1
1981020,1
1004030,1
1550990,1
2914930,1
2630520,1
2630520,2
2630520,5
2797180,1
2797180,2
1917550,1
1854250,1
1854250,2
2018320,1
2018320,4
1403840,1
1827690,1
1827690,2
1827690,4
735600,1
1894100,1
1894100,2
1894100,3
1175980,1
1175980,2
2163860,1
2163860,4
1472740,1
2599560,1
947260,1
947260,2
305860,1
687510,1
2816390,1
2816390,4
1204110,1
1204110,5
828520,1
828520,3
1046330,1
2538910,1
314350,1
3226550,1
671850,1
2226080,1
825110,1
3460570,1
894610,1
894610,2
894610,4
1945750,1
264080,1
264080,2
264080,3
3009010,1
3313290,1
3313290,2
1318420,1
1318420,3
926440,1
926440,2
2223230,1
1640120,1
1640120,2
588140,1
588140,2
803590,1
803590,3
1960060,1
1960060,2
2855580,1
2855580,2
2510010,1
2510010,2
2510010,5
1472560,1
1472560,4
266330,1
266330,3
2784980,1
2784980,2
2295580,1
2295580,4
2444290,1
2444290,3
364000,1
1518820,1
1918080,1
1201620,1
218700,1
2988780,1
2988780,2
2136390,1
3215270,1
3215270,2
2653880,1
2653880,3
2438020,1
2438020,2
2438020,3
38490,1
38490,4
2009510,1
2009510,2
2569850,1
2569850,2
1301520,1
1301520,2
648870,1
927120,1
927120,2
2719610,1
2719610,2
1115450,1
1115450,3
1471120,1
2390940,1
2390940,2
2390940,5
2707420,1
2023070,1
2023070,2
731180,1
731180,2
785130,1
785130,2
3394910,1
1234540,1
3172400,1
751640,1
751640,3
751640,4
1995180,1
1995180,5
544390,1
686260,1
686260,2
686260,5
2623090,1
2473950,1
2473950,2
2473950,3
3363480,1
1418610,1
1418610,2
1418610,4
2369610,1
269010,1
269010,2
2741480,1
2741480,2
3096820,1
2445540,1
1440890,1
2230680,1
2230680,2
1564700,1
254100,1
254100,2
3153890,1
3153890,3
3153890,5
1210470,1
1210470,4
662200,1
709750,1
709750,2
2721690,1
2721690,3
3222190,1
3222190,2
3222190,3
2134540,1
2134540,2
3189150,1
3189150,2
1008680,1
3143520,1
3143520,2
2154250,1
2154250,2
2517190,1
2517190,2
2157060,1
1327820,1
2708800,1
2708800,3
2260100,1
1883710,1
2490080,1
1148530,1
425210,1
425210,3
630630,1
630630,2
630630,3
1834960,1
1992020,1
1992020,2
1341050,1
1341050,4
1997590,1
1997590,3
1997590,4
334490,1
334490,2
334490,4
977980,1
3316650,1
2604600,1
108500,1
108500,3
432250,1
239120,1
809540,1
652570,1
1194720,1
1447050,1
1447050,2
1447050,5
1396580,1
1178310,1
2464670,1
1412950,1
1412950,3
2971360,1
2347760,1
2347760,3
2492800,1
2492800,2
1137070,1
1137070,5
872110,1
365450,1
365450,2
1983520,1
2311070,1
2311070,2
2621670,1
1144250,1
3409570,1
1911800,1
1911800,2
2669320,1
2669320,2
3149720,1
3149720,2
3149720,5
2854850,1
2854850,2
2854850,3
2854850,4
2571600,1
2571600,3
2571600,4
408250,1
408250,2
408250,5
1400970,1
522200,1
522200,2
1406900,1
1406900,2
751330,1
751330,2
751330,5
3150020,1
2187730,1
2187730,4
2775570,1
2003970,1
2003970,4
2217060,1
2217060,2
2119550,1
2267990,1
2804960,1
545490,1
2263130,1
2263130,4
2263130,5
887910,1
887910,2
900010,1
900010,4
2311790,1
2311790,2
1604100,1
2239850,1
2239850,2
2292220,1
2292220,2
1429100,1
634410,1
634410,3
1209980,1
1209980,3
1136830,1
1136830,2
1958860,1
1958860,5
1258200,1
1258200,2
2521450,1
2521450,4
204630,1
204630,2
2588780,1
1360130,1
1360130,2
929310,1
2840480,1
2840480,2
1193450,1
1193450,2
1193450,3
1397360,1
1397360,4
1397360,5
1755990,1
1755990,4
1474390,1
1474390,2
2763930,1
1782790,1
718040,1
2232110,1
2232110,3
2314580,1
2218930,1
2218930,3
2279620,1
3409560,1
2433220,1
2433220,2
1399280,1
1420680,1
2291950,1
691240,1
691240,2
1306580,1
459370,1
459370,2
459370,4
617980,1
1928870,1
1448170,1
2923460,1
2923460,2
2923460,3
2700620,1
2700620,3
2797310,1
2797310,2
596470,1
596470,2
625340,1
625340,2
546080,1
3248320,1
3248320,2
3248320,3
290730,1
2193040,1
957070,1
957070,2
1567870,1
1567870,2
1589730,1
1589730,2
1742690,1
1742690,2
1742690,3
1993180,1
1993180,2
429520,1
429520,5
3300280,1
841770,1
841770,2
2187690,1
2187690,3
1083070,1
1083070,2
1083070,4
2162950,1
891850,1
1449500,1
1449500,2
1449500,3
2859190,1
2859190,2
1777320,1
1777320,3
2378310,1
381890,1
1989940,1
1989940,2
1989940,3
758730,1
758730,2
3330460,1
377310,1
377310,2
377310,3
265590,1
2995460,1
2995460,2
3153620,1
583150,1
3304490,1
1757360,1
1757360,2
2553840,1
2553840,2
1434540,1
1031220,1
1031220,2
1241590,1
2486970,1
2486970,2
2931280,1
2931280,2
2931280,3
2931280,5
794650,1
794650,2
794650,3
535370,1
535370,2
535370,3
1961460,1
1961460,4
1961460,5
2382470,1
2382470,2
2286990,1
3146050,1
3146050,2
1064920,1
62100,1
62100,2
829560,1
829560,3
1587940,1
1587940,2
1587940,5
250050,1
250050,2
1340480,1
1340480,2
1340480,4
1868550,1
1291370,1
1291370,2
3015580,1
3015580,2
627450,1
627450,4
565030,1
916030,1
916030,2
916030,4
3061450,1
3061450,2
3061450,3
2656900,1
2005670,1
2005670,4
2420140,1
2372750,1
1970510,1
1970510,2
383740,1
383740,4
383740,5
1502560,1
1744380,1
1744380,3
341750,1
341750,2
2025720,1
2025720,2
2025720,3
1024790,1
1024790,2
1024790,4
1024790,5
1079260,1
1079260,2
2268440,1
2772470,1
1572800,1
453390,1
453390,2
2745110,1
2523650,1
2523650,2
1602980,1
508300,1
2473040,1
2487620,1
2487620,2
3275200,1
3275200,2
783850,1
1481810,1
1481810,2
3249090,1
3249090,2
1453440,1
1453440,2
1453440,3
3045540,1
3045540,4
2130680,1
2130680,3
981880,1
981880,2
730620,1
730620,2
730620,4
2336970,1
2012450,1
2012450,2
2012450,4
1172480,1
1172480,2
1620340,1
647570,1
647570,2
2664540,1
2664540,3
3296600,1
3296600,2
3296600,3
3296600,4
705670,1
705670,3
705670,4
209000,1
209000,2
1002480,1
1002480,2
551360,1
551360,2
551360,5
254320,1
254320,2
254320,4
2979950,1
700920,1
700920,2
501270,1
501270,2
337960,1
337960,2
2264200,1
2264200,2
2264200,3
1182070,1
1182070,4
3383930,1
3383930,2
3262720,1
2542370,1
2542370,2
2542370,4
2758350,1
2758350,3
2758350,4
1174200,1
1507310,1
1441180,1
1441180,2
1652700,1
3109000,1
2941810,1
1252830,1
1252830,2
1252830,4
1493880,1
1190900,1
2282990,1
676310,1
676310,3
676310,5
1372370,1
2510770,1
1176190,1
1176190,2
1176190,3
1176190,4
1473030,1
1473030,2
769150,1
769150,2
769150,3
769150,5
1578170,1
1578170,2
1578170,3
1985810,1
1985810,2
2815760,1
2815760,3
3008860,1
3369370,1
3369370,2
1012180,1
2219150,1
2219150,2
2219150,3
521590,1
521590,3
1975350,1
1056010,1
2730530,1
2730530,2
2609120,1
2609120,2
513550,1
513550,2
1931470,1
1931470,4
553340,1
553340,2
2491380,1
879410,1
879410,4
526470,1
526470,4
986040,1
2198590,1
2198590,2
811320,1
811320,3
811320,4
2477100,1
2477100,3
2787590,1
2787590,4
1398070,1
1918790,1
1918790,4
1778320,1
2329480,1
2650680,1
2650680,2
1371620,1
1371620,2
1371620,3
1916740,1
1912900,1
1912900,2
1618050,1
1274210,1
1274210,3
872310,1
872310,2
602790,1
752710,1
752710,2
1186940,1
1186940,2
1186940,4
2507950,1
2507950,2
2178970,1
1617010,1
1617010,4
1758060,1
1758060,3
1758060,4
2687990,1
1780960,1
1780960,2
3230240,1
3230240,2
3266350,1
3266350,2
1651390,1
893640,1
488300,1
917800,1
917800,2
917800,4
1280590,1
1402380,1
1402380,4
3080790,1
3080790,2
3080790,4
3363450,1
3363450,3
3363450,4
428460,1
2443910,1
3327950,1
1738610,1
729920,1
3240230,1
3240230,3
3262490,1
3262490,2
3262490,4
1747830,1
1497530,1
1497530,2
620980,1
1361510,1
1228520,1
1377550,1
1377550,2
2520000,1
2415980,1
2415980,3
782190,1
1544420,1
1544420,4
1541690,1
1541690,2
1541690,4
565390,1
565390,2
565390,4
565390,5
1411670,1
1411670,2
1411670,5
665110,1
959770,1
1024070,1
1024070,2
1024070,3
958300,1
1843780,1
2836730,1
2836730,2
2339820,1
2339820,2
2339820,4
417310,1
2941930,1
2424880,1
404420,1
404420,2
2174330,1
2174330,4
2816920,1
2816920,2
394260,1
945280,1
945280,3
1288030,1
3002860,1
3002860,2
3002860,4
3319710,1
3319710,2
3319710,3
369460,1
369460,2
369460,5
2670520,1
2670520,2
1997420,1
1997420,3
987190,1
987190,5
2157290,1
2157290,3
1302860,1
1302860,3
1291540,1
1308130,1
1308130,2
1395120,1
1606180,1
1606180,2
670080,1
670080,2
1309350,1
1309350,3
2130540,1
2130540,2
2130540,4
2434620,1
1886670,1
1980530,1
1161800,1
1161800,2
1161800,3
1512530,1
1512530,3
725480,1
849410,1
2515290,1
2515290,4
734870,1
734870,2
734870,3
486490,1
486490,2
2564660,1
2564660,2
2598930,1
1928300,1
2986940,1
992560,1
1746420,1
1746420,2
3217990,1
2831560,1
2831560,2
852910,1
1737220,1
2441200,1
2441200,2
862220,1
2163030,1
2163030,2
2163030,3
2213770,1
1190190,1
1973580,1
2703260,1
2703260,2
871100,1
871100,4
2480720,1
2480720,2
951920,1
2056320,1
2056320,3
2056320,4
3420140,1
1174810,1
1174810,2
1174810,3
1174810,4
2453280,1
2453280,2
1469840,1
645260,1
1609640,1
1609640,2
1033360,1
1033360,4
2907260,1
2907260,2
2425790,1
2425790,4
341150,1
341150,2
1294230,1
1294230,2
1294230,4
1384870,1
1384870,2
1384870,4
744980,1
744980,2
744980,3
1046350,1
1046350,2
1046350,4
415330,1
415330,2
1247860,1
2927890,1
372570,1
372570,3
656190,1
656190,3
636030,1
636030,2
2653910,1
863270,1
2001070,1
645780,1
645780,2
645780,3
1142070,1
1142070,3
2213730,1
2213730,2
773840,1
773840,2
3262190,1
3504260,1
1841780,1
494440,1
3234550,1
1653860,1
1653860,5
2917990,1
393200,1
1629190,1
1219790,1
1219790,2
1219790,3
1219790,4
3122540,1
3122540,3
3122540,4
2396180,1
2302210,1
2302210,4
1005520,1
2534020,1
2534020,3
2966630,1
2966630,2
424250,1
424250,3
1614340,1
1614340,4
1867480,1
2056570,1
34640,1
34640,2
1170170,1
1988430,1
1988430,2
1025390,1
1025390,2
897880,1
1292750,1
1292750,2
1530260,1
2369390,1
2369390,2
2680310,1
2680310,2
1753130,1
1753130,2
700480,1
356730,1
356730,4
1453460,1
1453460,2
1490130,1
442500,1
2118580,1
2691490,1
2228220,1
1972990,1
3089600,1
1658370,1
2864830,1
2353830,1
2353830,2
2353830,4
841440,1
841440,4
1738570,1
2705370,1
2705370,2
846130,1
1871450,1
2271740,1
2271740,5
3374360,1
3374360,2
3374360,3
756340,1
756340,2
756340,4
1885990,1
1885990,3
1885990,4
340050,1
340050,5
1034230,1
1034230,2
1915330,1
2002790,1
2002790,2
2431310,1
2431310,2
2393550,1
2393550,2
1991910,1
2902090,1
358750,1
358750,2
750840,1
750840,2
750840,3
275490,1
2469330,1
859570,1
859570,3
717840,1
1412000,1
2368160,1
2368160,2
712190,1
1007490,1
1007490,2
915430,1
915430,4
2007740,1
341090,1
341090,2
2620460,1
2620460,4
1269640,1
918820,1
918820,3
3190340,1
1282830,1
1459580,1
1459580,2
1459580,3
3491310,1
3491310,2
2020080,1
2020080,2
2020080,4
2020080,5
1117330,1
1117330,2
466270,1
317840,1
317840,3
2972640,1
2972640,3
2972640,4
2972640,5
354780,1
354780,2
498330,1
498330,2
2959000,1
421740,1
421740,2
421740,4
285580,1
285580,2
285580,4
1395780,1
1395780,2
1395780,5
2938850,1
2938850,2
495520,1
495520,4
1208370,1
1208370,2
1208370,3
749480,1
671150,1
3224330,1
3224330,3
2446500,1
3079440,1
3079440,2
2566090,1
2566090,2
1641020,1
3056090,1
3094740,1
2901210,1
1743410,1
1743410,2
2999820,1
2999820,2
2398300,1
2398300,2
945740,1
945740,3
277490,1
277490,2
1458530,1
1458530,2
1872060,1
1872060,2
2852470,1
652940,1
652940,2
699480,1
2251500,1
553410,1
553410,2
690420,1
690420,2
2900420,1
2900420,2
1587570,1
3501390,1
3501390,2
1742480,1
907650,1
907650,2
907650,3
717380,1
717380,2
717380,3
717380,5
2053760,1
2053760,2
3408580,1
3408580,3
1493230,1
1493230,5
1337710,1
1337710,2
3019750,1
3019750,2
3019750,3
1569180,1
1569180,2
1569180,5
2314050,1
1840570,1
3188550,1
374900,1
374900,4
1166490,1
1166490,2
1300650,1
1300650,2
1300650,4
1584770,1
1584770,3
1584770,5
1057980,1
790570,1
246840,1
3348660,1
3348660,2
3348660,3
1189250,1
1189250,2
2790530,1
1477330,1
1477330,4
3495500,1
1899450,1
1899450,2
379660,1
2213640,1
1958540,1
1652030,1
1652030,2
553440,1
553440,2
819370,1
644830,1
2216060,1
2216060,3
2216060,5
1927440,1
235520,1
597170,1
597170,4
2116840,1
2116840,2
855010,1
855010,2
855010,3
855010,4
2669730,1
2669730,2
2669730,5
2921380,1
2921380,2
3484310,1
305490,1
1256430,1
1663440,1
2367780,1
2925990,1
3136020,1
3136020,2
855030,1
1484900,1
1484900,2
865760,1
2738770,1
1787320,1
778110,1
778110,2
700100,1
700100,2
700100,3
700100,4
2948440,1
2948440,2
912500,1
869760,1
1019590,1
1019590,2
1019590,3
2227960,1
933770,1
2752230,1
1354230,1
2390820,1
2390820,2
1142130,1
1142130,2
1142130,4
433320,1
433320,3
866520,1
866520,2
866520,4
1585590,1
1585590,2
3101670,1
3101670,2
2669080,1
2479510,1
640820,1
640820,2
2183320,1
2183320,5
301700,1
3144380,1
3144380,2
3144380,3
844760,1
844760,3
1469430,1
624320,1
624320,2
1384030,1
1384030,4
1384030,5
1295280,1
1295280,4
1295280,5
1465450,1
337880,1
337880,2
1259830,1
1156760,1
1945010,1
1871010,1
697710,1
697710,3
1934990,1
1934990,4
1927740,1
1927740,3
1927740,4
2305310,1
2305310,3
3435430,1
3435430,2
3435430,3
2191670,1
3067050,1
3067050,2
3067050,3
473810,1
473810,2
473810,4
1655060,1
517680,1
517680,2
1485860,1
1485860,2
643590,1
643590,2
2358600,1
2358600,2
2457280,1
1491680,1
1491680,2
1491680,3
451080,1
451080,2
1983700,1
1983700,2
952140,1
952140,2
2227340,1
2227340,2
2227340,3
875800,1
1273580,1
1273580,2
1273580,3
420980,1
420980,2
420980,3
2968400,1
461410,1
461410,2
519030,1
1269620,1
1269620,2
1269620,5
1480410,1
2190280,1
1745030,1
1745030,4
3028430,1
2697640,1
3115360,1
3115360,2
3115360,4
1857550,1
1857550,4
2309870,1
566530,1
566530,2
566530,5
1635440,1
1635440,3
1933450,1
1933450,2
1933450,4
3326290,1
3326290,2
3326290,4
669390,1
669390,2
1916380,1
1916380,4
3468820,1
3468820,2
3468820,4
1371160,1
1040490,1
1040490,4
2004060,1
1927710,1
682160,1
682160,4
906930,1
906930,2
906930,3
647050,1
1429040,1
1429040,2
1418790,1
1418790,4
622150,1
1217050,1
2368470,1
2368470,2
2368470,3
1316680,1
787780,1
787780,2
1987350,1
1987350,2
1966590,1
1966590,2
1966590,3
3086060,1
3086060,4
2485150,1
1152020,1
1152020,2
485360,1
2727470,1
2727470,3
2727470,5
666910,1
2493980,1
2464530,1
2464530,4
1994860,1
2175110,1
2175110,2
333430,1
333430,2
1630130,1
1630130,4
2685610,1
2685610,2
2793370,1
2793370,3
2395510,1
2395510,2
365580,1
365580,2
1499960,1
1499960,2
1499960,3
555040,1
555040,4
993520,1
2761290,1
1545970,1
1545970,2
3445290,1
2645650,1
987670,1
987670,4
3168120,1
3168120,2
3168120,3
882990,1
882990,2
2370390,1
991070,1
991070,3
3093150,1
3093150,2
2264400,1
1035880,1
2142230,1
1396500,1
1396500,3
2017060,1
2017060,2
2017060,4
230070,1
2466820,1
2466820,3
556640,1
556640,2
2196100,1
2196100,2
2196100,4
3271490,1
1115040,1
1115040,4
663210,1
663210,2
2053750,1
2053750,3
1126990,1
2506900,1
2506900,2
212010,1
212010,4
768800,1
768800,2
1493960,1
1493960,2
1493960,4
2599540,1
772710,1
3213720,1
2490930,1
2490930,3
1482800,1
1482800,2
1232890,1
2179170,1
2179170,3
521280,1
521280,2
3192960,1
3192960,2
1565240,1
2681340,1
2681340,2
2609800,1
2223540,1
2223540,2
2812020,1
436950,1
436950,2
2870910,1
2765860,1
2765860,2
2765860,4
425580,1
425580,4
425580,5
1539080,1
255280,1
2138380,1
2138380,2
2138380,3
2425400,1
2239130,1
1858450,1
1858450,2
1442460,1
499340,1
499340,2
928300,1
928300,2
928300,3
928300,4
2945370,1
2945370,2
1331370,1
1331370,3
554220,1
554220,3
1062050,1
3136930,1
435780,1
435780,2
2850190,1
2850190,2
2850190,4
1469610,1
1469610,2
776270,1
776270,3
2265210,1
2293570,1
2293570,3
2293570,4
2334220,1
1034610,1
2654670,1
2654670,3
2960090,1
2960090,4
2916430,1
2916430,2
2167770,1
2167770,2
2753140,1
1456720,1
389670,1
562410,1
562410,2
562410,4
684940,1
684940,2
3100910,1
821360,1
1519490,1
1519490,4
657090,1
657090,3
869650,1
869650,2
288970,1
2911390,1
2911390,2
991260,1
826390,1
2645600,1
2645600,2
2645600,3
1183600,1
2184770,1
2655570,1
2119680,1
1276330,1
1276330,3
1276330,4
1790700,1
1790700,2
663160,1
2424720,1
2424720,2
1761030,1
1761030,2
1954010,1
958640,1
1737340,1
1737340,3
304190,1
304190,3
304190,4
675960,1
675960,2
2919770,1
2919770,2
2169270,1
2169270,2
2169270,3
1318240,1
335200,1
2588230,1
2216010,1
2216010,5
1419150,1
2116750,1
450060,1
2225750,1
2225750,3
