publisher_id,name,country,founding_year,size,is_closed,continent
1,((no-end-parens Studio,USA,2014,indie,False,America
2,(Mark Ainsworth),Russia,2016,mid,False,Europe
3,(주)펀웨이브,Germany,1992,indie,False,Europe
4,.M.Y.W.,Russia,1998,indie,False,Europe
5,.ez Games,Canada,1984,indie,False,America
6,0 Deer Soft,USA,1991,mid,False,America
7,0-Game Studios,Germany,1996,indie,False,Europe
8,072 Project,Japan,1990,mid,False,Asia
9,0Cube,USA,1987,indie,False,America
10,1 Look Games,USA,2001,indie,False,America
11,1 w programmer,USA,2018,indie,False,America
12,10 games studios,Canada,1975,mid,False,America
13,100 Cats,USA,2004,mid,True,America
14,1000-REKA,Australia,2022,indie,False,Oceania
15,10101 Software,USA,1990,indie,False,America
16,101XP,Germany,2017,mid,False,Europe
17,1029studio,Japan,1980,indie,False,Asia
18,1047 Games,Russia,2007,indie,False,Europe
19,10mg,Canada,1995,indie,False,America
20,10tons Ltd,USA,1981,aaa,False,America
21,10x10 Room,UK,1988,indie,False,Europe
22,11 bit studios,Japan,1992,indie,False,Asia
23,11000AD,USA,2021,indie,False,America
24,1122 Industries,Japan,1980,indie,False,Asia
25,11Sheep,Russia,2001,indie,False,Europe
26,1337 Game Design,France,1992,indie,False,Europe
27,160dev,Canada,2001,indie,False,America
28,17-BIT,France,1999,indie,False,Europe
29,1812 Productions,USA,2014,indie,True,America
30,1984pxls,UK,1983,indie,False,Europe
31,1MP,UK,2013,indie,False,Europe
32,1kcal,USA,2016,indie,False,America
33,2 Cubs Studio,USA,1985,indie,False,America
34,2 Devi LLC,Canada,1975,indie,False,America
35,2 Hit Studio,Germany,1986,indie,False,Europe
36,2 Left Thumbs,Sweden,1976,mid,False,Europe
37,2112Games,Poland,2018,indie,False,Europe
38,221GAMES,Germany,1986,indie,False,Europe
39,23:23 Team,USA,1978,indie,False,America
40,2645Interactive,USA,1980,indie,False,America
41,26horses,UK,1994,indie,False,Europe
42,2816292563,Japan,1990,indie,False,Asia
43,29Ninja,Germany,1980,indie,False,Europe
44,29x,Canada,2007,indie,False,America
45,2A T.E.,USA,1994,indie,False,America
46,2Awesome Studio,Poland,1975,mid,False,Europe
47,2Bit Studios,France,1993,indie,False,Europe
48,2Chance Projects,Sweden,2022,indie,False,Europe
49,2D Heroes,USA,2021,indie,False,America
50,2Hyper,Japan,2016,indie,False,Asia
51,2K,UK,1980,aaa,False,Europe
52,2K Games,Russia,2019,indie,False,Europe
53,2KG GAMING,UK,1994,indie,False,Europe
54,2P Games,Poland,2005,mid,False,Europe
55,2Z,USA,1988,indie,False,America
56,2ev1l,USA,2018,mid,False,America
57,2humanstudiowo,USA,2007,indie,False,America
58,2nd Best Games,USA,2001,indie,False,America
59,2ndUp Studios,Germany,1980,indie,False,Europe
60,2nek,Australia,2008,indie,False,Oceania
61,2pt Interactive,UK,1985,indie,False,Europe
62,2tainment GmbH,Japan,2013,indie,False,Asia
63,2xDal,Sweden,2014,indie,False,Europe
64,3 Feet From Gold Games,Germany,1994,indie,False,Europe
65,3 Gnomes Games,Canada,1979,indie,False,America
66,3 Sprockets,Australia,2010,mid,False,Oceania
67,3000AD,UK,2008,mid,False,Europe
68,3000Studio,Australia,1982,indie,False,Oceania
69,333Ba,UK,2014,indie,False,Europe
70,34BigThings srl,Germany,1981,indie,False,Europe
71,3D FACTORY,UK,2011,indie,False,Europe
72,3D Realms,Sweden,1977,mid,False,Europe
73,3DI LLC,Australia,2009,indie,False,Oceania
74,3DIQ,USA,1999,indie,False,America
75,3MA Studios,USA,2013,indie,False,America
76,3Mind Games,USA,1985,indie,False,America
77,3dm_live_wallpapers,France,1998,mid,False,Europe
78,3lb Games,Russia,1990,indie,False,Europe
79,4 Gladiators Studio,Poland,2012,indie,False,Europe
80,430Games,USA,1979,indie,False,America
81,480 Games,USA,1987,indie,False,America
82,"4DAYS LAB Co., Ltd.",Australia,1993,indie,False,Oceania
83,4Divinity,USA,1990,indie,False,America
84,4H StudioLab,Sweden,1997,indie,False,Europe
85,4th Foundation,Poland,1979,indie,False,Europe
86,5 Hours of Sleep,USA,1978,indie,False,America
87,505 Games,USA,2003,mid,False,America
88,5K Gamers,USA,2020,indie,False,America
89,5PM Studio,USA,2022,indie,False,America
90,5minlab Corp.,France,1994,indie,False,Europe
91,5pb,UK,2004,indie,False,Europe
92,616 GAMES,Poland,2002,indie,False,Europe
93,626 Interactive,Russia,1995,indie,False,Europe
94,66games,UK,2010,indie,False,Europe
95,6Zeri,USA,2012,indie,False,America
96,727 Not Hound,UK,2014,indie,False,Europe
97,74games,Germany,1996,indie,False,Europe
98,7DOTS,UK,2018,mid,False,Europe
99,7Games,France,2021,indie,False,Europe
100,7Levels,USA,1981,indie,False,America
101,8BitSkull,Russia,2016,indie,False,Europe
102,8Floor,France,1976,aaa,False,Europe
103,8floor,Russia,2019,aaa,False,Europe
104,90% Studios,France,1985,indie,False,Europe
105,96Brothers,USA,2022,indie,False,America
106,98 INTERACTIVE,Germany,2001,indie,False,Europe
107,9gyar,Sweden,1984,indie,False,Europe
108,A Few Dragons,France,2006,indie,False,Europe
109,A Little More Games,France,1985,indie,False,Europe
110,A Maniacal Game LP,UK,2014,indie,False,Europe
111,A Memory of Eternity,UK,1984,indie,True,Europe
112,A Sweet Studio,USA,1992,indie,False,America
113,A. Hagen,Russia,2020,indie,False,Europe
114,A9,USA,1997,indie,False,America
115,A9019,USA,2015,indie,False,America
116,A:TroY,Sweden,2015,indie,False,Europe
117,AAD Productions,USA,1983,mid,False,America
118,AB SOFT,Japan,2020,indie,False,Asia
119,ACG creator,USA,1977,mid,False,America
120,ACQUIRE Corp.,France,1992,mid,False,Europe
121,AC_GameDev,France,2022,mid,False,Europe
122,ACreativeGame Studio,Russia,2010,indie,False,Europe
123,ADVANCETec,USA,2014,indie,False,America
124,AEL Entertainment,USA,1986,indie,False,America
125,AFBIK Studio,Poland,1996,indie,False,Europe
126,AGO Games,Japan,2016,indie,True,Asia
127,AGT - Almost Game Things,Sweden,2015,indie,False,Europe
128,AGaming+,UK,1999,indie,True,Europe
129,AHui.Game,Germany,1986,indie,False,Europe
130,AIKUN,Poland,1991,indie,True,Europe
131,AIO_Games,Russia,1994,indie,False,Europe
132,AITSYS,USA,2000,indie,False,America
133,AIXLAB,France,1996,indie,True,Europe
134,AK Studio,Germany,1991,indie,False,Europe
135,AKM Games,France,2021,indie,False,Europe
136,ALFINA WORLD GAME PUBLISHING,UK,2000,indie,False,Europe
137,ALICE IN DISSONANCE,USA,1977,indie,False,America
138,ALIEN studio,UK,2015,indie,False,Europe
139,ALOOF PROJECT,Japan,1983,indie,False,Asia
140,ALPHY,Germany,2008,mid,False,Europe
141,AMC Games,Japan,2021,indie,False,Asia
142,AMG GAMES,UK,2019,mid,False,Europe
143,AMICUM,Australia,2014,indie,False,Oceania
144,AMMC Games,USA,1999,indie,False,America
145,"AN GAMES Co.,Ltd",USA,2016,indie,False,America
146,ANAGRAM,Sweden,2012,indie,True,Europe
147,ANEMONA GAMES,USA,1981,indie,False,America
148,ANFWorks,Poland,2010,indie,False,Europe
149,"ANIEDU Co., Ltd.",Sweden,2005,indie,False,Europe
150,ANPA.US,USA,2003,aaa,False,America
151,AO Games,USA,2011,indie,False,America
152,APGames,USA,1976,indie,False,America
153,APOGAMES,USA,2021,indie,False,America
154,ARANJA STUDIO,Poland,2008,indie,False,Europe
155,ARCH Jerusalem,Australia,1995,indie,False,Oceania
156,ARCSTONE GAMES,Germany,2020,indie,False,Europe
157,ARES Inc.,UK,2012,mid,False,Europe
158,ART2.team,USA,2004,indie,False,America
159,ARTE France,Canada,1998,mid,False,America
160,ARTWARE Multimedia,Japan,2010,indie,False,Asia
161,ASOBI,UK,1980,indie,False,Europe
162,ATOMIC AGE CULTURE,UK,1988,indie,False,Europe
163,AURORA STUDIO,Poland,1996,indie,False,Europe
164,AVAKE,USA,2021,indie,False,America
165,AWS,USA,2010,indie,False,America
166,AXR-STUDIOS,Japan,2008,indie,False,Asia
167,Aarjvark,France,2022,indie,False,Europe
168,Aaron Cochrane,Poland,1996,indie,False,Europe
169,Aaron Dodo,France,2012,mid,False,Europe
170,Aaron Kunkle,UK,2017,indie,False,Europe
171,Aaron Steed,Germany,1986,indie,False,Europe
172,Abbey Games,USA,1985,indie,False,America
173,Abdulrahman Alshahrani,Sweden,1982,indie,False,Europe
174,Abiding Bridge,USA,1998,indie,False,America
175,Abii Studio Ltd.,Japan,2007,indie,False,Asia
176,Abnormal Software,Japan,2021,indie,False,Asia
177,Abolish,Australia,2002,indie,False,Oceania
178,Abomination Games,UK,2006,indie,False,Europe
179,AboveTuna,France,2000,indie,False,Europe
180,Absolutely Cookage,Russia,1989,indie,False,Europe
181,Absorb Reality,USA,1992,indie,False,America
182,Absorbed Studios,Poland,2005,indie,False,Europe
183,AbstrCAT,USA,1997,indie,False,America
184,Abstract Dream Games,USA,2005,indie,False,America
185,Abstract Software Inc.,UK,2020,indie,False,Europe
186,Abstract Void Interactive,France,2007,indie,False,Europe
187,AbstractArt,Japan,2009,mid,False,Asia
188,Abstractron,Australia,1980,indie,False,Oceania
189,AbsurdPoncho,USA,2015,indie,False,America
190,Abyid Studio,Germany,2018,indie,False,Europe
191,Abylight Studios,Sweden,2002,mid,False,Europe
192,Abyscon,Russia,2022,mid,False,Europe
193,Abyss,Russia,2014,indie,False,Europe
194,Abyssal Studios,USA,1989,indie,False,America
195,Accelerate Games,UK,1995,mid,False,Europe
196,Accenthd,UK,2016,indie,False,Europe
197,Accessed None,Sweden,2014,indie,False,Europe
198,Ace X Game Studio,Germany,2002,indie,False,Europe
199,Acetate123,Canada,1978,indie,False,America
200,Achisoft,USA,2022,indie,False,America
201,Achpile,USA,1982,mid,False,America
202,Acke Hallgren,USA,1977,indie,False,America
203,"Acme Nerd Games, LLC",Canada,2011,indie,False,America
204,Acram Digital,France,1986,indie,False,Europe
205,Active Games,USA,2008,indie,False,America
206,Active Up Games,Germany,2022,indie,False,Europe
207,Activision,Russia,2013,aaa,False,Europe
208,Activision Value Inc.,UK,2010,indie,True,Europe
209,Actual Nerds,France,1991,indie,False,Europe
210,Actuator Games LLC,Canada,1980,indie,False,America
211,AdTechGames,Sweden,1977,indie,False,Europe
212,Adage Games,Russia,1987,indie,False,Europe
213,Adam Avramov,Germany,1979,indie,False,Europe
214,Adam Bradley,UK,1989,mid,False,Europe
215,Adam Creations,USA,2008,indie,False,America
216,Adam DeLease,Australia,2006,indie,False,Oceania
217,Adam Edwards,UK,1991,indie,False,Europe
218,Adam Horvath,Sweden,1997,indie,False,Europe
219,Adam Mowery,USA,2000,indie,True,America
220,Adam Sklar,Sweden,2006,indie,False,Europe
221,Adam Soutar,Sweden,2000,indie,False,Europe
222,Adam Stępiński,USA,1983,mid,True,America
223,Adamvision Studios,UK,1988,mid,False,Europe
224,Addictive 247 Games,Canada,1994,indie,False,America
225,Adelante LTD,USA,2013,indie,False,America
226,Adem Kaya,Canada,1997,indie,False,America
227,Admia,Canada,2018,indie,False,America
228,Adriaan de Jongh,Japan,2022,indie,True,Asia
229,Adrien Pierret,Australia,1997,indie,False,Oceania
230,Adult4Fun,Canada,2016,indie,False,America
231,Advanced Interactive Gaming,USA,1990,indie,False,America
232,Adventure Group,Canada,2004,indie,False,America
233,Adventure Islands,UK,1983,mid,False,Europe
234,Adventurepro Games LLC,USA,1986,indie,False,America
235,Adventuresity,USA,2013,indie,False,America
236,Aegon Games,Japan,2007,indie,False,Asia
237,Aegon Games Ltd,Russia,1975,indie,False,Europe
238,Aerilon Studios,France,1976,indie,False,Europe
239,AeroSoft GmbH,Poland,1980,indie,False,Europe
240,Aerosoft GmbH,Sweden,2019,mid,False,Europe
241,Aestronauts,USA,2007,indie,False,America
242,Aeternum Game Studios S.L,Japan,1998,indie,False,Asia
243,Affinity Studios LLC,Germany,2019,indie,False,Europe
244,Afil Games,USA,1994,mid,False,America
245,African boy Keita studio,USA,1988,indie,False,America
246,Afterburn,Japan,1992,indie,False,Asia
247,Age of Fear,USA,2018,indie,False,America
248,AgeOfGames,Japan,2016,indie,False,Asia
249,Agent Emerson LLC,Germany,1992,indie,False,Europe
250,Aggroblakh,Japan,1999,indie,False,Asia
251,Agostta Games,Germany,1977,indie,False,Europe
252,Ahlman Game Studio,UK,1994,indie,False,Europe
253,Ahlman Games,USA,2020,mid,False,America
254,"Aidan ""AJ""James Ramsey",Poland,1989,indie,False,Europe
255,Aidan Andrews,Japan,2005,indie,False,Asia
256,Aiden Bradley,USA,2001,indie,False,America
257,Aidil,USA,1984,indie,False,America
258,Aikio,Poland,1992,indie,False,Europe
259,Aineko Games,Poland,1978,indie,False,Europe
260,Airem,Australia,2019,mid,False,Oceania
261,Ajay Arora,Poland,1997,indie,False,Europe
262,Ajay Arora Games,Germany,2004,indie,False,Europe
263,AkDang Games,USA,1978,indie,False,America
264,Akasha Apostles,Australia,2016,indie,False,Oceania
265,Akedo Studio,Japan,1989,indie,False,Asia
266,Akella,France,1991,mid,False,Europe
267,Akhir Pekan Studio,USA,2017,indie,False,America
268,AkriGames,Germany,1983,indie,False,Europe
269,Akselerasi Games Indonesia,Australia,2004,indie,False,Oceania
270,Aksys Games,UK,1991,mid,False,Europe
271,Akupara Games,UK,2016,mid,False,Europe
272,Alan,France,1994,indie,False,Europe
273,Alan Guan,Germany,2016,indie,False,Europe
274,Alarming Ladder Studios,USA,2017,indie,False,America
275,Alawar,USA,1984,indie,False,America
276,Alawar Casual,Australia,1997,mid,False,Oceania
277,Albert Espín,Poland,2018,indie,False,Europe
278,Albert Stirner Games,Russia,1997,indie,False,Europe
279,Albin Bernhardsson,Germany,2006,indie,False,Europe
280,Alcedo Games,Japan,2016,mid,False,Asia
281,Alda Games,USA,2008,indie,False,America
282,Alder Games,USA,2015,indie,False,America
283,Aldorlea,USA,1985,indie,False,America
284,Aldorlea Games,Russia,2016,mid,False,Europe
285,Alejandro Hervella,France,2003,indie,True,Europe
286,Aleksander Ciesielski,USA,1981,indie,False,America
287,Aleksander Vargas,Russia,2003,indie,False,Europe
288,Aleksandr Golovkin,USA,2021,indie,False,America
289,Aleksandr Mironov,France,2006,indie,False,Europe
290,Aleksandr Serdiuk,Russia,2019,indie,False,Europe
291,Aleksandr Serzhantov,USA,2010,indie,False,America
292,Alekse,UK,1996,indie,False,Europe
293,AlekseyN,Japan,1988,mid,False,Asia
294,Aleph=Null,USA,2020,indie,False,America
295,Alessandro Guzzo,USA,2004,indie,True,America
296,Alevys,France,1999,indie,False,Europe
297,Alex Crafts Bits,USA,1997,indie,False,America
298,Alex Le Mesurier,USA,1977,indie,False,America
299,Alex Loman,Japan,1977,indie,False,Asia
300,Alex SK,Japan,2016,indie,False,Asia
301,Alex VR,USA,2009,indie,False,America
302,Alex8778,Germany,2008,indie,False,Europe
303,AlexHoratio,Canada,2000,indie,False,America
304,AlexSantosWorks,USA,2022,indie,False,America
305,Alexander Bodén,Germany,1990,indie,False,Europe
306,Alexander Bogdanov,Russia,2012,indie,False,Europe
307,Alexander Kudryavy,UK,1990,indie,False,Europe
308,Alexander MacLeod,USA,2002,indie,False,America
309,Alexander Tavintsev,USA,2018,indie,False,America
310,AlexandrandRoman,Canada,2013,indie,False,America
311,Alexandre Martins Pereira,Japan,2004,indie,False,Asia
312,Alexey Chernov,Germany,1988,indie,False,Europe
313,Alexey Vershinin,USA,1988,indie,False,America
314,Alfa Bravo Inc,UK,1981,indie,False,Europe
315,Algoji,France,1979,indie,False,Europe
316,AlgumaCoisa Studio,USA,2004,indie,False,America
317,Ali,UK,2006,indie,False,Europe
318,Ali Kaan Duman,Australia,1989,indie,False,Oceania
319,Ali101 Game Studio,Poland,1989,indie,False,Europe
320,Alice & Smith,Canada,2021,indie,False,America
321,Alice Games,Japan,1979,indie,False,Asia
322,Alice Publication,USA,1976,indie,False,America
323,Alien  Science,Russia,2017,indie,True,Europe
324,AlienStudio,USA,2004,indie,False,America
325,Aligned Games,USA,1998,indie,False,America
326,AlikArt,Japan,1998,indie,False,Asia
327,AliveIn Tech Ltd.,USA,1976,indie,False,America
328,Alkame Games,Australia,1996,mid,False,Oceania
329,All Seeing Eye Games,Australia,2001,indie,False,Oceania
330,All Yes Good,Canada,2012,indie,False,America
331,All in! Games,Canada,1979,indie,False,America
332,Alley Catz Games,Japan,2008,indie,False,Asia
333,Allied Games Inc.,Sweden,1981,indie,False,Europe
334,Almost Games,USA,1983,mid,False,America
335,Alongini,Russia,1985,indie,False,Europe
336,Alpha Foundation,France,1985,indie,False,Europe
337,AlphaNuts,USA,1999,indie,False,America
338,Alright Peaches Studio,USA,2006,mid,False,America
339,Also Flgaming,Germany,1984,indie,False,Europe
340,Alt Space Games,Poland,1994,indie,False,Europe
341,Altabestudio,Russia,1995,indie,False,Europe
342,Altaire,USA,2015,indie,False,America
343,Altered Orbit Studios,Sweden,2019,indie,False,Europe
344,Alternate Fantasy Gaming,UK,1995,indie,False,Europe
345,Alternative Software Ltd,Sweden,1982,mid,False,Europe
346,AlyStudio,Russia,2019,indie,False,Europe
347,Amagumo Horn,Poland,2019,indie,False,Europe
348,Amand.Apps,USA,2003,indie,False,America
349,Amanita Design,Australia,2018,indie,False,Oceania
350,AmanotesJSC,USA,2010,indie,False,America
351,Amaterasu Software,France,1981,indie,False,Europe
352,Amayadori Development,USA,2021,indie,False,America
353,Ambitious Games,UK,1981,indie,False,Europe
354,Amelon360,Sweden,2006,indie,False,Europe
355,Amendment One Games,USA,2017,indie,False,America
356,Amethyst Ram Studios,USA,1979,indie,False,America
357,Amfib.io,Germany,1987,indie,False,Europe
358,Amigo VR Studio,USA,1978,indie,False,America
359,Amin Adukov,USA,2003,indie,False,America
360,AmmashDev,USA,1999,indie,True,America
361,Ammobox Studios,USA,2005,indie,False,America
362,Ammonite Design Studios Ltd,UK,1993,mid,False,Europe
363,Amonesus Games,Japan,2021,indie,False,Asia
364,Amped Horizon,Australia,2017,indie,False,Oceania
365,Amrita,Japan,2009,indie,False,Asia
366,Amrita Studio,Japan,1984,indie,False,Asia
367,Amusitronix,UK,2005,indie,False,Europe
368,Amy Nounou,Japan,1979,indie,False,Asia
369,An Arachnophobe,USA,1981,indie,False,America
370,An Occasional Gamer,USA,2009,indie,False,America
371,Analgesic Productions,Japan,2010,indie,True,Asia
372,Anamik Majumdar,USA,2007,aaa,False,America
373,Anarchy Interactive,Germany,1977,indie,False,Europe
374,AnatolianOrg,Poland,1985,indie,False,Europe
375,Anatoliy Loginovskikh,USA,1996,mid,False,America
376,Anaximanes Entertainment,USA,2002,indie,False,America
377,Ancho,USA,2014,indie,False,America
378,Anchor Reality,USA,2020,indie,False,America
379,Ancient Games DS,Russia,2013,indie,False,Europe
380,Ancient Most High Games,UK,1991,indie,False,Europe
381,Anden Studios,Germany,2011,indie,False,Europe
382,AnderShi,Russia,2016,indie,True,Europe
383,Andiks LTD.,USA,1996,indie,False,America
384,Andonis Gaja,Australia,2020,indie,False,Oceania
385,Andreas Aust,Japan,1978,indie,False,Asia
386,Andrew Connelly,USA,1998,mid,False,America
387,Andrew French,USA,2000,indie,False,America
388,Andrew Gardner,USA,2000,indie,False,America
389,Andrew Molina,USA,1992,indie,False,America
390,Andrew Rodenhiser,Australia,1990,indie,False,Oceania
391,Andrew Rowe,USA,2000,indie,False,America
392,Andrew Willman,Russia,1996,indie,False,Europe
393,Andrew Yip,UK,1975,indie,False,Europe
394,Andrey Chegodaev,USA,2011,indie,False,America
395,Andrianov Kirill Viktorovich,Russia,2010,indie,False,Europe
396,Andromede Studio,Japan,1992,indie,False,Asia
397,Andrés Calva,USA,2013,indie,False,America
398,Andy Jurko,Russia,1998,mid,False,Europe
399,AnelaGamesStudio,Russia,1994,mid,False,Europe
400,Angel And Demons,Poland,2015,mid,False,Europe
401,Angel Star Studios,UK,2003,mid,False,Europe
402,Angel Torres,Russia,1980,indie,False,Europe
403,Angel Ñeco aka. NecoPlanet,UK,1991,indie,False,Europe
404,Angels Vs Demons,USA,2019,mid,False,America
405,Angry Demon Studio,USA,1985,indie,False,America
406,Angry Pixel,UK,1980,indie,False,Europe
407,Animal Mouth,Germany,1987,indie,False,Europe
408,Animal parkour,UK,2007,indie,False,Europe
409,Animas Games,Germany,2005,mid,False,Europe
410,AnimatBox,USA,1989,indie,False,America
411,Animation Elevated,Russia,2013,indie,False,Europe
412,Animation Logic Ltd,Japan,2006,indie,False,Asia
413,Anime Works,Japan,1976,indie,False,Asia
414,Anime fashion show,UK,2007,indie,False,Europe
415,AnimeBomb,USA,2011,indie,False,America
416,Animec,USA,2019,indie,False,America
417,Animu Game,UK,2000,indie,False,Europe
418,Animyst Games,Russia,2015,indie,False,Europe
419,Ankama Games,Germany,1988,indie,False,Europe
420,Ankoya,UK,1991,indie,False,Europe
421,Anmol Virk,Germany,2000,indie,False,Europe
422,AnnaSeries,Poland,2002,indie,False,Europe
423,Annapurna Interactive,USA,1992,mid,False,America
424,AnomalyGuys,UK,2016,indie,False,Europe
425,Anoman Studio,Sweden,2020,indie,False,Europe
426,Anonymous Games,France,1989,indie,False,Europe
427,Anorak On A Girl,France,2005,indie,False,Europe
428,Another Indie,USA,1989,indie,False,America
429,Another Kind of Blue,Germany,2001,indie,False,Europe
430,Another Planet,Canada,2003,indie,False,America
431,Another Reality,Russia,2006,indie,False,Europe
432,Another Slime Studio,USA,1996,indie,False,America
433,AnotherIndieGameDev,USA,2009,indie,False,America
434,Anothy,Germany,1977,indie,False,Europe
435,Anqa Game,Canada,2003,indie,False,America
436,AnretanDEV,USA,1982,indie,False,America
437,Anshar Publishing,Australia,1999,indie,True,Oceania
438,AntHillPlan,UK,1993,indie,False,Europe
439,Antares Studio,USA,2013,indie,False,America
440,Anthopper Development,Germany,1998,indie,False,Europe
441,Antispace Studios,Canada,1994,indie,False,America
442,Antizero company,UK,1982,indie,False,Europe
443,Antoine Bilodeau,USA,2011,indie,False,America
444,Anton Shatalov,UK,2003,indie,False,Europe
445,AntonyStiv,Canada,1997,indie,False,America
446,Anvate Games,Japan,2007,indie,False,Asia
447,Any Button,Japan,1985,indie,False,Asia
448,AnythingGames,Germany,1993,indie,False,Europe
449,Apartment 18 Productions,USA,2018,indie,True,America
450,ApeHardware,USA,1975,mid,False,America
451,Aperico Software,USA,2018,indie,False,America
452,Apexchimps,Poland,2022,indie,False,Europe
453,AploveStudio,Poland,1999,indie,False,Europe
454,ApocVerse,Canada,1986,indie,False,America
455,Apogee Entertainment,Australia,2020,mid,False,Oceania
456,Apollo Games Lab,USA,2008,indie,False,America
457,Apoptosis Games,UK,2010,indie,False,Europe
458,App Business Ventures LLC,France,2003,indie,False,Europe
459,"App Factory Haruni Co.,Ltd.",Sweden,2003,indie,False,Europe
460,Appa's Papas,Japan,2016,indie,False,Asia
461,Appila Oy,Germany,2001,indie,False,Europe
462,Applava,USA,2004,indie,False,America
463,Apple Tart,Sweden,2003,indie,False,Europe
464,Application Systems Heidelberg,Russia,1978,indie,False,Europe
465,Appnori Inc.,Russia,1997,indie,False,Europe
466,Appvator Interactive,Germany,2001,indie,False,Europe
467,Appy Monkeys Software Pvt. Ltd.,France,1977,indie,False,Europe
468,Apseren,Australia,2016,indie,False,Oceania
469,Apskeppet,USA,1985,indie,False,America
470,Aqua Siren,Canada,1990,indie,False,America
471,AquaBomber,USA,2014,indie,False,America
472,Aquatic Games,USA,1992,indie,False,America
473,Aquatik Studios,Russia,2020,indie,False,Europe
474,Aquila Industrial,Poland,1999,indie,False,Europe
475,Aqviterra studio,Australia,2020,indie,False,Oceania
476,Arafkan Studio,Sweden,2000,indie,False,Europe
477,Aranyhal Studio,France,1987,indie,False,Europe
478,Araplay,Germany,2000,indie,False,Europe
479,Arboreta Games,USA,1994,indie,False,America
480,Arc System Works,Japan,1990,mid,False,Asia
481,Arcade Distillery,Poland,1977,indie,False,Europe
482,Arcade Injection,Poland,1991,indie,False,Europe
483,Arcadie & Utopie,Sweden,2010,indie,False,Europe
484,"Arcen Games, LLC",Germany,1996,mid,False,Europe
485,ArchZoDo,USA,2012,indie,False,America
486,ArchaeologyGames,Russia,2008,indie,False,Europe
487,Archangel Softworks,USA,1998,indie,False,America
488,Archmage Games,UK,1984,indie,False,Europe
489,Archmage Games Studio,USA,1990,indie,False,America
490,Archor Games,UK,1994,aaa,False,Europe
491,Arclight Inc,UK,1976,indie,False,Europe
492,Arcsteel Games,Poland,2002,indie,False,Europe
493,Arctic Apes,France,2003,indie,False,Europe
494,Arctic Arcade,USA,1986,indie,True,America
495,Arcupion Art,Canada,1983,indie,False,America
496,Are Dogs Real? Games,USA,1979,indie,False,America
497,Are you fruits?,USA,1980,indie,False,America
498,Area 1,Canada,1995,indie,False,America
499,Area VR,Australia,1988,indie,False,Oceania
500,ArenaDev,Russia,2017,indie,False,Europe
501,Areo Gaming,Poland,2011,indie,False,Europe
502,Argent Games,Japan,2008,indie,False,Asia
503,"Argomedia, Associazione S.Benedetto",Poland,2019,indie,False,Europe
504,Ariel Spry,Russia,1994,indie,False,Europe
505,Arif Games,Russia,1986,indie,False,Europe
506,Arik Games,USA,2017,indie,False,America
507,Ark1nai,UK,1982,indie,False,Europe
508,ArkheTech Games,USA,1986,indie,False,America
509,Arkhouse Telegnosis,Japan,2005,indie,True,Asia
510,Armor Games Studios,UK,2019,indie,True,Europe
511,Arnaud Millot,Germany,1994,indie,False,Europe
512,Arno van Zyl,USA,1976,indie,False,America
513,Arrowiz,USA,2020,indie,False,America
514,Ars Goetia,USA,2021,indie,False,America
515,ArsolidGames,UK,1998,indie,False,Europe
516,Art Games Studio S.A.,USA,1992,mid,False,America
517,Art Games Thesis,France,2017,indie,False,Europe
518,Art of Imperfect Games,USA,1992,indie,False,America
519,Artax Games,USA,2004,mid,False,America
520,Artem Lavrenyuk,Canada,1981,indie,False,America
521,"Artemoose Games, LLC",UK,2018,indie,False,Europe
522,Artery Games,USA,1985,indie,False,America
523,Artflux_Games,USA,2021,indie,False,America
524,Artfx School of Digital Arts,Japan,1996,indie,False,Asia
525,Artifex Mundi,Germany,1987,aaa,False,Europe
526,Artificer Creator,Germany,1998,indie,False,Europe
527,Artisiti,Japan,1990,indie,False,Asia
528,Artisoft,USA,2009,indie,False,America
529,Artix Entertainment,USA,1978,indie,False,America
530,"Artix Entertainment, LLC",Poland,1996,indie,False,Europe
531,Artur Rezende,Germany,1989,mid,False,Europe
532,Arutaka,Japan,1992,indie,False,Asia
533,Arvus Games,Germany,2007,indie,False,Europe
534,As-key,France,2004,indie,True,Europe
535,Ascension Interactive Media,UK,2021,indie,False,Europe
536,Ascent Gaming Studios,Japan,2013,indie,False,Asia
537,Aserisoft,Australia,2017,indie,False,Oceania
538,Ash K,France,1997,indie,False,Europe
539,Ashley H.,USA,1982,indie,False,America
540,Askip Studio,USA,2021,indie,False,America
541,Aslan Game Studio,USA,1989,mid,False,America
542,Asocial Guarantee,Australia,2003,indie,False,Oceania
543,Aspyr (Linux),Poland,2011,mid,False,Europe
544,Aspyr (Mac),USA,2005,mid,False,America
545,Assemble Entertainment,Japan,2012,aaa,False,Asia
546,Asset Flip Studio,UK,2015,mid,False,Europe
547,Association K-D Lab,Sweden,1982,mid,False,Europe
548,Asteristic Game Studio,Poland,2013,indie,False,Europe
549,Astero,USA,2013,indie,False,America
550,Astra Games,USA,2004,indie,False,America
551,Astrasoft,Sweden,1994,indie,False,Europe
552,Astrea,USA,1994,mid,False,America
553,AstroChimps Games,USA,2004,indie,False,America
554,AstroMonkey,Germany,1985,indie,False,Europe
555,Astrolabe Games,UK,1980,indie,False,Europe
556,Astroreef,Germany,2019,indie,False,Europe
557,Astrosimer,UK,2011,indie,False,Europe
558,Asuka Watanabe,Australia,2005,indie,False,Oceania
559,Asura Studios,USA,2016,indie,False,America
560,Asylum Games,Russia,2005,indie,False,Europe
561,Asymmetric,Russia,1994,indie,False,Europe
562,Atari,UK,2015,aaa,False,Europe
563,Ateliér Duchů,Poland,2014,indie,False,Europe
564,Aterdux Entertainment,Japan,1985,indie,False,Asia
565,Aternix,Poland,1998,indie,False,Europe
566,Aticora Games,UK,2000,indie,False,Europe
567,AtomTeam,Poland,1989,indie,False,Europe
568,Atomic Drop Games,Poland,2016,indie,True,Europe
569,Atomic Elbow,USA,2011,indie,True,America
570,Atomic Isotope Studios,Russia,1992,indie,False,Europe
571,Atomic Jelly,France,2016,indie,False,Europe
572,Atomic Kraken,USA,2012,indie,False,America
573,Atomic Raccoon Studio,Australia,2015,indie,True,Oceania
574,AtranonStudios,USA,1993,indie,True,America
575,Atreyu Games Pty. Ltd.,USA,2019,indie,False,America
576,AudioJackGames,USA,2001,indie,False,America
577,Audiogames APS,Sweden,2000,indie,False,Europe
578,Augmented Irreality,Russia,2019,indie,False,Europe
579,Auld Games,USA,1991,indie,False,America
580,Aundre Rogers,Sweden,1989,indie,False,Europe
581,Aureal Inc,Germany,1978,indie,False,Europe
582,Auroch Digital,USA,1992,mid,False,America
583,Aurora,France,1978,mid,False,Europe
584,Aurora software,Canada,1984,indie,False,America
585,AurumDust,USA,2020,indie,False,America
586,Austin Leraas,Japan,1986,indie,False,Asia
587,Authogin,Sweden,1991,indie,False,Europe
588,Autumn VR,Poland,2001,indie,False,Europe
589,AvaXiang,Russia,1975,indie,False,Europe
590,Avalon Digital,Germany,1983,mid,False,Europe
591,Avalon Studio,Russia,1988,indie,False,Europe
592,Avant Games,France,2022,indie,False,Europe
593,Avelar Studios,Russia,1985,indie,False,Europe
594,Avelog Games,Germany,1990,indie,False,Europe
595,Average Games,Australia,2016,mid,False,Oceania
596,Avidya Studio,France,2018,indie,False,Europe
597,Avisgames,Canada,2005,mid,False,America
598,AvoCavo,USA,1997,mid,False,America
599,Avodhel,Germany,1985,indie,False,Europe
600,AvvaNextGen,Russia,1985,indie,False,Europe
601,Awarth,Japan,1990,indie,False,Asia
602,Awesome Games Studio,USA,2021,indie,False,America
603,Awesomefat LLC,France,1976,indie,False,Europe
604,Axis Games,Canada,2015,indie,False,America
605,Axis Granted Creations,UK,2004,indie,False,Europe
606,Axyos Games,Poland,2016,mid,False,Europe
607,Ayberk Duzova,USA,2007,indie,False,America
608,Aydy,Poland,2020,indie,False,Europe
609,Azure,USA,1978,indie,False,America
610,Azure Fire Games,USA,2016,indie,False,America
611,Azure Moon Games Ltd.,UK,2006,indie,False,Europe
612,B&W,Canada,2022,indie,False,America
613,B.Bit,Japan,1998,indie,False,Asia
614,"B.I.G Technology Co., Limited",USA,2011,indie,False,America
615,B392 Game Studio,USA,1989,indie,False,America
616,B4T Games,UK,1976,indie,False,Europe
617,B7H team,Poland,2022,indie,False,Europe
618,BA Productions LLC,Germany,1986,indie,False,Europe
619,"BABAROGA, LLC",Canada,1986,indie,False,America
620,BAD Collective,Germany,1989,indie,False,Europe
621,BADGAMES,USA,2007,indie,False,America
622,BANDAI NAMCO Entertainment,USA,1976,aaa,False,America
623,BANDAI NAMCO Entertainment Inc.,USA,1996,indie,False,America
624,BAR Interactive,Sweden,2018,indie,False,Europe
625,"BBEW BBEW, LLC",USA,1989,indie,False,America
626,BBPond,USA,1986,indie,False,America
627,BBstudio Inc.,Russia,1991,indie,True,Europe
628,BDAYGAME.COM,Germany,1998,indie,False,Europe
629,BEACHAM Games,Poland,1985,indie,False,Europe
630,BEACHBUM,USA,1977,indie,False,America
631,BEST SIMULATORS CORP,USA,1978,indie,False,America
632,BETTER QUESTS,Poland,1995,indie,False,Europe
633,BGNB Studios,USA,2020,indie,False,America
634,BHPG,Australia,1995,indie,False,Oceania
635,BIFROST CLOUD PTE. LTD.,Japan,2012,indie,False,Asia
636,BIG ONE PARK,USA,2019,indie,False,America
637,BIG WOOD GAMES,USA,2016,indie,False,America
638,BIG4 Game Studio,Canada,1996,mid,False,America
639,BINGOBELL,USA,2012,indie,False,America
640,BISBOG SA,UK,1998,indie,False,Europe
641,BKBL Bartosz Bialek,USA,1989,indie,False,America
642,BLAZORS,Poland,2006,indie,False,Europe
643,BLOCK 211,USA,1980,mid,False,America
644,BLUE TORCH SOFTWARE,Poland,2021,indie,False,Europe
645,BOSS#3,UK,1976,indie,False,Europe
646,BOV,Russia,2021,indie,False,Europe
647,BRANE,France,1991,indie,False,Europe
648,BRUTAL SOFTWARE,Australia,2014,indie,False,Oceania
649,BT Studios,Japan,1996,indie,False,Asia
650,BTNcafe,Poland,1995,indie,False,Europe
651,BTTOT,Australia,2000,indie,False,Oceania
652,BURRIK,USA,2007,indie,False,America
653,BWJ Studios,USA,1992,indie,False,America
654,BWOM,USA,2002,indie,False,America
655,BWT Games,UK,1979,indie,False,Europe
656,BYKING Inc.,Sweden,2017,indie,False,Europe
657,BYV GAMES Ltd,Australia,2002,indie,False,Oceania
658,BYYONI Entertainment,USA,1975,indie,False,America
659,BaMa Media,Sweden,1995,indie,True,Europe
660,Baal Studio,USA,1995,indie,False,America
661,Bacchus,France,2007,indie,False,Europe
662,Back Of Nowhere Studios,France,2001,indie,False,Europe
663,Back To Basics Gaming,Japan,1979,aaa,False,Asia
664,BackSnow Games,Canada,2019,indie,False,America
665,Backstab Games,USA,2007,indie,True,America
666,Bad Blood Studios,Russia,1977,indie,False,Europe
667,Bad Gravity,USA,1993,indie,False,America
668,BadLand Publishing,UK,1981,indie,False,Europe
669,Baekgeumdan,Canada,2013,indie,False,America
670,Baffled Crab,Poland,2008,indie,False,Europe
671,BajoGames,USA,2013,indie,False,America
672,Baka Dog,USA,2000,indie,False,America
673,Baka_energy_studios,UK,1990,indie,False,Europe
674,Baked Games,USA,2007,indie,False,America
675,Balbod,Germany,1997,indie,False,Europe
676,Balcony Softworks,Poland,1997,indie,False,Europe
677,Ballistic Interactive,Sweden,1977,indie,False,Europe
678,Ballistic Machine,France,2017,indie,False,Europe
679,BamSam Game Studio,UK,2000,indie,False,Europe
680,"Bamboo Secrets Co.,Limited",Germany,1985,indie,False,Europe
681,Banana Slime,USA,1977,indie,True,America
682,BananaDogGames,Australia,2020,mid,False,Oceania
683,Bandai Namco Entertainment,Poland,2021,mid,False,Europe
684,Bandai Namco Entertainment Inc.,Germany,2018,indie,False,Europe
685,Bandello,Poland,2003,indie,False,Europe
686,Bang Games,USA,1988,indie,False,America
687,BangsFactory,USA,2004,indie,False,America
688,Banned Mechanic Games,Canada,2020,indie,False,America
689,Banthanor,Australia,1989,indie,True,Oceania
690,Bantu,UK,2003,indie,False,Europe
691,BanzaiProject,Germany,2013,mid,False,Europe
692,Baraonda,Australia,1998,indie,False,Oceania
693,Bardic Bytes LLC,USA,1993,indie,False,America
694,Barji,USA,2004,indie,False,America
695,Barlock Games,USA,2005,indie,False,America
696,Barlow Studio,USA,2002,indie,False,America
697,Barque 42,Japan,2001,indie,False,Asia
698,Barribob,USA,2010,indie,False,America
699,Bart Bonte,Japan,1981,indie,False,Asia
700,Bart Mamzer,UK,2002,indie,True,Europe
701,Bartek Karczmarczyk,France,1998,indie,False,Europe
702,Based On The Play,USA,1994,indie,False,America
703,Basem Alasmar,Russia,2007,indie,True,Europe
704,"Basileus Games, LLC",France,2003,indie,False,Europe
705,Bastion Studios,Sweden,1976,indie,False,Europe
706,Bat Byte,USA,2008,indie,False,America
707,Battenberg Software,UK,1996,indie,False,Europe
708,Batterystaple Games,USA,2005,indie,False,America
709,BattleGoat Studios,Japan,1990,indie,True,Asia
710,Battlecruiser Games,USA,1999,indie,False,America
711,Bawu Team,Germany,1981,indie,False,Europe
712,Baylor University Game Studios,USA,2001,indie,False,America
713,Bazare,USA,2005,indie,False,America
714,Bazitov Mikhail,USA,1981,indie,False,America
715,Bazuro Games,France,1983,indie,False,Europe
716,BeBold,Australia,1993,indie,False,Oceania
717,BeagleGames,USA,1978,indie,False,America
718,Bean Boy Games,USA,1977,indie,False,America
719,Bear Gears Studio,Russia,1977,indie,False,Europe
720,Bearded Eye,Germany,2010,indie,False,Europe
721,Bearded Monkeys,Germany,2006,indie,False,Europe
722,"Beasts, Goblins and Hellfire Studios",Japan,2008,indie,False,Asia
723,Beat Games,USA,1999,indie,False,America
724,BeautiFun Games,USA,1987,indie,False,America
725,Because Because Games,Russia,1990,indie,False,Europe
726,Becca Bear,Russia,1978,indie,True,Europe
727,BecomeANobody,Germany,1993,indie,False,Europe
728,Bedrock Fungi Games,USA,1994,indie,False,America
729,Bedtime Digital Games,USA,1976,indie,False,America
730,Bedtime Phobias,Australia,1992,indie,False,Oceania
731,Beefware,Australia,2011,indie,False,Oceania
732,Beem Media,UK,1992,indie,False,Europe
733,"Beep Games, Inc.",UK,2007,indie,False,Europe
734,Beepsterr,Canada,1997,indie,False,America
735,Beethoven Street Studios,France,1999,indie,False,Europe
736,BefuddleBug,UK,2003,indie,False,Europe
737,BehaUlas,France,1978,indie,True,Europe
738,Behaviour Interactive Inc.,USA,1977,indie,False,America
739,"Beijing Elysium Interactive Technology Co.,Ltd.",Sweden,1993,indie,True,Europe
740,"Beijing Gravitational Waves VR technology co.,LTD",UK,2004,indie,False,Europe
741,Beijing Happy Entertainment Technology,Poland,1981,mid,False,Europe
742,"Beijing Hydra Technology Co., Ltd.",USA,1998,indie,False,America
743,Beijing Uni Technologies,Canada,1991,indie,False,America
744,Belgerum,Japan,2015,indie,False,Asia
745,BelleGames Ltd.,Poland,1975,indie,False,Europe
746,Bellosoft,UK,2002,indie,True,Europe
747,Bemami,Germany,1982,indie,False,Europe
748,Ben 'Yahtzee' Croshaw,USA,1983,indie,False,America
749,Ben Phillips,Germany,1992,indie,False,Europe
750,Ben Shattock,France,2012,indie,False,Europe
751,Benchmark,Russia,2001,indie,False,Europe
752,Bendixer Studio,USA,2000,indie,False,America
753,Benjamin Grosse,Poland,1993,indie,False,Europe
754,Benjamin Parisi,USA,1984,indie,False,America
755,Benjamin Schade,Australia,2019,indie,False,Oceania
756,Bennaction,USA,2009,indie,False,America
757,"Bent Nail Studios, LLC",USA,1979,indie,False,America
758,Benzoft,Japan,2004,indie,False,Asia
759,Beonin Studios,UK,1989,indie,False,Europe
760,Bernhard Potuzak,Poland,1982,indie,False,Europe
761,Berry Berry Niceu,USA,1984,indie,False,America
762,Berzah Games,UK,2012,indie,False,Europe
763,Berzerk Studio,Sweden,1982,mid,False,Europe
764,Beshbarmak games,USA,2011,indie,False,America
765,Bessetto,UK,1976,indie,False,Europe
766,Best Bit Studios,Sweden,1980,indie,False,Europe
767,Bethesda Softworks,Germany,2022,mid,False,Europe
768,Bewolba Studios,USA,2012,indie,False,America
769,Beyond Games,France,2021,indie,False,Europe
770,Bhelpuri Boyz,Australia,2017,indie,False,Oceania
771,Big Cheese Studio,USA,1994,indie,False,America
772,Big Cow Studios,UK,2010,indie,False,Europe
773,Big Cox Games,USA,1979,indie,False,America
774,Big Fan Games,USA,1980,indie,False,America
775,Big Fish Games,USA,1979,aaa,False,America
776,Big Leaf Game,USA,2010,indie,False,America
777,Big Play Games,UK,1996,indie,False,Europe
778,Big Robot Ltd,Canada,1989,mid,False,America
779,Big Shield Games,France,2003,mid,False,Europe
780,Big Stav Studios,France,1994,indie,False,Europe
781,BigFrog Studios,USA,1998,indie,False,America
782,BigUpdate Games,Germany,1992,indie,False,Europe
783,Bigfingers,Russia,1999,indie,False,Europe
784,Bigmoon Studios,USA,2007,indie,False,America
785,Bigosaur,USA,1976,indie,False,America
786,Bilalaika,USA,1997,indie,False,America
787,Bill Stanbrook,UK,1995,indie,False,Europe
788,Billyfighter,Australia,1984,indie,False,Oceania
789,Binarie,France,2005,indie,False,Europe
790,Binary Logic,Russia,2004,indie,False,Europe
791,Binary Pulsar Ltd.,USA,1988,indie,False,America
792,Bing,Sweden,1991,indie,False,Europe
793,Binx.tv,France,2014,indie,False,Europe
794,Biodrone Studios,Germany,1975,indie,False,Europe
795,Biohack Studio,USA,2013,indie,False,America
796,Bison Kings Game Studios,USA,2022,indie,False,America
797,Biswa Games,France,1980,indie,False,Europe
798,Bit Bot Media,France,1994,indie,False,Europe
799,Bit Gaming Studio,Poland,1976,indie,False,Europe
800,"Bit Planet Games, LLC",Japan,2003,indie,False,Asia
801,BitBreak I/S,Australia,2019,indie,False,Oceania
802,BitShift_Games,USA,2006,indie,False,America
803,Bitca,UK,1980,indie,False,Europe
804,Bitfall,USA,1976,indie,False,America
805,Bithell Games,France,2016,mid,False,Europe
806,Bitlock Studio,UK,1981,aaa,False,Europe
807,Bitmap Bureau,USA,1977,indie,False,America
808,Bitwise Games,USA,1978,indie,False,America
809,Björn Ståhl,USA,2008,indie,False,America
810,Black Banshee Studios,Germany,2010,mid,False,Europe
811,Black Cardioid Games,France,2012,indie,False,Europe
812,Black Cat Studios,Germany,2007,mid,False,Europe
813,Black Curtain Studio,USA,1975,indie,False,America
814,Black Forest Games,USA,1981,mid,True,America
815,Black Hole,USA,2004,mid,False,America
816,Black Hole Games,USA,1979,indie,False,America
817,Black Ivy Games,Australia,1989,indie,False,Oceania
818,Black Jack,UK,1994,indie,False,Europe
819,Black Lime Studio,Russia,1977,indie,False,Europe
820,Black Maple Games,USA,1979,indie,False,America
821,Black Phoenix Studio,Germany,2002,indie,False,Europe
822,Black Potion,Australia,1992,indie,False,Oceania
823,Black Void Media,USA,1980,indie,False,America
824,BlackHusHPuppy,USA,1997,indie,False,America
825,BlackSharp,Germany,2003,indie,False,Europe
826,Black_Tech6,USA,2017,indie,False,America
827,Blackbird Interactive,UK,2011,indie,False,Europe
828,Blackburne Games Studio FZ LLC,Australia,1996,indie,False,Oceania
829,Blackcan,USA,2011,indie,False,America
830,Blackjard Softworks,Japan,2018,indie,True,Asia
831,Blackmyers Studio,USA,1989,indie,False,America
832,Blackthorn Media Inc,Sweden,1978,indie,False,Europe
833,Blaer Zhang,Canada,2012,indie,False,America
834,Blake Fix,UK,2000,indie,False,Europe
835,Blaster Games Studio,USA,1999,indie,False,America
836,Blaze Epic,Australia,2014,mid,False,Oceania
837,Blazewing,Poland,1990,indie,False,Europe
838,Bleeding Edge Studio,Japan,2011,mid,False,Asia
839,Bleem!,Russia,2019,mid,False,Europe
840,Bleem.net,USA,2006,indie,False,America
841,Blender Games,USA,1987,aaa,False,America
842,Blessing Company,Poland,1997,aaa,False,Europe
843,Blight,UK,1996,indie,False,Europe
844,"Blind Eye Studios, LLC",USA,2014,indie,False,America
845,Blind Mystics,Japan,1999,indie,False,Asia
846,Blind Recluse,France,1991,indie,False,Europe
847,Blind Squirrel Publishing,Australia,1990,indie,False,Oceania
848,Blindflug Studios AG,USA,1982,indie,False,America
849,BlinkWorks Media,Japan,2013,indie,False,Asia
850,Blinkmoon Games,Sweden,2002,indie,True,Europe
851,Bliss Brain,UK,2016,mid,False,Europe
852,BlitWiz,Sweden,1995,indie,False,Europe
853,Blitzball Inc.,USA,2020,indie,False,America
854,Blitzball.Inc,USA,1976,indie,False,America
855,Blobfish,Poland,2010,indie,False,Europe
856,Blocky World Games,Sweden,1998,indie,False,Europe
857,Bloomside Studios,UK,2000,indie,False,Europe
858,Blossom Legion,Germany,2019,indie,False,Europe
859,Bloxhill,USA,1993,indie,False,America
860,BlqGms,France,1995,indie,False,Europe
861,BluSkie,USA,1989,indie,False,America
862,BluSped,USA,2017,indie,False,America
863,Blue Aura Games,Canada,1981,indie,False,America
864,Blue Butterfly,Australia,2000,mid,False,Oceania
865,Blue Creazione,Germany,1984,indie,False,Europe
866,Blue Hawk Studio,USA,2016,indie,False,America
867,Blue Isle Publishing,USA,1986,indie,False,America
868,Blue Muffin Games,USA,1978,indie,False,America
869,Blue Ocean Games,Russia,1982,indie,False,Europe
870,Blue Phoenix Games,Russia,1980,indie,False,Europe
871,Blue Slayer Gaming,Japan,2001,indie,False,Asia
872,Blue Tang Studios Ltd,Germany,1987,indie,False,Europe
873,Blue Technology Sp. z o.o.,Russia,2022,indie,False,Europe
874,Blue9Fairy,Japan,1983,indie,False,Asia
875,BlueFireArts_Dev,Poland,1975,indie,True,Europe
876,BlueLantern,Canada,2007,indie,False,America
877,BlueLine Games,Russia,2008,indie,False,Europe
878,BlueNothing Games,France,1999,indie,False,Europe
879,BluePixel Games,France,2018,indie,False,Europe
880,BluePlanetGames,Sweden,2020,indie,False,Europe
881,Blueshift Media,Poland,2005,indie,False,Europe
882,Bluesuit,Canada,1988,indie,False,America
883,Bluish-Green Games Inc.,USA,1991,mid,False,America
884,BlurryBit,Japan,2004,indie,False,Asia
885,Blusagi Team,USA,2001,indie,False,America
886,Blyts,Sweden,1995,indie,False,Europe
887,Boatmeal Brothers,USA,1983,indie,False,America
888,Bob Game,USA,2008,indie,False,America
889,Bocary Studios,Sweden,1976,indie,False,Europe
890,Boejunda LLC,Russia,2008,indie,False,Europe
891,Bogdan Zigmund,UK,1993,indie,False,Europe
892,Bohemia Interactive,UK,2015,indie,False,Europe
893,BokiBoki Game,Australia,1989,mid,False,Oceania
894,BokiBoki Games,USA,2001,mid,False,America
895,BokodileTec,USA,2015,indie,False,America
896,Bold Fish,USA,2007,indie,False,America
897,Bolder Games,Sweden,2014,mid,False,Europe
898,Bolverk VR Games,UK,2004,indie,False,Europe
899,Bomb Jaguar,USA,1990,indie,False,America
900,Bon,Russia,2017,indie,False,Europe
901,Bondo Games,Germany,1989,indie,False,Europe
902,Bone Nail,Australia,1983,indie,False,Oceania
903,BoneApps,Germany,2015,indie,False,Europe
904,BoneCracker Games,Russia,1981,indie,False,Europe
905,BoninblueDesignLaboratory,Sweden,1990,indie,False,Europe
906,Bonjourcoco,USA,2014,indie,False,America
907,Bonus Stage Publishing,Poland,1985,mid,False,Europe
908,Boogygames Studios,UK,2014,aaa,False,Europe
909,Boolean,USA,1994,indie,False,America
910,Boom Games,USA,1990,mid,False,America
911,Boombox,Russia,2002,indie,False,Europe
912,Boomzap Inc,Canada,2002,aaa,False,America
913,Bootur Games,Sweden,1982,mid,False,Europe
914,"Boppy Games, LLC",Russia,1989,indie,False,Europe
915,Borderline Studios,Japan,1976,indie,False,Asia
916,Boreal View Studio,Japan,1995,indie,False,Asia
917,Borealis,Japan,1996,indie,False,Asia
918,Boring Games,UK,2018,indie,False,Europe
919,Borington,Canada,2015,indie,False,America
920,Borsuk Software,Canada,1985,indie,False,America
921,Both Good,Germany,2014,indie,False,Europe
922,Boujin 【棒陣】,Sweden,2011,indie,False,Europe
923,Boulder VR Studios,USA,2020,indie,False,America
924,Boulder VR Studios - Boulder,Australia,1990,indie,False,Oceania
925,Bouncyrock Entertainment,USA,1986,indie,False,America
926,"Boundless Dynamics, LLC",Australia,2000,indie,False,Oceania
927,Boundless Games,USA,1987,indie,False,America
928,Boxcastle Games,USA,2009,indie,False,America
929,BoxeS,USA,1995,indie,False,America
930,Brace Yourself Games,France,2011,mid,False,Europe
931,Bracket Breakers,Japan,1989,indie,False,Asia
932,Brad Smith,Australia,2011,indie,False,Oceania
933,Brain Seal Ltd,Poland,2006,mid,False,Europe
934,Brain Station 23 Ltd.,UK,1997,indie,False,Europe
935,Brain Syringe Studios LLC,Australia,1984,indie,False,Oceania
936,Brain-dead Rabbit Games,Japan,2018,indie,False,Asia
937,BrainX Soft,USA,2018,indie,False,America
938,Braingame,UK,2004,indie,True,Europe
939,Brainloaf Studio,Canada,2002,indie,False,America
940,Brandon Brizzi,UK,2016,indie,False,Europe
941,Brandon Weeks,Japan,1981,indie,False,Asia
942,Brave Cat Games,Australia,1993,indie,False,Oceania
943,Breaker Games,USA,1988,indie,True,America
944,Breakfall,USA,1977,indie,False,America
945,Breda University of Applied Sciences,Australia,1977,aaa,False,Oceania
946,Brenntkopf Publishing,Japan,1984,indie,False,Asia
947,Brett Farkas,USA,1991,indie,False,America
948,Brettspielwelt GmbH,Germany,2007,indie,False,Europe
949,Brewsterland Studios,Australia,1985,indie,False,Oceania
950,Brian Gonnet,USA,2005,indie,False,America
951,BrickCream,Germany,1987,indie,False,Europe
952,Bricky_cK,France,1989,indie,False,Europe
953,Bright at Midnight: A Game Studio,Australia,1993,indie,False,Oceania
954,Brimstone,USA,1975,indie,False,America
955,Britnet Media,USA,2014,indie,False,America
956,Brkn Fixie Games,USA,1993,indie,False,America
957,BrocBois,Japan,2018,indie,False,Asia
958,Broken Dream Studio,Canada,1985,indie,False,America
959,Broken Pony Studios UG (haftungsbeschränkt),Canada,1988,indie,False,America
960,Broken Window Studios,UK,1985,indie,False,Europe
961,Broodling Studios,Canada,1997,indie,False,America
962,Bros Ogon's,Canada,1976,indie,True,America
963,Brotherly,UK,1980,indie,True,Europe
964,Bruin Bear Games,USA,1994,indie,False,America
965,Brutal Studio,Russia,2020,indie,False,Europe
966,Brwarner Studios,Japan,1986,indie,False,Asia
967,Bryan Gale,USA,1988,indie,False,America
968,Bryce Summer,Australia,1983,indie,False,Oceania
969,Bryn Oh,UK,1984,indie,False,Europe
970,Brytag Creative LLC,Germany,1975,indie,False,Europe
971,Bubblegum Home Entertainment,USA,1992,indie,False,America
972,Buckwheat Software,Sweden,2015,indie,False,Europe
973,Buffa Software,Australia,1996,indie,False,Oceania
974,Buffelo Games,Germany,2002,indie,False,Europe
975,BufoProject,USA,2010,indie,True,America
976,BugB Games,France,2001,indie,False,Europe
977,BugBrains,USA,2002,indie,False,America
978,Bugarin-Horváth Boldizsár,Russia,2014,indie,False,Europe
979,Bugi Games,Germany,2021,indie,False,Europe
980,Bugy Games,USA,1988,indie,False,America
981,BuhoXx,USA,1992,indie,False,America
982,Built In A Day Games,USA,1976,indie,False,America
983,BukGwak,Japan,1991,indie,False,Asia
984,BulatHard,USA,2018,mid,False,America
985,BulkyPix,USA,2022,indie,False,America
986,Bull Games,USA,1996,indie,False,America
987,Bullet Ant Games,USA,2001,mid,False,America
988,Bumblebee Studios,Germany,2001,indie,False,Europe
989,BunFan Games LLC,USA,1975,indie,False,America
990,Bundem Games,USA,1982,indie,False,America
991,Bunetto Michele Salvatore,UK,1976,indie,False,Europe
992,Burak Yücel,Australia,2001,indie,False,Oceania
993,Burning Fur Productions,Australia,2001,indie,False,Oceania
994,Burning Planet Digital,Canada,1987,mid,False,America
995,Bushiroad Inc.,Poland,2020,indie,False,Europe
996,ButtonX,USA,1990,indie,False,America
997,Buğra Özdoğanlar,USA,2010,indie,False,America
998,Byking Inc.,UK,2010,indie,False,Europe
999,ByteErrsLots Games,Japan,2003,indie,False,Asia
1000,Bytebin,USA,1992,indie,False,America
1001,C Horse Games,Australia,2020,indie,False,Oceania
1002,C.O.T.E,Australia,1986,indie,False,Oceania
1003,C3B Games,Russia,2018,indie,False,Europe
1004,CAGE Studios,UK,1981,indie,False,Europe
1005,"CAPCOM Co., Ltd.",Sweden,1985,mid,False,Europe
1006,CARNAGE PRODUCTION STUDIOS,UK,2018,indie,False,Europe
1007,CASGames,USA,2003,indie,False,America
1008,CAWEZ Studios,Germany,1986,indie,False,Europe
1009,CBGameDev,USA,2003,indie,False,America
1010,CCYY,Germany,1990,indie,True,Europe
1011,CDIS,Sweden,1997,indie,False,Europe
1012,CE-Asia,Germany,2007,indie,True,Europe
1013,CFC Studio Games,Russia,2005,indie,False,Europe
1014,"CFK Co., Ltd.",Germany,1979,mid,False,Europe
1015,CGA Studio,Poland,1994,mid,False,Europe
1016,CGE Digital,USA,2013,indie,False,America
1017,CGGAMES,USA,2019,indie,False,America
1018,CGevo,Canada,1993,indie,False,America
1019,CH757,UK,1986,indie,True,Europe
1020,CHANGDONGSOFTWARE,Canada,1997,indie,False,America
1021,CHARK Studio,Japan,2003,indie,False,Asia
1022,CHICKEN SODA GAMES,France,1980,indie,False,Europe
1023,CHONGYI,USA,2003,indie,False,America
1024,CHRONOPHOBIA,Russia,1989,indie,True,Europe
1025,CI Games,UK,1996,indie,False,Europe
1026,CINEMAX GAMES,Australia,2003,indie,False,Oceania
1027,CITY CONNECTION,UK,2018,mid,False,Europe
1028,CJWorks,Australia,1975,indie,False,Oceania
1029,CLEDU,Australia,1997,indie,False,Oceania
1030,CLLGames,Germany,1977,indie,False,Europe
1031,CLO Virtual Fashion,USA,1997,indie,False,America
1032,"CM, Vinicius",Australia,1986,indie,False,Oceania
1033,CN Entertainment,USA,1999,indie,False,America
1034,CO's Entertainment,Germany,1999,indie,False,Europe
1035,COAX-RF,Sweden,1987,indie,False,Europe
1036,CODE BELL,Japan,2022,indie,False,Asia
1037,COKE,Canada,2015,indie,False,America
1038,COPIKAL,Japan,2014,indie,False,Asia
1039,COSDOTS,USA,2006,indie,False,America
1040,COWCAT,Sweden,2022,indie,False,Europe
1041,CRAFT,USA,2011,indie,False,America
1042,CRAZY EYE MEDIA,France,2011,indie,False,Europe
1043,CREATIV GAME DEVELOPER LLC.,Poland,1983,indie,False,Europe
1044,CREATIVE VR3D,France,1996,indie,False,Europe
1045,CRGames,Sweden,1989,indie,False,Europe
1046,CRX Entertainment Pte Ltd,Canada,2022,indie,False,America
1047,CS Publish,Japan,1997,indie,False,Asia
1048,CS Squared Games,USA,1998,indie,False,America
1049,CSF Games Studio,Australia,2010,indie,False,Oceania
1050,CSTG-小光,Japan,2007,indie,False,Asia
1051,CUBUS GAMES SL,Germany,1991,indie,False,Europe
1052,CUIWENPING,Australia,2004,mid,False,Oceania
1053,CUTECAT,USA,2020,indie,False,America
1054,CWBGAMES.AMSTERDAM,Germany,2016,indie,True,Europe
1055,CWDI GAMES,USA,2012,indie,False,America
1056,"CXCY CO.,LTD",Germany,2014,indie,False,Europe
1057,CaRacing Studio,Australia,2016,indie,False,Oceania
1058,Cactus VR Studios,Russia,1995,indie,False,Europe
1059,Caffeine Overdose,Sweden,2017,indie,False,Europe
1060,CaffeineBoosterGames,Russia,1992,indie,False,Europe
1061,Caffinated Cauldron,Australia,2003,indie,False,Oceania
1062,Caicai Studio,Sweden,1985,indie,False,Europe
1063,CakeEaterGames,USA,2015,indie,False,America
1064,Cakewalk,UK,2016,mid,False,Europe
1065,Cal,Russia,1997,indie,False,Europe
1066,Calepin Studio,USA,2000,indie,True,America
1067,Calm3D Pte Ltd,Russia,1991,indie,False,Europe
1068,Calvin Weibel,Germany,2007,indie,False,Europe
1069,CalypsoMini,France,1996,indie,False,Europe
1070,Camel 101,France,2011,indie,False,Europe
1071,"Cameron ""Kathryne"" Whitlock",Japan,2013,indie,False,Asia
1072,Cameron James Low,Germany,2002,indie,False,Europe
1073,Cameron Ray,Poland,2003,indie,False,Europe
1074,Campus ADN,USA,2018,mid,False,America
1075,Candlelight Studios,UK,2010,indie,False,Europe
1076,Candy games studios,Japan,1994,mid,False,Asia
1077,Canuck Play Inc.,USA,1994,indie,False,America
1078,Capcom,Japan,1990,aaa,False,Asia
1079,Capiproducts,Australia,2016,indie,False,Oceania
1080,Capitola VR,Russia,2004,indie,False,Europe
1081,Caps Lock Solutions,UK,2018,indie,False,Europe
1082,Captain Fly Studio,USA,2017,indie,True,America
1083,Captcha Games,France,2006,indie,False,Europe
1084,Capture Point Stone,USA,2012,indie,False,America
1085,Capucine Mahieux,USA,2020,indie,False,America
1086,Capybara Games,UK,1975,indie,False,Europe
1087,Caravel Games,USA,2012,mid,False,America
1088,Carbon Fiber Games LLC,UK,2010,indie,False,Europe
1089,CarbonDaisy Entertainment,Russia,2021,indie,False,Europe
1090,Careless Angels,USA,1983,indie,False,America
1091,CarlosGameDev,Canada,2000,indie,False,America
1092,Carmelo Electronics,USA,1990,indie,False,America
1093,Carnage Games,Canada,1996,indie,False,America
1094,Carrot Gaming Entertainment,USA,2003,indie,False,America
1095,Carrot Studios,Germany,1978,indie,False,Europe
1096,Carson Kompon,Australia,1990,indie,False,Oceania
1097,Cartboard Games,Japan,1993,indie,False,Asia
1098,Carved Rabbit,France,1977,indie,False,Europe
1099,CasGames,Canada,1995,mid,False,America
1100,Caskiomm edition,Canada,1977,indie,False,America
1101,Cassel Games,USA,1977,indie,False,America
1102,CastagnaroDigital,Japan,1979,indie,False,Asia
1103,CastleAbra Studios,Australia,1991,indie,False,Oceania
1104,CasuRae,Russia,2011,indie,False,Europe
1105,Casual Arts,Japan,2000,mid,False,Asia
1106,Casual Brothers Ltd.,USA,2010,indie,False,America
1107,Casual Stuff,Sweden,2013,indie,False,Europe
1108,Cat Burglar Games,France,2005,indie,False,Europe
1109,Cat In A Jar Games,Russia,1975,indie,False,Europe
1110,CatHut,UK,2003,indie,False,Europe
1111,CatSaw,USA,1984,indie,False,America
1112,CataStoica,USA,2009,mid,False,America
1113,Cataclysm Entertainment,France,2015,mid,True,Europe
1114,Catalytic Studios,UK,1993,indie,False,Europe
1115,Catapult Games,Canada,1990,indie,False,America
1116,Cateia Games,Sweden,1998,mid,False,Europe
1117,Catness Game Studios,Poland,1996,mid,False,Europe
1118,Catnip studio,USA,2001,indie,False,America
1119,Catowo,UK,1975,indie,False,Europe
1120,CattyApps,Japan,2009,indie,False,Asia
1121,Cave Monsters,Canada,1988,indie,False,America
1122,CaveDave,USA,2001,indie,False,America
1123,Cavumono,USA,2021,indie,False,America
1124,Ceiling Games,USA,2001,indie,True,America
1125,Celeritas Games,Japan,2019,mid,False,Asia
1126,Celery Emblem™,USA,2011,indie,False,America
1127,Celestial Fuel,France,1984,indie,False,Europe
1128,CelleC Games,Japan,2011,indie,True,Asia
1129,Celtaria Productions,Australia,1986,indie,False,Oceania
1130,Celtia,Germany,1998,indie,False,Europe
1131,CenHangKai,Canada,2000,indie,False,America
1132,Certeis Lirre,Russia,1977,mid,False,Europe
1133,ChainWave Games,Sweden,2004,indie,True,Europe
1134,Chained-lily,Canada,1996,indie,False,America
1135,Chainsaw Development,USA,1978,indie,False,America
1136,Challenge Yourself Productions,Poland,1991,indie,False,Europe
1137,Change The Ref,USA,2002,indie,False,America
1138,Chaoclypse,Sweden,1982,indie,False,Europe
1139,Chaos Cactus,Canada,2010,indie,False,America
1140,Chaos Cute Soft,Canada,2018,indie,False,America
1141,Chaos Minds,Germany,2015,indie,False,Europe
1142,Chaos Mysterious,USA,2013,indie,False,America
1143,Chaos Theory Studios Ltd.,Sweden,2016,indie,False,Europe
1144,Charlie's Games,USA,1996,indie,False,America
1145,Charm Games,Japan,1985,indie,False,Asia
1146,ChaseFOX,UK,1978,indie,False,Europe
1147,Chatty Pillow,USA,1984,indie,False,America
1148,Cheap Ramen Games,France,2003,indie,False,Europe
1149,Checkbox Interactive,USA,1978,indie,False,America
1150,Checkmark Games,France,1995,indie,False,Europe
1151,Checkmaty,Germany,2003,indie,False,Europe
1152,Cheese Burger Studio,Sweden,1984,indie,False,Europe
1153,Cheese Games,USA,1985,indie,False,America
1154,Cheng Yong Xing,Japan,2019,indie,False,Asia
1155,Chequered Ink Ltd.,USA,1980,mid,False,America
1156,Cherniukh Andrii,USA,2011,indie,False,America
1157,Cherry Beam,Sweden,1991,indie,False,Europe
1158,Cherry Kiss Games,UK,2007,aaa,False,Europe
1159,Cherry Pick Games,USA,1992,indie,False,America
1160,Cherry Pop Games,USA,2011,indie,False,America
1161,ChessBase GmbH,Canada,1976,mid,False,America
1162,Chewa,Sweden,1991,indie,False,Europe
1163,Chibig,Canada,1991,indie,False,America
1164,Chicken Boolean,Australia,1986,indie,False,Oceania
1165,Chicken Waffle,USA,2010,indie,False,America
1166,ChildRude Studios,USA,2006,indie,False,America
1167,Childish Things Ltd,Germany,1975,indie,False,Europe
1168,Chilla's Art,Poland,2019,mid,False,Europe
1169,Chilled Mouse,UK,2005,indie,False,Europe
1170,Chimera Coast Games,Russia,1978,indie,False,Europe
1171,Chinesegamer,USA,2014,indie,False,America
1172,Chinesegamer International Corp.,France,1984,indie,False,Europe
1173,Chlebek,USA,2008,indie,False,America
1174,Chocolate Manor,Germany,2007,indie,False,Europe
1175,Choice Provisions,USA,2000,indie,False,America
1176,Choice of Games,USA,2016,aaa,False,America
1177,Chongqing Yan Wan network technology Co.Ltd.,USA,2003,indie,True,America
1178,Chonky Games,UK,2006,indie,False,Europe
1179,Chonky Raccoon Studios,Japan,2002,indie,True,Asia
1180,Chris Allen,UK,2020,indie,False,Europe
1181,Chris Antoni,Japan,1987,mid,False,Asia
1182,Chris Charbonneau,Poland,2016,mid,False,Europe
1183,Chris Danelon,UK,2005,indie,False,Europe
1184,Chris Hanna,Germany,1998,indie,False,Europe
1185,Chris W.,USA,2012,indie,False,America
1186,ChrisYU,Sweden,1986,indie,False,Europe
1187,Christian Game Developers Conference (CGDC),Australia,1983,indie,False,Oceania
1188,Christian Kahler,UK,1998,indie,False,Europe
1189,Christian Lutnik,USA,2000,indie,False,America
1190,Christophe Vanhille,USA,2013,indie,False,America
1191,Christopher Evans,France,2018,indie,False,Europe
1192,Christopher Freeman,USA,2003,indie,True,America
1193,Christopher Hyun,Canada,2005,indie,True,America
1194,Christopher Lore,Japan,2021,indie,False,Asia
1195,ChristopherCgaming llc,Japan,1981,indie,False,Asia
1196,Chromatic Games,USA,2004,indie,False,America
1197,Chrome Horizon 3D,Canada,1978,indie,False,America
1198,Chthonic Chrome Studio,USA,1993,indie,False,America
1199,Chubby Pixel,Japan,2010,mid,False,Asia
1200,Chumoran,Canada,2013,indie,False,America
1201,Chun Chun Games,Canada,2016,indie,False,America
1202,Ciaran Thistle,UK,2017,indie,False,Europe
1203,Cicada_Dancing,Australia,1980,mid,True,Oceania
1204,Cikoria Studio,Poland,1975,indie,False,Europe
1205,Cinematography Database,Japan,1981,indie,False,Asia
1206,Cinetik lab,Canada,1976,indie,False,America
1207,Cintila Games,USA,1978,indie,False,America
1208,Cipher Games,France,2011,indie,False,Europe
1209,Cipher Prime Studios,Canada,2015,indie,False,America
1210,Circle Five Publishing,Canada,1986,indie,True,America
1211,Circle Jerk(s),USA,2018,indie,False,America
1212,Circle TSUKIYAKI,Sweden,2005,indie,False,Europe
1213,CircleΣ,France,2013,indie,False,Europe
1214,City Interactive S.A.,France,2018,indie,False,Europe
1215,Clapperheads,France,1996,indie,False,Europe
1216,Clara Lehenaff,Poland,2002,indie,False,Europe
1217,Clarus Victoria,Poland,2003,mid,False,Europe
1218,Classic Card Games Limited,USA,1985,indie,False,America
1219,Classplash,UK,2018,indie,False,Europe
1220,Claw Mark Productions,Russia,1991,indie,False,Europe
1221,Clear River Games,USA,1993,indie,False,America
1222,ClearSky Studio,USA,1997,indie,False,America
1223,Cleaversoft,USA,1993,indie,True,America
1224,Cleril Calamity Studios,Russia,2018,indie,False,Europe
1225,Clever Simulation Entertainment,USA,1987,indie,False,America
1226,Cleversan Games,Sweden,2014,indie,False,Europe
1227,Click on things together,Poland,2002,indie,False,Europe
1228,Clickbait Studios,UK,2011,indie,False,Europe
1229,Clickteam,Canada,2003,mid,False,America
1230,"Clipstories, Inc",USA,2018,indie,False,America
1231,"Clipstories, Inc.",Russia,1975,indie,False,Europe
1232,Clique Games,UK,2006,indie,False,Europe
1233,Cloak and Dagger Games,Russia,2004,indie,False,Europe
1234,Cloaz Studio,France,1998,indie,False,Europe
1235,Clockwork Bird,France,2000,indie,False,Europe
1236,Cloud Sprout,USA,1992,indie,False,America
1237,CloudTheWolf Games,USA,1978,indie,False,America
1238,Clouded Leopard Entertainment,Poland,1996,mid,False,Europe
1239,"Cluck Games, LLC",USA,2022,indie,True,America
1240,CoaguCo Industries,UK,1991,indie,False,Europe
1241,Coatsink,USA,2014,mid,False,America
1242,Cobalt Code,Japan,1986,indie,False,Asia
1243,Cobra Mobile,Russia,1995,indie,False,Europe
1244,Cococucumber,Japan,2012,indie,False,Asia
1245,Code Coven,Sweden,1980,indie,False,Europe
1246,Code-Monkeys,USA,2019,indie,False,America
1247,CodeBullet,Russia,1979,indie,False,Europe
1248,CodeRenderX,USA,2018,indie,False,America
1249,CodeThrower,Japan,2010,indie,False,Asia
1250,Codeate,Canada,2013,indie,False,America
1251,Codeborn AB,USA,1990,indie,False,America
1252,Codebrew Games Inc.,Germany,1982,indie,False,Europe
1253,Coded Xtreme,USA,2017,indie,False,America
1254,Codev Games,Canada,2016,indie,False,America
1255,Code}{atch,Sweden,2009,indie,True,Europe
1256,Coding Duck,Russia,1984,indie,False,Europe
1257,Coding Jar Studios Inc.,Poland,1991,indie,False,Europe
1258,Coduar,France,2006,indie,False,Europe
1259,Coffee Stain Publishing,USA,1996,indie,False,America
1260,Coffee Studio,USA,1985,indie,False,America
1261,Cogent Education,Japan,2005,indie,False,Asia
1262,Cogoo,Germany,1981,indie,False,Europe
1263,Cogware Games,USA,1979,indie,False,America
1264,CoinsDev,Russia,2005,indie,False,Europe
1265,Cojokero Games,USA,2021,indie,False,America
1266,Coke Cat Studio,Japan,1999,indie,True,Asia
1267,Cold Beam Games,USA,1990,mid,False,America
1268,Cold-Dark Software™,Australia,2005,indie,False,Oceania
1269,Coldwild Games,Sweden,2018,mid,False,Europe
1270,Colibri Games,Russia,1986,indie,False,Europe
1271,Colin Hopkins,Japan,2004,indie,False,Asia
1272,Colin Ogren,UK,1978,indie,False,Europe
1273,Coliseum Studio,UK,1984,indie,False,Europe
1274,Collector_collector,Sweden,2002,indie,False,Europe
1275,Colossal Wreck,Australia,2002,indie,False,Oceania
1276,Colossus Game Studio,Japan,2016,indie,False,Asia
1277,Colossus Interactive,Germany,2009,indie,False,Europe
1278,Comag Game,Australia,1996,indie,False,Oceania
1279,Combat Wombat Studios,UK,1991,indie,False,Europe
1280,Comfy Company,Russia,1979,indie,False,Europe
1281,ComiNo Games,USA,2014,indie,False,America
1282,Commandot Studio,USA,2012,indie,False,America
1283,Commotion Games Pty Ltd,Australia,2001,indie,False,Oceania
1284,Computer Aces,Sweden,2019,indie,False,Europe
1285,Computer Lunch,France,1986,indie,False,Europe
1286,"Conabe, LLC",UK,1979,indie,False,Europe
1287,Conceptual Cage,Germany,1991,indie,False,Europe
1288,ConchShip Games,USA,2013,indie,True,America
1289,Concrete Interactive顽石发行,USA,1992,indie,False,America
1290,Confer Studios,Germany,1993,indie,False,Europe
1291,Confused Studios,USA,2021,indie,False,America
1292,Conglomerate 5,UK,1982,aaa,False,Europe
1293,Conni'co,USA,1998,indie,False,America
1294,Conradical Games,Russia,1983,mid,False,Europe
1295,Constantinou,Canada,1990,indie,False,America
1296,Cookie Mechanics,USA,2004,indie,True,America
1297,Cooking and Publishing,UK,2014,indie,False,Europe
1298,Cooky Cookie Production,USA,1995,indie,False,America
1299,Cool Smithy Games,USA,1977,indie,False,America
1300,CoolCraftGames,USA,2015,indie,False,America
1301,CoolDown Studio,USA,1978,indie,False,America
1302,Copperpick Studio,Japan,2018,indie,False,Asia
1303,CopyPaste Games,Sweden,2016,indie,False,Europe
1304,Cordless Games Studio,Sweden,1979,indie,False,Europe
1305,Cordylus,France,1985,indie,False,Europe
1306,Core Steel Game Studio,Japan,1997,indie,False,Asia
1307,Coredumping,Poland,1981,indie,False,Europe
1308,CoreyGameDev,USA,2009,indie,False,America
1309,Coriander Games,Japan,1986,indie,False,Asia
1310,Cornet Dev,Japan,1978,indie,False,Asia
1311,Cornutopia Software,UK,1995,mid,False,Europe
1312,Correcture Games AB,USA,2014,indie,False,America
1313,Corrosive Studios LLC,UK,2000,indie,False,Europe
1314,Cortex Code,UK,1995,indie,False,Europe
1315,Corveda Games,USA,2008,indie,False,America
1316,Coryphaeus Corp,USA,2010,indie,False,America
1317,CosCom Art Group,USA,1983,indie,False,America
1318,Cosmi Valusoft,USA,2017,indie,False,America
1319,Cosmic Sky Games,Germany,2002,indie,False,Europe
1320,Cosmo D Studios,Sweden,1995,indie,False,Europe
1321,Cosmographic Software,France,1999,indie,False,Europe
1322,Cosynook Games,Canada,2008,indie,False,America
1323,Cotton Game,USA,2007,mid,False,America
1324,Couch Cosmonauts LLC,Australia,2009,indie,False,Oceania
1325,CouchCompetitive,Japan,1977,indie,False,Asia
1326,Coughing Dragon,USA,1980,indie,False,America
1327,CountZero,Poland,1985,indie,False,Europe
1328,CounterParry,Germany,2004,indie,False,Europe
1329,CoupleGames,Canada,1985,indie,False,America
1330,Cousins Factory,USA,1976,indie,False,America
1331,Cover Corp.,Japan,1999,indie,False,Asia
1332,Cow Corp.,Australia,1983,indie,False,Oceania
1333,Cow Game,Sweden,2022,mid,False,Europe
1334,Cowboy Color,UK,2002,indie,False,Europe
1335,Cozy Cloud Productions,Canada,1996,indie,False,America
1336,Cozy Marshmallow,USA,2004,indie,False,America
1337,Cozy Script Productions,Australia,2021,indie,False,Oceania
1338,CozyStorm,USA,2005,indie,False,America
1339,Cptn_troll,USA,1992,indie,False,America
1340,CrabDancer,USA,2022,indie,True,America
1341,Crabby Team,USA,2009,indie,False,America
1342,Crabeater Games,USA,2015,indie,False,America
1343,Crania Games,Poland,2015,indie,False,Europe
1344,Cranktrain,Japan,1996,indie,False,Asia
1345,Crasleen Games,USA,2016,indie,False,America
1346,Crate Entertainment,Russia,2003,indie,False,Europe
1347,Crayz,Canada,1977,indie,False,America
1348,Crazy Games,UK,1996,indie,False,Europe
1349,Crazy Pigeons,Canada,2005,indie,False,America
1350,Crazy Potato Game Studio,Australia,2004,indie,False,Oceania
1351,Crazy Rooster Games,France,1983,indie,False,Europe
1352,CrazyDistributive,UK,2003,indie,False,Europe
1353,Creability,USA,2020,indie,False,America
1354,Creajeux,USA,2021,indie,False,America
1355,Creaky Lantern Games,UK,1996,indie,False,Europe
1356,Cream Meron,UK,2013,indie,False,Europe
1357,Creashock studios,Canada,1989,indie,False,America
1358,Create Something Interesting,Russia,2004,indie,False,Europe
1359,Creative Concepts,USA,1981,indie,False,America
1360,Creative Games,Australia,2009,indie,False,Oceania
1361,Creative Labz,USA,2012,indie,False,America
1362,Creative Oven Studio Group,Russia,1993,indie,False,Europe
1363,Creative Storm Entertainment,France,1989,mid,False,Europe
1364,CreativeForge Games,Poland,1996,indie,False,Europe
1365,Creator Tom,USA,1992,indie,False,America
1366,Creatorship Games,Sweden,1991,indie,False,Europe
1367,Creed Games,Japan,2022,indie,False,Asia
1368,Creepy Brothers,USA,1986,mid,False,America
1369,Creepy Pixel Studio,USA,2019,indie,False,America
1370,CreptsyStudio,Germany,1996,indie,False,Europe
1371,Crescent Moon Games,Japan,2019,mid,False,Asia
1372,Crew Lab,USA,2002,mid,False,America
1373,CrewLab,USA,2014,indie,False,America
1374,Crimson Games Dev,UK,2012,indie,False,Europe
1375,Crimson Leaf LLC,USA,1985,mid,False,America
1376,Crimsonite Games,USA,2001,mid,True,America
1377,Cringe Games,Germany,1995,indie,False,Europe
1378,Critical Bliss,USA,2020,mid,True,America
1379,Crocodile and cactus,Poland,1990,indie,False,Europe
1380,Cronos Interactive,USA,1982,mid,False,America
1381,Crop Lab,Australia,2006,indie,False,Oceania
1382,Croteam,Russia,1984,indie,False,Europe
1383,Crow's Key Studios,USA,2002,indie,False,America
1384,CrowNest Games,USA,2010,indie,False,America
1385,Cruderocks,USA,2009,indie,False,America
1386,Crunching Koalas,Australia,1998,indie,False,Oceania
1387,Crunchy Leaf Games,USA,1992,indie,False,America
1388,Crusade,USA,2000,indie,False,America
1389,Crynosaurs,USA,2016,indie,False,America
1390,CryoDreams Interactive,USA,2004,indie,False,America
1391,Cryobolt Interactive,UK,1999,indie,False,Europe
1392,Crystal Dynamics,Japan,2014,mid,False,Asia
1393,Crystal Game Works,Canada,2012,indie,False,America
1394,Crystal Shard,USA,2006,indie,False,America
1395,Crystalline Green Ltd.,UK,2011,indie,False,Europe
1396,Crytivo,UK,1996,indie,False,Europe
1397,Cssiphy,France,2019,indie,False,Europe
1398,Cube Factory,USA,2020,indie,False,America
1399,CubeCube Sports Ltd.,Japan,1994,indie,False,Asia
1400,CubeDeveloper Games,Sweden,1993,indie,False,Europe
1401,Cubicle Interactive,Germany,2014,indie,False,Europe
1402,CuckTale games,USA,1995,indie,False,America
1403,Cuco Code LLC,Poland,1998,indie,False,Europe
1404,Cult Software,Sweden,2004,indie,False,Europe
1405,Cunum Games,Russia,2016,indie,False,Europe
1406,CupCupMug,USA,1979,mid,False,America
1407,Cupid's Ero Games,UK,1979,indie,False,Europe
1408,Curiosity Computing,Canada,1980,indie,False,America
1409,Curious Planet,Sweden,2006,indie,False,Europe
1410,Curiouspark,USA,1984,indie,False,America
1411,Cursed amulet,USA,2017,indie,False,America
1412,Curtel Games,France,2014,indie,False,Europe
1413,Curvature Systems,Japan,1976,indie,False,Asia
1414,Curve Games,Russia,1984,mid,False,Europe
1415,Cut The Mines,USA,2021,indie,False,America
1416,Cute Hannah's Games,Poland,1986,aaa,False,Europe
1417,Cute Pen Games,USA,1985,mid,False,America
1418,Cuties Logic,USA,1993,indie,True,America
1419,Cutlass Boardgames,Canada,2012,indie,False,America
1420,Cyanide Studio,Russia,1989,indie,False,Europe
1421,Cyanide Tea,Poland,1976,indie,False,Europe
1422,Cyber Keks,USA,2020,aaa,False,America
1423,CyberLight Game Studio,Germany,1977,indie,False,Europe
1424,CyberRomance VR TEAM,Poland,1985,indie,False,Europe
1425,"CyberStep, Inc.",Germany,2012,aaa,False,Europe
1426,Cyberisle,Canada,1993,indie,False,America
1427,Cyberkite Games,Japan,1991,indie,False,Asia
1428,Cybermask Studio,Russia,2016,indie,False,Europe
1429,CycloneRidgeStudios,USA,1994,indie,False,America
1430,Cyprus Games,USA,2013,indie,False,America
1431,Cтрельба,Australia,1982,indie,False,Oceania
1432,D Games,UK,2021,indie,False,Europe
1433,D!Gi productions,USA,2007,indie,False,America
1434,D&K Games Studio,Japan,1987,indie,False,Asia
1435,D. T. Games,Russia,2014,indie,False,Europe
1436,D.B PRODUCTIONS,USA,2004,indie,False,America
1437,D.D.dog,UK,1986,indie,False,Europe
1438,D.K.T. ltd,USA,1983,indie,False,America
1439,D.P.L.D.S,USA,1976,indie,False,America
1440,D.W.O Studios,France,2019,indie,False,Europe
1441,D3PUBLISHER,Japan,1989,mid,True,Asia
1442,D4,USA,1994,indie,False,America
1443,D4F Games,USA,2008,indie,False,America
1444,DANGEN Entertainment,USA,2009,mid,False,America
1445,DARKLID,Canada,2012,indie,False,America
1446,DC2S,UK,1998,indie,False,Europe
1447,DCF STUDIOS,USA,2011,indie,False,America
1448,DEADDEVICE,Germany,2012,indie,True,Europe
1449,"DEEP SIGHT INTERACTIVE Tech Co., Ltd.",USA,2017,indie,False,America
1450,DEKLAZON,UK,2010,indie,False,Europe
1451,DET@ACU,Canada,1981,indie,False,America
1452,DEV TEAM,USA,2002,indie,False,America
1453,DEVBOX,France,2006,indie,False,Europe
1454,DGV-Games,UK,2020,indie,False,Europe
1455,DGames,Australia,2005,indie,False,Oceania
1456,DIG Publishing,Poland,1988,indie,False,Europe
1457,DIGIDICED,Sweden,1980,mid,False,Europe
1458,DIGITAL ART TEAM,Sweden,2005,indie,False,Europe
1459,DIY Studio,UK,1976,indie,False,Europe
1460,DK Game Dev LTDA,Canada,1985,indie,True,America
1461,DKW.im,Sweden,1990,indie,False,Europe
1462,DKat Games,Russia,2012,indie,False,Europe
1463,DLsite,USA,2006,mid,False,America
1464,"DM Games Pty Ltd,",Sweden,2005,indie,False,Europe
1465,DMM GAMES,UK,2020,mid,False,Europe
1466,DMQuetzalli,UK,2020,indie,False,Europe
1467,DMU Software,Canada,2016,indie,False,America
1468,DNB Media,USA,1999,indie,False,America
1469,DNN,USA,2000,indie,True,America
1470,DNVA,USA,2006,indie,False,America
1471,DON'T NOD,Japan,1979,indie,False,Asia
1472,DOVEINSKY,Australia,2017,indie,False,Oceania
1473,DP Corp,Russia,1995,indie,False,Europe
1474,DRAGO entertainment,Canada,2003,indie,False,America
1475,DSGame,Australia,1987,mid,False,Oceania
1476,DT3 Digital,Germany,1999,indie,False,Europe
1477,DTDA Games,USA,2002,indie,False,America
1478,DTP Games,Japan,1975,indie,False,Asia
1479,DU&I,France,2000,mid,False,Europe
1480,DW,Poland,2000,indie,False,Europe
1481,DWGames,France,2020,indie,False,Europe
1482,DXF Games,Russia,1988,indie,False,Europe
1483,DYA Games,USA,2006,indie,False,America
1484,DYSTANT Games,Canada,2008,mid,False,America
1485,DZ-Games,Russia,2012,indie,False,Europe
1486,DadTax,Sweden,1992,indie,False,Europe
1487,DaeJin Jeong,Germany,1987,indie,False,Europe
1488,Daedalic Entertainment,USA,1988,aaa,False,America
1489,Daemin N,Russia,2000,indie,False,Europe
1490,Daemon Cat,Germany,2006,indie,False,Europe
1491,Dahku,Sweden,2009,indie,False,Europe
1492,Daigo Tech,Germany,2014,indie,False,Europe
1493,Daimen Gaming,USA,2004,indie,False,America
1494,Daisessen,Canada,2011,mid,False,America
1495,Dakzky,USA,1995,indie,False,America
1496,Damyan Momchev,Poland,1984,indie,False,Europe
1497,Dan  Walters,Germany,1996,indie,False,Europe
1498,Dan Ruta,UK,1982,indie,False,Europe
1499,Dan Young,Russia,2011,indie,False,Europe
1500,Dan Zaidan,Russia,1988,indie,False,Europe
1501,Dance studio mix,Japan,1985,indie,False,Asia
1502,Dancing Mango Games,USA,2006,indie,False,America
1503,Dandover,Sweden,2010,indie,False,Europe
1504,Dandylion,USA,2011,indie,False,America
1505,DangerousBob Studio LLC,USA,1990,indie,False,America
1506,Dani Corralez,USA,2019,indie,False,America
1507,Daniel Celemín,USA,1998,indie,False,America
1508,Daniel George,UK,1992,indie,False,Europe
1509,Daniel Martínez Martínez-Pardo,Canada,2020,indie,False,America
1510,Daniel Meredith,UK,2006,indie,False,Europe
1511,Daniel Siqueira Abdelnur,USA,2000,indie,False,America
1512,Daniil Titner,Japan,1997,mid,False,Asia
1513,Danil Kapylov,Germany,2005,indie,False,Europe
1514,DankSoss Interactive,USA,1997,indie,False,America
1515,Danny E.K. van der Kolk,USA,1981,indie,False,America
1516,DarKnot Team,Russia,1991,indie,False,Europe
1517,Dare Looks,UK,1986,indie,False,Europe
1518,Darien Mayne,Canada,2020,indie,False,America
1519,Darius Bode,UK,1979,indie,False,Europe
1520,Dark Erotica Games,Germany,1982,indie,False,Europe
1521,Dark Faction Games,UK,1976,indie,False,Europe
1522,Dark Sky Empire,Sweden,1979,indie,False,Europe
1523,DarkDirtyDev.,France,2000,indie,False,Europe
1524,DarkEvilGames,USA,1996,indie,False,America
1525,DarkSheep Games,Canada,1992,indie,False,America
1526,DarkStone Digital,UK,1991,indie,False,Europe
1527,Darkest Light Studios,UK,1990,indie,False,Europe
1528,Darkmatter Games,Russia,1989,indie,False,Europe
1529,Darks Zone,USA,1992,indie,False,America
1530,Dartisans,USA,2018,indie,False,America
1531,"Daruma The Factory, Inc.",Canada,1992,indie,False,America
1532,Dasaku Laboratory,Poland,1997,indie,False,Europe
1533,DashingVision,Russia,1976,indie,True,Europe
1534,Date Ariane Games,Australia,1980,indie,False,Oceania
1535,Dave Beck,Australia,2016,indie,False,Oceania
1536,Dave C Fidelity,USA,1984,indie,False,America
1537,DaveDrewGames,Australia,1999,indie,False,Oceania
1538,David A. Velasco,Japan,1992,indie,False,Asia
1539,David Addis,Canada,2016,indie,False,America
1540,David Kaleta,Australia,2003,indie,False,Oceania
1541,David Mulder,Russia,1999,indie,False,Europe
1542,David Seifers,USA,1998,indie,False,America
1543,David Stark,Sweden,2012,indie,False,Europe
1544,David Szymanski,Canada,2003,mid,True,America
1545,David Walters,Russia,1987,indie,False,Europe
1546,David Zeiser,Russia,2013,indie,False,Europe
1547,David and Goliath International Corporation,UK,1998,indie,True,Europe
1548,Dawid Kusyk,USA,1987,indie,False,America
1549,Dawncraft,Canada,1991,indie,False,America
1550,Dawson Inkster,Russia,1976,indie,False,Europe
1551,Day Art's Games,Poland,2015,indie,False,Europe
1552,Day Day Up！,USA,2022,indie,False,America
1553,Day Dreamer Games,Poland,1977,mid,True,Europe
1554,DayalGames,UK,2006,indie,False,Europe
1555,Daybreak Game Company,UK,2017,indie,False,Europe
1556,DeXP,Sweden,1982,indie,False,Europe
1557,Deacrow,USA,1997,indie,False,America
1558,Dead Bunny Interactive,France,1999,indie,False,Europe
1559,Dead Imagination Games,UK,1983,indie,False,Europe
1560,Dead Joker,Australia,2019,indie,False,Oceania
1561,Dead Thread Games,Canada,1997,indie,False,America
1562,Dead Turtle,USA,1996,indie,False,America
1563,Dead Unicorn,USA,1975,indie,False,America
1564,Deadbug,Australia,2022,indie,False,Oceania
1565,Deadly Red Cube,Sweden,2020,indie,False,Europe
1566,DeadlyCrow Games,France,2003,indie,False,Europe
1567,Dear Villagers,UK,2012,mid,False,Europe
1568,Death Sword Spirit,USA,1995,indie,False,America
1569,Death by Broccoli,USA,2018,indie,False,America
1570,DeathCount Games,UK,1988,indie,False,Europe
1571,Debuff Interactive,Poland,2002,indie,False,Europe
1572,Decebal Games Studio,Canada,2013,indie,False,America
1573,Deceptive Games,USA,2018,indie,False,America
1574,Decoder,USA,2003,indie,True,America
1575,Dedication Games,Germany,1981,indie,False,Europe
1576,Deeber,Canada,1993,indie,False,America
1577,Deeli Network,UK,2000,indie,False,Europe
1578,Deep Cave,Canada,1990,mid,True,America
1579,Deep Dive Project,USA,2011,indie,False,America
1580,Deep Games LLC,USA,2019,indie,False,America
1581,Deep Root Interactive,USA,2015,indie,False,America
1582,Deep Silver,France,1990,indie,False,Europe
1583,Deep Type Games,UK,1984,indie,False,Europe
1584,Deep Voodoo Games,Sweden,2009,indie,False,Europe
1585,DeepSeaStudio,USA,1985,indie,False,America
1586,Deer Vision,Russia,2020,indie,False,Europe
1587,Deertwig Studio,UK,2006,indie,False,Europe
1588,Defence Force,Germany,2017,indie,False,Europe
1589,Defiant Development,Sweden,2001,indie,False,Europe
1590,Define Logic Studios,UK,2015,indie,False,Europe
1591,Defunct Horizon,Canada,1981,indie,False,America
1592,Degica,UK,2010,indie,False,Europe
1593,Dejobaan Games,Canada,1979,indie,False,America
1594,Deki,Poland,2004,indie,False,Europe
1595,Dekore Game Lab,Canada,2008,indie,False,America
1596,Delattre & Harger,USA,2021,indie,False,America
1597,Delirious & Co.,Japan,2011,indie,False,Asia
1598,Delpod,Australia,1982,indie,False,Oceania
1599,Delta Bright,Sweden,1991,indie,False,Europe
1600,Deltacraft Games,Canada,1980,indie,False,America
1601,Delusional Scrapyard,Australia,2007,indie,False,Oceania
1602,Demetree Studios,Russia,2004,indie,False,Europe
1603,Demetris Rouslan Zavorotnitsienko,UK,2021,indie,False,Europe
1604,Demian Till,Sweden,2006,indie,False,Europe
1605,DemoDog Games,Canada,2017,indie,False,America
1606,Demolish Games S.A.,Germany,2016,indie,False,Europe
1607,Demon Logic Studio,Australia,1986,indie,False,Oceania
1608,Demon Zoo Games LLC,Australia,2017,indie,False,Oceania
1609,Demruth,USA,2018,indie,False,America
1610,Denda Games,Canada,2004,mid,True,America
1611,Deni_Sele,Japan,2010,indie,False,Asia
1612,Denis Blondel,France,1996,indie,False,Europe
1613,Denis Galanin (mif2000),UK,1981,indie,False,Europe
1614,Denis Kazantsev,Russia,2021,indie,False,Europe
1615,Denormalizer,Poland,2010,indie,False,Europe
1616,Denpasoft,Russia,2000,indie,False,Europe
1617,Denys Rudyi,Australia,1978,indie,False,Oceania
1618,Derin,France,2001,indie,False,Europe
1619,Derpmachine,USA,2002,indie,False,America
1620,Derrick Davison,Canada,1988,mid,False,America
1621,Desafortunados Games,USA,2011,indie,False,America
1622,Desastreger,UK,1979,indie,False,Europe
1623,Descendent Studios,UK,2017,indie,False,Europe
1624,Desert Fox,Australia,2020,indie,True,Oceania
1625,Desertical Studio,USA,2018,indie,False,America
1626,DeskClub Games,Japan,2022,indie,False,Asia
1627,DeskDev Team,Australia,2003,indie,True,Oceania
1628,Desmon Bonaparte,USA,2008,indie,False,America
1629,Destined Team,Germany,2007,indie,False,Europe
1630,Destructive Creations,UK,2020,indie,False,Europe
1631,Dev Arc,Japan,2012,indie,False,Asia
1632,Dev It With Cat,USA,2020,indie,True,America
1633,Dev Kacper,Australia,2007,indie,False,Oceania
1634,Dev Kid Games,Japan,2013,indie,False,Asia
1635,Dev9k,Canada,2002,indie,False,America
1636,DevAddict,UK,2003,indie,False,Europe
1637,DevFraccas,Sweden,1986,indie,False,Europe
1638,Deva,UK,2005,indie,False,Europe
1639,Devcats,Canada,1992,mid,False,America
1640,Devdan Games,UK,2003,indie,False,Europe
1641,Devdepot,Japan,1998,indie,False,Asia
1642,Deviant Labs,USA,2013,indie,False,America
1643,Devil Kitty Games,Japan,2003,indie,False,Asia
1644,Devil's Dozen Games,USA,2005,mid,False,America
1645,Devin Sherry,USA,1977,indie,False,America
1646,Devment Studio,UK,1983,indie,False,Europe
1647,Devolver Digital,USA,2002,aaa,False,America
1648,Devouzi151,UK,1989,indie,False,Europe
1649,Devs on a Boat,USA,2022,indie,False,America
1650,Dexied Games,Australia,1991,indie,False,Oceania
1651,Dhamas Tri,Australia,1998,indie,False,Oceania
1652,Dharker Studios,USA,1975,aaa,False,America
1653,DiaMMax Games,Canada,1977,indie,False,America
1654,"Diantong Intelligence Tech. Shanghai Co.,Ltd.",Japan,1991,indie,False,Asia
1655,DiceyCraft,USA,1999,indie,False,America
1656,DidOne,USA,2007,indie,False,America
1657,Didactricks,France,1992,indie,False,Europe
1658,Die Gute Fabrik,Russia,1998,indie,False,Europe
1659,Dieselmine,UK,2010,mid,False,Europe
1660,DietChugg LLC,Russia,2011,indie,False,Europe
1661,Digerati,USA,2021,aaa,False,America
1662,Diggidy.net,Poland,1988,mid,False,Europe
1663,DigiFeather,Sweden,2001,indie,False,Europe
1664,DigiMight,USA,1983,mid,False,America
1665,DigiPen Institute of Technology,USA,1991,aaa,False,America
1666,Digipot,Germany,1997,indie,False,Europe
1667,Digital Arson,USA,2008,indie,False,America
1668,Digital Ballista,USA,1989,indie,False,America
1669,Digital Crafter,USA,1996,mid,False,America
1670,Digital Cybercherries,USA,1977,indie,False,America
1671,Digital Domain,USA,2005,indie,False,America
1672,Digital Dragon,Canada,2020,indie,False,America
1673,Digital Eclipse,USA,2019,indie,False,America
1674,Digital Fusion Inc.,USA,1988,indie,False,America
1675,Digital Kingdom,Sweden,1988,indie,False,Europe
1676,Digital Monster Collective,USA,1987,indie,False,America
1677,Digital TableTops,Sweden,1987,indie,False,Europe
1678,Digital Tribe,France,2009,mid,False,Europe
1679,"Digital-Touch Co., Ltd.",Japan,2009,indie,False,Asia
1680,DigitalEZ,UK,1980,indie,False,Europe
1681,DigitalWolfByte,France,2010,indie,False,Europe
1682,DigitalWorldEntertainment,USA,2004,indie,False,America
1683,Digitalzone,USA,2008,indie,False,America
1684,Digitum Software,France,1998,indie,False,Europe
1685,Dijimit,Canada,1982,indie,False,America
1686,DillyFrame,Japan,2017,mid,False,Asia
1687,Dima Fyuriy,USA,2016,indie,False,America
1688,Dimension Unknown Studio,USA,2020,indie,False,America
1689,DimensionGate,UK,2019,indie,False,Europe
1690,Diminished Studios,UK,2017,indie,False,Europe
1691,Dinahsoft ltd.,Russia,2004,indie,False,Europe
1692,Dincicode,USA,1993,indie,True,America
1693,Dinosaur workshop,USA,1984,indie,False,America
1694,Dionous Games,Japan,2016,indie,False,Asia
1695,Diony Station,Australia,2002,indie,False,Oceania
1696,Dire Wolf,UK,1988,indie,False,Europe
1697,Directive Games Limited,Australia,2008,indie,False,Oceania
1698,Dirty Adventures 🖤,USA,2011,indie,True,America
1699,Dirty Fox Games,France,2014,mid,False,Europe
1700,Dirty Kaneez Gamez,Japan,2018,indie,False,Asia
1701,Disaster Soup,Poland,2018,indie,False,Europe
1702,Disaster Squad Productions,Canada,1976,mid,False,America
1703,DismayChildFish,USA,2007,indie,False,America
1704,Disney,Germany,2018,aaa,False,Europe
1705,Displaced Bits,UK,1998,indie,False,Europe
1706,Displacement Studios,Canada,2021,indie,True,America
1707,Disruptive Software,UK,2000,indie,False,Europe
1708,Distinguished Monkey Games,Sweden,2022,indie,False,Europe
1709,"Divilusion, Smudge Coin",UK,2017,indie,False,Europe
1710,DjokaGames,UK,2004,indie,False,Europe
1711,Dmitry Azarov,USA,2001,indie,False,America
1712,Dmitry Medvedev,Sweden,2011,indie,False,Europe
1713,Dmitry Petyakin,Germany,1990,indie,False,Europe
1714,Dmitry Ryabchuk,Germany,2021,indie,False,Europe
1715,Dnc Games,Sweden,1975,indie,False,Europe
1716,Dnovel,UK,1994,mid,False,Europe
1717,Do Games Limited,Japan,1985,aaa,False,Asia
1718,Doble Punch Games,UK,2011,indie,False,Europe
1719,Doborog Games,USA,2018,mid,False,America
1720,Dobuki Studio,USA,2018,indie,False,America
1721,Doby Digital,USA,2013,indie,False,America
1722,Dodo Tako,UK,2013,indie,False,Europe
1723,Doesn't Matter Games,USA,2011,indie,False,America
1724,Dog On God,Russia,1993,mid,False,Europe
1725,Dogenzaka Lab,Japan,2017,mid,False,Asia
1726,Dogless Head Games,USA,2005,indie,False,America
1727,Doky,Japan,1977,mid,False,Asia
1728,Dolores Entertainment,Canada,1980,indie,True,America
1729,Dominic Jackson,USA,2004,indie,False,America
1730,Don Dao VGS,UK,1999,indie,False,Europe
1731,Dong Lei,Russia,1985,indie,False,Europe
1732,Donnie D. Washington II,UK,2004,indie,False,Europe
1733,Dookos Games,Canada,1986,indie,False,America
1734,Doom Dino Games,Canada,1993,indie,False,America
1735,Doomster Entertainment,Japan,2011,indie,False,Asia
1736,Dot Precision LLC,Australia,2002,indie,False,Oceania
1737,DotXY100,USA,1981,indie,False,America
1738,Dotemu,USA,1975,mid,False,America
1739,Double Dice Games,Japan,2000,indie,False,Asia
1740,Double Fine Productions,Canada,2022,indie,False,America
1741,Double Machine,Australia,2022,indie,False,Oceania
1742,Double Scoop Games,UK,2003,indie,False,Europe
1743,DoubleMoose Games,Germany,2011,indie,False,Europe
1744,DoubleV,USA,2005,indie,False,America
1745,Doublebears,France,2015,indie,False,Europe
1746,Dovetail Games - Fishing,USA,2002,mid,False,America
1747,Dovetail Games - TSW,Russia,2014,indie,False,Europe
1748,Dovydas Dalinkevicius,Germany,2006,indie,False,Europe
1749,Down With The Frog,UK,2020,indie,False,Europe
1750,Downcast Games LLC,UK,2010,indie,False,Europe
1751,Downmeadowstreet,USA,2006,indie,False,America
1752,Downtown Blast,Canada,2001,indie,False,America
1753,Doyoyo Games,Germany,1994,mid,False,Europe
1754,Dr. Cyril Splutterworth,Japan,1988,mid,False,Asia
1755,Dr. Jamgo,Australia,2009,indie,False,Oceania
1756,Dracoraz,Germany,1978,indie,False,Europe
1757,Draft Games,Russia,2020,indie,False,Europe
1758,Drageus Games S.A.,Japan,2011,mid,True,Asia
1759,Dragofinder Studio,UK,2002,indie,False,Europe
1760,Dragon Landing,Australia,2010,indie,False,Oceania
1761,Dragon Slumber,Germany,1994,indie,False,Europe
1762,Dragon Smoke Games,Japan,2012,indie,False,Asia
1763,Dragon's Games,Russia,2007,indie,False,Europe
1764,Dragonflare Studios,Japan,1990,indie,False,Asia
1765,Dragonflower Games,UK,2013,indie,False,Europe
1766,Dragonfly Games,Japan,2014,indie,False,Asia
1767,Dragonneau88,USA,1985,indie,False,America
1768,Dragonrise Games,USA,1990,indie,True,America
1769,Dragonseye Limited,Poland,2016,indie,False,Europe
1770,Dragonside Studios,Canada,1992,indie,False,America
1771,Draih,France,2015,indie,False,Europe
1772,Draknek & Friends,Sweden,1994,indie,False,Europe
1773,DrankiKets,USA,1991,indie,False,America
1774,Drattzy Games LLC,Germany,1986,indie,False,Europe
1775,Draydur Studio,USA,1981,indie,False,America
1776,DreadXP,UK,1990,mid,False,Europe
1777,Dreadbit,USA,2008,indie,False,America
1778,Dream Channel,USA,1994,indie,False,America
1779,Dream Engine,USA,2002,indie,True,America
1780,Dream Night Studio,USA,1978,indie,False,America
1781,Dream Pocket Studio,UK,2003,indie,False,Europe
1782,Dream Stories,Japan,2012,mid,False,Asia
1783,Dream Vision Games,Russia,1980,indie,False,Europe
1784,DreamBig Games,USA,1982,indie,False,America
1785,DreamGear,USA,1990,indie,False,America
1786,DreamSail Games,Poland,2000,indie,False,Europe
1787,DreamasArtStudio,Australia,2010,indie,False,Oceania
1788,Dreambyte Games,Canada,2020,indie,False,America
1789,Dreamer's Anvil,USA,2011,indie,False,America
1790,Dreamers Workshop,USA,1994,mid,False,America
1791,Dreamflake,Germany,1989,indie,False,Europe
1792,Dreamland Games,UK,2009,indie,False,Europe
1793,DreamlessHero,Canada,2000,indie,True,America
1794,Dreamlike,Poland,2007,indie,False,Europe
1795,Dreamreason,Russia,1976,indie,False,Europe
1796,Dreamscape Dynamics,UK,2005,indie,False,Europe
1797,Dreamsite Games,Japan,1981,indie,False,Asia
1798,Dreamware Games,Sweden,1979,indie,False,Europe
1799,Dreamz Studio,USA,1997,indie,False,America
1800,Drew Parmelee,USA,2009,indie,False,America
1801,DrierWhisper Games,UK,1978,indie,False,Europe
1802,Driven Arts,Sweden,1980,indie,False,Europe
1803,Droog71,France,2012,indie,False,Europe
1804,DropSoftOPA,Sweden,2015,indie,False,Europe
1805,Druid Technologies,UK,1997,indie,False,Europe
1806,Dtom Games,Germany,2017,indie,False,Europe
1807,DuaWolf Studio,Poland,1989,indie,False,Europe
1808,DuanWeibo,Germany,2009,indie,False,Europe
1809,Ducat,Japan,2017,mid,False,Asia
1810,Duck Made Of Wood,Japan,2009,indie,True,Asia
1811,Duck Reaction,UK,1984,indie,False,Europe
1812,Dumbbell Games,USA,1985,indie,False,America
1813,Dumivid,Australia,2010,indie,False,Oceania
1814,Dunfan Lu,Australia,1998,indie,True,Oceania
1815,Dungeonman Studios,Sweden,2019,indie,False,Europe
1816,Duran and Schurz,Japan,1984,indie,False,Asia
1817,Dusa Softworks,USA,1983,indie,False,America
1818,Dusk Wave Arts LLC,USA,2011,indie,False,America
1819,Dustin,Australia,1977,indie,False,Oceania
1820,Dustin Gunn,Australia,1991,indie,True,Oceania
1821,Duxomnia,USA,1988,indie,False,America
1822,Dwarf Tavern Games,Canada,2005,indie,False,America
1823,Dylan White,Germany,1997,indie,False,Europe
1824,Dymchick1,Canada,1991,mid,False,America
1825,Dynamic Games,UK,1981,indie,False,Europe
1826,Dynamight Studios,Sweden,1986,indie,False,Europe
1827,Dynamite Games,Russia,2022,indie,False,Europe
1828,Dynamo Minibar Publishing,USA,1989,indie,False,America
1829,Dzsembori,Australia,2012,indie,False,Oceania
1830,E Bros,UK,1979,indie,False,Europe
1831,E-Cell,Japan,1980,indie,False,Asia
1832,E-Line Media,USA,2002,indie,True,America
1833,E.Muzz,France,2009,indie,False,Europe
1834,ECG Studios,USA,2021,indie,False,America
1835,EDWON,France,2016,indie,False,Europe
1836,EDWORLDLAND,Sweden,2014,indie,False,Europe
1837,EF Universe Games LLC,Sweden,1987,indie,False,Europe
1838,EFT Global,UK,2012,indie,False,Europe
1839,EGC Games,Japan,2006,indie,False,Asia
1840,EGG Inc.,Sweden,1978,indie,False,Europe
1841,EJRGames,USA,1982,indie,False,America
1842,EL TECH,Poland,1996,indie,False,Europe
1843,ELGB60 Games,Germany,2019,indie,False,Europe
1844,ELIOT,France,1981,indie,False,Europe
1845,ELN Game Studio,Sweden,2020,indie,False,Europe
1846,ELYLAND  INVESTMENT COMPANY Ltd,USA,2000,indie,False,America
1847,ELang Network technology,USA,1993,indie,False,America
1848,EMIKA_GAMES,UK,1980,indie,False,Europe
1849,EMSRoy,Russia,1988,indie,False,Europe
1850,EN,USA,1982,indie,False,America
1851,ENFP Dev Studio,USA,1981,indie,False,America
1852,ERO ACTION,Sweden,1975,indie,False,Europe
1853,ERODH C & C,Russia,2001,indie,False,Europe
1854,ESAT,Sweden,2019,mid,False,Europe
1855,ESDigital Games,France,1981,aaa,False,Europe
1856,ETime Studio,Russia,2010,indie,False,Europe
1857,EVERIUM,USA,2011,mid,False,America
1858,EVT Games,USA,1997,indie,True,America
1859,EWolf Games,UK,2012,indie,False,Europe
1860,EX Compute,Poland,1996,indie,False,Europe
1861,EXFMRENEL Studios,Sweden,1977,indie,False,Europe
1862,EXO Games,USA,2004,indie,False,America
1863,EXOR Studios,UK,2013,indie,False,Europe
1864,EXtage,Canada,2015,indie,False,America
1865,EYEFRONT,Poland,2011,mid,False,Europe
1866,Eager Lemur,Japan,1984,indie,False,Asia
1867,Earlgrey,USA,1994,indie,False,America
1868,Early Morning Studio,France,1976,indie,False,Europe
1869,Earthshine,UK,2016,indie,False,Europe
1870,Eastasiasoft Limited,Japan,1995,mid,False,Asia
1871,EasyGames,Canada,2015,indie,False,America
1872,EasyWays,Japan,1999,indie,False,Asia
1873,Easy~ Interactive Software,Sweden,1997,indie,False,Europe
1874,Eat Create Sleep,USA,1993,mid,False,America
1875,Eathrabaria,Germany,2015,mid,False,Europe
1876,EchoTale Games,Japan,1993,indie,False,Asia
1877,Echohead Games,UK,2008,indie,False,Europe
1878,Eclipse Interactive,Sweden,1983,indie,False,Europe
1879,Ed Gar IX Games,Australia,1999,indie,False,Oceania
1880,EddysssGames,Russia,1999,mid,False,Europe
1881,Edetanorum Games,Russia,1999,indie,False,Europe
1882,Edigger,Canada,2000,mid,False,America
1883,Edition,Russia,1994,indie,False,Europe
1884,Editions RSG,USA,2000,indie,False,America
1885,Edmund McMillen,Germany,2015,indie,False,Europe
1886,Edo Games,Canada,2005,indie,False,America
1887,Eduardo Bezerra,USA,1998,indie,False,America
1888,EduardoGameDev,Poland,2022,indie,False,Europe
1889,Effat Effati,Canada,1977,indie,False,America
1890,Ege Sayın,Sweden,2006,indie,False,Europe
1891,Eggs Studio,USA,2020,indie,False,America
1892,Eggtart Inc,UK,1992,indie,False,Europe
1893,Ego,USA,1984,indie,False,America
1894,Egor Rezenov,Russia,1977,indie,True,Europe
1895,Ehnenu,UK,2008,indie,False,Europe
1896,EightyEight Games,UK,1999,indie,False,Europe
1897,EightyEightGames,Japan,1981,indie,False,Asia
1898,EineLitschi,Poland,1996,indie,False,Europe
1899,Eisenstadt Studio,USA,1998,indie,False,America
1900,Eivind Magnus Noersterud Hvidevold,Sweden,1996,mid,False,Europe
1901,Eko Software,USA,2021,indie,False,America
1902,ElStrawFedora,USA,2001,indie,True,America
1903,Elam Isaacs,France,2014,mid,False,Europe
1904,Elasto Mania Team,France,1990,indie,False,Europe
1905,ElbenCraft,Canada,2020,indie,False,America
1906,Elder Tree Games,France,1984,indie,False,Europe
1907,Eldritch Heart Studio,Germany,1991,indie,False,Europe
1908,Electric Succubi,USA,1981,indie,False,America
1909,Electronic Arts,USA,2019,aaa,False,America
1910,Electronic Sheep Games,USA,1976,mid,False,America
1911,Electroplasmatic Games,Germany,2006,indie,False,Europe
1912,Electrovore,USA,1987,indie,False,America
1913,Elegant Girl Games,France,2005,indie,False,Europe
1914,Elegant Horse Studios,Germany,2019,indie,False,Europe
1915,Elevated Ants Studio,USA,1984,indie,False,America
1916,Elias Diez Urbizu,USA,2008,indie,False,America
1917,Elica Garden,USA,2006,indie,False,America
1918,Elijah Anadon,Germany,2018,indie,False,Europe
1919,ElixColix,Japan,2007,indie,False,Asia
1920,Eliška Vrzalová,USA,1977,indie,False,America
1921,Elliptic Games,Germany,1984,indie,False,Europe
1922,Elmok,USA,2001,indie,False,America
1923,Else If Games Pty Ltd,Japan,2014,indie,False,Asia
1924,Eltar,Japan,1988,indie,False,Asia
1925,ElvGames,UK,2005,indie,False,Europe
1926,ElzaiGames,USA,1997,indie,False,America
1927,EmInSpace,UK,2019,indie,False,Europe
1928,Ember Eye Studio,Germany,2009,indie,False,Europe
1929,EmberSparkz,Russia,2006,indie,False,Europe
1930,Emedion Games,USA,1994,indie,False,America
1931,Emily Pitcher,USA,2015,indie,False,America
1932,Emir Akyazi,UK,1979,indie,False,Europe
1933,Emissive Games,Australia,2018,indie,False,Oceania
1934,Emperium Team,USA,1976,indie,False,America
1935,Enaayah Software Development and Services Private Limited,Australia,1991,mid,False,Oceania
1936,Enav AS (Norway),USA,2022,indie,False,America
1937,Enchanted Works,Japan,2005,indie,False,Asia
1938,EncoderX,Australia,2003,indie,False,Oceania
1939,Encore,Japan,1999,indie,False,Asia
1940,Encore Inc.,Germany,2009,indie,False,Europe
1941,Encore Software,Japan,1995,indie,False,Asia
1942,Encore Software LLC,Poland,2003,indie,False,Europe
1943,Endless Life,France,1978,indie,False,Europe
1944,Endless Loop Studios,UK,1979,indie,False,Europe
1945,EndlessFun Games,Poland,2020,indie,False,Europe
1946,Eneida Games,Germany,2013,indie,False,Europe
1947,Enhance,UK,2020,indie,False,Europe
1948,Enigmatic Network,USA,2017,indie,False,America
1949,EnjoyPlay Corp.,Japan,1993,indie,False,Asia
1950,Enki,Australia,1991,indie,False,Oceania
1951,Enlight Software Limited,USA,1975,indie,False,America
1952,Enlightment Institute,USA,1999,indie,False,America
1953,Enntropy,Sweden,1997,indie,False,Europe
1954,Enomicsoft LLC,Russia,2013,indie,False,Europe
1955,Enoops,UK,2020,aaa,False,Europe
1956,Enoznal LLC,USA,1988,indie,False,America
1957,EnsenaSoft,Germany,2014,mid,False,Europe
1958,Entalto Publishing,USA,1982,indie,False,America
1959,Entalto Studios,UK,1989,indie,False,Europe
1960,Entheogen Studios LLC,Sweden,2012,indie,False,Europe
1961,Entropy Digital Entertainment,USA,2002,mid,False,America
1962,EntwicklerX,Japan,1980,indie,True,Asia
1963,Enver Studio,USA,1988,indie,False,America
1964,Eny Project s.r.o.,UK,1993,indie,False,Europe
1965,Enygmage,Germany,1998,indie,False,Europe
1966,Eonia Studio,Germany,1997,indie,False,Europe
1967,Ephemeral Entertainment,Canada,2015,indie,False,America
1968,Ephemeral Glades Software,Germany,2007,indie,False,Europe
1969,EpiXR Games UG,Sweden,2007,aaa,False,Europe
1970,Epic Banana Games LLC,Australia,1983,indie,False,Oceania
1971,Epic Devs LLC,Germany,1984,indie,False,Europe
1972,Epic Tech Labs LLC,USA,2004,indie,False,America
1973,Epidra2077,Sweden,2007,indie,False,Europe
1974,EpiсForce Studios,Sweden,2012,indie,False,Europe
1975,Equilon,Australia,1988,indie,False,Oceania
1976,Erabit,USA,1986,indie,False,America
1977,Erbe Software,France,1991,indie,False,Europe
1978,Ergosphere Game Studio,Sweden,2003,indie,True,Europe
1979,Eric Bruno,Japan,2018,indie,False,Asia
1980,Eric Davidson,UK,2022,indie,False,Europe
1981,Eric Ferguson,Germany,2000,indie,False,Europe
1982,Eric Hodges,UK,2005,indie,False,Europe
1983,Eric Juvi,Japan,1975,indie,False,Asia
1984,Eridanus Studio,USA,1999,indie,False,America
1985,Erik Meyer,Australia,1997,indie,False,Oceania
1986,Erik Salin,USA,2003,indie,False,America
1987,Erik Sheader-Smith,Canada,1985,indie,False,America
1988,Ernő Király,Germany,1984,indie,False,Europe
1989,Eroducate,Australia,2018,indie,False,Oceania
1990,Eroge Japan,USA,2012,mid,False,America
1991,Erommersion Studios,USA,2007,indie,False,America
1992,Eros Interactive Ltd,Australia,1985,indie,False,Oceania
1993,Eros Vis,Russia,2003,indie,False,Europe
1994,Erost Game79 Studio,USA,1988,indie,False,America
1995,EroticGamesClub,USA,1975,aaa,False,America
1996,Erouest Production,Canada,1998,indie,False,America
1997,ErroneousCompany,Australia,2002,indie,False,Oceania
1998,Error 300,France,1977,aaa,False,Europe
1999,Error byDefault,UK,2000,indie,True,Europe
2000,"Escape Hatch Entertainment, LLC",USA,1997,indie,False,America
2001,EscapeGame,USA,1987,indie,False,America
2002,Escher Shadow Pictures,Sweden,1988,indie,False,Europe
2003,Esemte Games,Germany,2021,indie,False,Europe
2004,Esfie,Sweden,2010,indie,False,Europe
2005,Essa Mobi,Australia,2017,indie,False,Oceania
2006,Esteban Jauregui,Poland,2002,indie,False,Europe
2007,Estúdio Vaca Roxa,USA,1991,indie,False,America
2008,Eternal Dream,USA,1999,indie,False,America
2009,Eternal Lighthouse,Japan,2018,indie,False,Asia
2010,"Eternal Love Studios, LLC.",Russia,1976,indie,False,Europe
2011,Eternity Dev,Canada,1989,mid,False,America
2012,Eternity Studios,USA,2008,indie,False,America
2013,Etheral Games,Canada,2021,indie,False,America
2014,Ethereal Industries,UK,1998,indie,False,Europe
2015,Ethereal's Flow Entertainment,Poland,2015,indie,False,Europe
2016,Etherlight,Germany,1991,indie,False,Europe
2017,Ethernal Studio,France,2006,indie,False,Europe
2018,Eucalypt,USA,1981,indie,False,America
2019,EugeneLee,Poland,1987,indie,False,Europe
2020,Euphoric Brothers,UK,2011,mid,False,Europe
2021,Eureka Learning Network Pty Ltd,Japan,2004,indie,False,Asia
2022,European Games Group AG,Japan,2006,indie,False,Asia
2023,Evan Downing,USA,2010,indie,False,America
2024,EveRecord,USA,1994,indie,False,America
2025,Evenmore Games,USA,2013,indie,False,America
2026,Eventgames,UK,2010,indie,True,Europe
2027,EverCats,Germany,2009,indie,False,Europe
2028,Everflame Studio,USA,2006,indie,False,America
2029,Evergreen,USA,2013,indie,False,America
2030,Everguild Ltd.,Canada,2006,indie,False,America
2031,Everidea Interactive,USA,1976,indie,True,America
2032,Eversim,USA,1989,indie,False,America
2033,Every Single Soldier,UK,2008,indie,False,Europe
2034,Everything Lab,UK,1986,indie,False,Europe
2035,Evgeny Yanovskiy,UK,1991,indie,False,Europe
2036,Evil Art Bunny Studios,USA,1979,indie,False,America
2037,Evil Boobs Cult,Germany,1975,indie,False,Europe
2038,Evil Bunneh,Poland,2008,indie,False,Europe
2039,Evil Chicken,USA,1999,indie,False,America
2040,Evil Tortilla Games,Sweden,1991,indie,False,Europe
2041,Evil Turtle Productions,Canada,1976,indie,False,America
2042,EvoBooks,France,2017,indie,False,Europe
2043,EvolVR Games Ltd.,Australia,1996,indie,False,Oceania
2044,Evolite Studio,Japan,2008,indie,False,Asia
2045,Evoluta Studio,USA,2004,mid,False,America
2046,Evolve Entertainment,Germany,2004,indie,False,Europe
2047,Evvacon,UK,1986,mid,False,Europe
2048,Ex Conspectu,Germany,2000,indie,False,Europe
2049,ExAbsentia,Russia,1987,indie,False,Europe
2050,Excentiner Studio,Japan,1989,indie,False,Asia
2051,Exciting Games,USA,2007,indie,False,America
2052,Exhibition Studios,Germany,2003,indie,False,Europe
2053,Exit 1 Studios,Sweden,1998,indie,False,Europe
2054,Exokit Inc,Japan,2017,indie,False,Asia
2055,Expansionpack Butterfly,France,1998,indie,False,Europe
2056,Experia Studio,Japan,1987,indie,False,Asia
2057,Experimental Studio,Sweden,2004,indie,True,Europe
2058,Explorasaurus Studios,USA,1996,indie,False,America
2059,Exponential Games Inc.,France,2004,indie,False,Europe
2060,Exsom,USA,1986,mid,False,America
2061,Extend Entertainment,Poland,1975,indie,False,Europe
2062,Extreme Games,Germany,2007,indie,False,Europe
2063,ExtremeAverage,Japan,2019,indie,False,Asia
2064,Extrokold Games,France,2010,indie,False,Europe
2065,Eyal Hazor,USA,2008,indie,False,America
2066,Ezen Studio,France,1987,indie,False,Europe
2067,Ezone PTY LTD,Japan,2005,indie,False,Asia
2068,F chord 繁弦,Poland,2012,indie,False,Europe
2069,F4NGARANG Studios,USA,2019,indie,False,America
2070,F8tality games,Australia,2001,indie,False,Oceania
2071,FAHAD,Sweden,1978,indie,False,Europe
2072,FAKKU,USA,2006,indie,False,America
2073,FAS3 Estudios S.L,Japan,2002,indie,False,Asia
2074,"FAT BOMB STUDIOS, LLC",Russia,1997,indie,False,Europe
2075,FEYXUAN,Russia,1991,indie,False,Europe
2076,FGMS,Japan,2016,indie,False,Asia
2077,FIFTYFIVE GAMING STUDIO PRIVATE LIMITED,UK,1991,indie,False,Europe
2078,FIVE-BN GAMES,France,2003,mid,False,Europe
2079,FLO-server,UK,2015,indie,False,Europe
2080,FLORÉAL,USA,2003,indie,False,America
2081,FOCKA GAMES,Poland,2016,indie,True,Europe
2082,FT Girl Studio,France,1991,indie,True,Europe
2083,FUED,UK,2003,indie,False,Europe
2084,FUN Creators,France,1975,indie,False,Europe
2085,FUN INCLUDED,USA,2022,indie,False,America
2086,FUNAKI GAMES,UK,1989,indie,False,Europe
2087,FURYU Corporation,USA,1976,indie,False,America
2088,FVS Games,Russia,1997,indie,False,Europe
2089,FZ-Tech,Poland,1977,indie,False,Europe
2090,Fabagame,Japan,1975,indie,False,Asia
2091,Fabien NAIMON,Germany,1987,indie,False,Europe
2092,Fabio Biancarelli,UK,2000,indie,False,Europe
2093,Fabula,USA,2013,mid,False,America
2094,Factory 64 Games,UK,1999,indie,False,Europe
2095,Factus Games,Russia,1977,indie,False,Europe
2096,Facundo Balboa,USA,1976,mid,False,America
2097,Fade Away,Japan,1978,indie,False,Asia
2098,Fading Club,Sweden,1980,indie,False,Europe
2099,Fahrenwald Games,Canada,1999,indie,False,America
2100,"Fair Weather Studios, LLC",Poland,2020,indie,False,Europe
2101,Fairy Studio,USA,1981,indie,True,America
2102,Falco Software,Canada,1984,indie,False,America
2103,Falkanas,Japan,2009,indie,False,Asia
2104,Fallen Few Studios,Germany,1988,indie,False,Europe
2105,Fallen Penguin Studios,USA,2000,indie,False,America
2106,FallenLeaves,France,1992,indie,False,Europe
2107,Falling Saints,Australia,2000,indie,False,Oceania
2108,Falling Star Studio,Russia,1990,indie,False,Europe
2109,Falmi,Poland,1983,indie,False,Europe
2110,Fanatic LLC,USA,2011,indie,False,America
2111,Fancy Donkey LLC,USA,1996,indie,False,America
2112,Fancy Fish Games,Russia,2020,indie,False,Europe
2113,Fancyday,Germany,1979,indie,False,Europe
2114,Fantasia Studio,USA,1986,indie,False,America
2115,Fantasy Flight Games,Japan,2005,mid,False,Asia
2116,Fantasy Games Studio,USA,2013,indie,False,America
2117,Far Few Giants,UK,2008,indie,False,Europe
2118,FarSight Studios,Sweden,2005,indie,False,Europe
2119,Farbspiel Interactive,Japan,2008,indie,False,Asia
2120,Farelas,USA,1976,indie,False,America
2121,Faris Mohammed,USA,1988,indie,False,America
2122,Faritengames,Japan,2016,indie,False,Asia
2123,Farlight Games,Canada,2005,indie,False,America
2124,Farmsville Prod.,USA,1996,indie,True,America
2125,FassiGames,Russia,1997,indie,False,Europe
2126,Fast Travel Games,Russia,2018,indie,False,Europe
2127,Fast X Play,USA,2004,indie,True,America
2128,FastGame,UK,2008,mid,False,Europe
2129,FastRam Design,Japan,2005,indie,False,Asia
2130,Faster Time Games Limited,USA,2019,indie,False,America
2131,FatCoke,Australia,1985,indie,False,Oceania
2132,Fathom Film Group,USA,2021,indie,False,America
2133,Fatih Karaatli,USA,1988,indie,False,America
2134,Fatih Mert,USA,2006,indie,False,America
2135,Fatshark,UK,2016,mid,False,Europe
2136,Favour Toys Studios,Australia,2018,indie,False,Oceania
2137,Fazz Brothers,Canada,1988,indie,False,America
2138,Featherweight Games,USA,2001,indie,False,America
2139,Federico Schliemann,Japan,1996,indie,False,Asia
2140,Fedor Votrin,Japan,1975,indie,False,Asia
2141,FeedBack,USA,1977,indie,False,America
2142,Feesh Studio,Russia,2016,indie,False,Europe
2143,Feiyun Wang,Sweden,2002,indie,False,Europe
2144,Fellow Traveller,Japan,2004,mid,False,Asia
2145,Fellowplayer,Russia,2018,indie,False,Europe
2146,Fellstrike Games,Japan,2021,indie,False,Asia
2147,Femdom studio,Australia,1975,indie,False,Oceania
2148,Fennec Game Studio,Japan,1997,indie,False,Asia
2149,Feodosiy,Japan,1996,mid,False,Asia
2150,Feperd Games,Canada,1975,indie,False,America
2151,Feral Code Monkey,Sweden,2014,mid,False,Europe
2152,Feral Interactive (Linux),USA,1978,mid,False,America
2153,Feral Interactive (Mac),USA,2003,mid,False,America
2154,Feral interactive (Linux),Poland,1990,mid,False,Europe
2155,Feral interactive (Mac),Russia,1991,indie,False,Europe
2156,Fergus art,Australia,2002,indie,False,Oceania
2157,Fernando Paulo (Zefaistos),Japan,2022,indie,False,Asia
2158,FetterSky Studio,Poland,1991,indie,False,Europe
2159,Fever Night,Sweden,2010,indie,False,Europe
2160,Fever Pitch Studios,Germany,1995,indie,False,Europe
2161,Fewjix,Germany,1976,mid,False,Europe
2162,Feyra Online,USA,2015,indie,True,America
2163,Fiendish Fiction,France,1998,indie,False,Europe
2164,Fiery Bytes,Poland,1996,indie,False,Europe
2165,Fiery Phoenix,France,1978,indie,False,Europe
2166,Fighting Chance Games,UK,1988,indie,False,Europe
2167,Fika Game Studio,France,1983,indie,False,Europe
2168,Fili,Germany,2014,indie,False,Europe
2169,Filip Eriksson,USA,1976,indie,False,America
2170,Filippo Grosso,Poland,1985,indie,False,Europe
2171,Filmic Studios,UK,2000,indie,False,Europe
2172,Final Screw,Australia,1990,indie,True,Oceania
2173,Finji,Germany,2012,indie,False,Europe
2174,Fire Cycle Games,UK,1978,indie,False,Europe
2175,Fire Game Studios,Canada,1988,indie,False,America
2176,Fire Leaf Studio,USA,1984,indie,False,America
2177,FireArmGames,France,1997,indie,False,Europe
2178,FireFly Studios,Germany,1995,mid,True,Europe
2179,FireRing Studio,USA,1987,indie,False,America
2180,FireUnraveller,Australia,1983,indie,False,Oceania
2181,FiredBy s.r.o.,Russia,2019,indie,False,Europe
2182,Firefight Studios,Sweden,1983,indie,False,Europe
2183,Firelight Studios,USA,2008,indie,False,America
2184,Firemill Games,Russia,1977,indie,False,Europe
2185,Firenut Games,Sweden,1978,mid,False,Europe
2186,Fireplay Studio,UK,2008,indie,False,Europe
2187,Fireproof Games,Japan,2008,indie,False,Asia
2188,Fireroot Studios,Russia,2006,indie,False,Europe
2189,Fireshine Games,Sweden,2012,mid,False,Europe
2190,Firesquid,Australia,1984,indie,False,Oceania
2191,First Games Interactive,Canada,2015,mid,False,America
2192,Firstborn Games,USA,1981,indie,False,America
2193,Fish Eagle,USA,1985,mid,False,America
2194,Fish Journey XR,Poland,1987,mid,False,Europe
2195,Fish Pond Studio,Sweden,2002,indie,False,Europe
2196,Fist production,Poland,2012,indie,False,Europe
2197,Five Mind Creations,Australia,2007,indie,False,Oceania
2198,Five star apps,Sweden,1998,indie,False,Europe
2199,Fivestack,Canada,2008,indie,False,America
2200,FivexGames,France,1980,indie,False,Europe
2201,Fizzostia,UK,1977,indie,False,Europe
2202,Flag Hippo Games,Sweden,1982,indie,False,Europe
2203,FlagmanJeremy,Canada,2014,mid,False,America
2204,Flamebait Games,UK,2022,indie,False,Europe
2205,Flaming Firefly,UK,2018,indie,False,Europe
2206,Flan Falacci,USA,2020,indie,False,America
2207,FlaotSoft Ltd.,Japan,1993,indie,False,Asia
2208,FlapBox Studios,USA,2020,indie,False,America
2209,Flash Phase Studios,Canada,2007,indie,False,America
2210,Flashbulb,France,1993,indie,False,Europe
2211,Flashfire Media,USA,1990,indie,False,America
2212,Flashrush Games,USA,2001,indie,False,America
2213,Flat Black Films,UK,1997,indie,False,Europe
2214,Flatout Games,Russia,1988,indie,False,Europe
2215,Flavourworks,UK,2007,indie,False,Europe
2216,FleetCOMM Technologies LLC,USA,2020,indie,False,America
2217,Fleon games,USA,2003,indie,False,America
2218,Flexible Media,UK,2003,mid,False,Europe
2219,Flight School Studio,Sweden,1992,indie,False,Europe
2220,Flimmersoft,Sweden,1998,indie,False,Europe
2221,Flint Games,Canada,1983,indie,False,America
2222,Flipline Studios,Japan,1993,indie,False,Asia
2223,FlirtFit Studios,Poland,1990,indie,False,Europe
2224,Floating Island Games,Japan,1977,indie,True,Asia
2225,Flox Studios,USA,1993,mid,False,America
2226,Fluke Games,Sweden,2013,indie,False,Europe
2227,Fly Studio,Germany,1994,indie,False,Europe
2228,FlyStar,Canada,2004,indie,False,America
2229,Flyhigh Works,Sweden,1981,mid,False,Europe
2230,Flyin Kebab Studio,USA,2018,indie,False,America
2231,Flying Interactive,Russia,2017,mid,False,Europe
2232,Flying Oak Games,USA,1996,mid,False,America
2233,Flying Panjandrum / ふらいんぐパンジャンドラム,USA,1976,indie,False,America
2234,FoV,Russia,2002,indie,False,Europe
2235,Focus Entertainment,France,1976,aaa,False,Europe
2236,FondGame,USA,1984,indie,False,America
2237,Foolish Mortals Games,Australia,2006,mid,False,Oceania
2238,For Fun Games,Japan,1998,indie,False,Asia
2239,For7s,USA,1993,indie,False,America
2240,ForRest,Australia,2019,indie,False,Oceania
2241,Forace,USA,2006,indie,False,America
2242,Forceight,France,1978,indie,False,Europe
2243,ForeShine,USA,1998,indie,False,America
2244,Forestlight Games,USA,1993,indie,False,America
2245,Forever Entertainment,France,1996,indie,False,Europe
2246,Forever Entertainment S. A.,UK,2002,aaa,False,Europe
2247,ForeverNo.2 Game Studio,Australia,2002,indie,False,Oceania
2248,Forge 215,Australia,2017,indie,False,Oceania
2249,"Forge Father Games, Inc.",UK,2017,indie,False,Europe
2250,Forgotten Empires LLC,Australia,2001,indie,False,Oceania
2251,Forgotten Games,USA,2014,indie,False,America
2252,Forgotten Realms,USA,2022,indie,False,America
2253,Format lib: /s,USA,2001,indie,False,America
2254,Forthright Entertainment,USA,1987,mid,False,America
2255,Forust,USA,1996,indie,False,America
2256,Forward Game Studios,Germany,1985,indie,False,Europe
2257,ForwardVector,Canada,2004,indie,False,America
2258,ForwardXP,USA,2010,indie,False,America
2259,FossettGaming,USA,2014,indie,False,America
2260,Fossil Circuit,USA,1979,indie,False,America
2261,FoumartGames,Japan,2008,indie,False,Asia
2262,FoundVR,Australia,2008,indie,False,Oceania
2263,Fountain Game Studio,Germany,2016,mid,False,Europe
2264,Fourteen,Australia,1977,indie,False,Oceania
2265,Fowl Machinations,Russia,2010,indie,False,Europe
2266,FoxNext VR Studio,USA,1981,indie,False,America
2267,Fractal Block Team LLC,USA,1977,indie,False,America
2268,Fractal Projects,USA,1977,indie,False,America
2269,Fractalis,USA,2018,indie,False,America
2270,Fractious,Canada,2011,indie,False,America
2271,FragmentVR,Japan,1977,indie,False,Asia
2272,Frameless Games,USA,2017,indie,False,America
2273,Franck Games,Germany,2015,indie,False,Europe
2274,Frank Bondietti III,USA,2016,indie,False,America
2275,François Sahy,USA,2009,indie,False,America
2276,Fratboy Entertainment,Germany,1993,indie,False,Europe
2277,FreakZone Games,Japan,1981,mid,False,Asia
2278,Freakinware Games,UK,2003,indie,False,Europe
2279,FredBear Games Limited,USA,1992,indie,False,America
2280,Free,Russia,2022,indie,True,Europe
2281,Free Reign Entertainment,USA,2007,indie,False,America
2282,FreeAnimals_Software,USA,1986,indie,False,America
2283,FreeInfantry Group,UK,1993,indie,False,Europe
2284,FreeMind S.A.,USA,2001,aaa,False,America
2285,Freebird Games,Poland,1991,indie,False,Europe
2286,Freedom Software,Germany,2018,indie,False,Europe
2287,FreezeNova,Russia,2013,indie,False,Europe
2288,Frheaky,UK,2003,indie,False,Europe
2289,Frictional Games,France,2008,indie,False,Europe
2290,Friday Night Software,Canada,2005,indie,False,America
2291,Friend Factory,Poland,1992,indie,False,Europe
2292,Frix,USA,1999,indie,False,America
2293,Frog Vibes,France,1994,indie,False,Europe
2294,FrogKing Games,USA,2014,indie,False,America
2295,Frogames,Russia,2014,indie,False,Europe
2296,Frogdice,USA,1995,indie,False,America
2297,From Nothing Game Studios,Japan,1994,indie,False,Asia
2298,FromLefcourt,USA,1992,mid,True,America
2299,"FromSoftware, Inc.",USA,1999,aaa,False,America
2300,FrontRunnerTek,Germany,1975,indie,False,Europe
2301,Frontier Developments,Sweden,1999,mid,False,Europe
2302,Frontwing USA,Australia,1999,mid,False,Oceania
2303,"Frontwire Studios, LLC",France,2008,indie,False,Europe
2304,Frost Studios,Sweden,2017,indie,False,Europe
2305,Frost Warrior Studios,USA,1983,indie,False,America
2306,Frosted Wings Studio,Russia,1990,mid,False,Europe
2307,Frozen District,France,2016,indie,False,Europe
2308,Frozen Way,UK,2006,indie,False,Europe
2309,FrozenMelter,Sweden,1989,indie,False,Europe
2310,Frozenbyte,USA,2020,mid,False,America
2311,Fruitbat Factory,USA,1999,mid,False,America
2312,Frymore,USA,2007,indie,False,America
2313,Fudjin,Sweden,2020,indie,False,Europe
2314,"Fugazo, Inc.",Germany,1995,indie,False,Europe
2315,Fulkult,USA,1991,indie,False,America
2316,Full Screen Sorcery,UK,1999,indie,False,Europe
2317,FullPiece,Sweden,1995,indie,False,Europe
2318,Fullbright,Japan,2000,indie,False,Asia
2319,Fully Bugged,France,1998,indie,False,Europe
2320,Fulqrum Publishing,Japan,1999,aaa,False,Asia
2321,Fun & Simple,USA,1997,indie,False,America
2322,Fun Asylum Studio,Poland,1983,indie,False,Europe
2323,Fun Quarter,France,2005,indie,False,Europe
2324,Fun Workshop,USA,1991,indie,False,America
2325,Funbox Media Ltd,USA,2001,aaa,False,America
2326,Funcom,USA,1977,mid,False,America
2327,Funcraft Games,USA,2002,indie,False,America
2328,Function Unknown,Sweden,1991,indie,False,Europe
2329,Funday Games,USA,1984,indie,False,America
2330,Fungamesvr,Canada,2002,indie,False,America
2331,Funhill Games,Japan,1981,indie,False,Asia
2332,Funky Can Creative,USA,1990,indie,False,America
2333,Funneractic,France,1980,indie,False,Europe
2334,Funny Games,Germany,2017,indie,False,Europe
2335,Funny Twins,USA,1996,indie,False,America
2336,Funnylocks,France,1990,indie,False,Europe
2337,Funselektor Labs Inc.,Sweden,2010,indie,False,Europe
2338,Furegus,Germany,2015,indie,False,Europe
2339,Furry Top Games,USA,1986,indie,False,America
2340,Fury Games Production,Canada,2007,indie,False,America
2341,FussyLand,Japan,2002,indie,False,Asia
2342,Future Friends Games,Australia,1986,mid,False,Oceania
2343,"Future Tech Lab Co.,Ltd.",Canada,2019,indie,False,America
2344,FutureGameStudio,Russia,1983,indie,False,Europe
2345,Futuregen Games,Germany,1975,indie,False,Europe
2346,Fuzzy Bear Studios,Sweden,2022,indie,False,Europe
2347,Fuzzy Code Studio LLC,France,1979,indie,False,Europe
2348,F²Games,Japan,1977,indie,False,Asia
2349,Fürst,USA,1980,mid,False,America
2350,G Boson Interactive,UK,2016,indie,False,Europe
2351,G Reason,Sweden,2012,indie,False,Europe
2352,G-MODE,UK,2014,aaa,False,Europe
2353,G. A. Williams,UK,1983,indie,False,Europe
2354,G1 Playground,Canada,1997,indie,False,America
2355,G2PLHAS,Japan,1982,indie,False,Asia
2356,GABARTS Digital,USA,2007,indie,False,America
2357,GALEX SOFT,USA,1975,indie,False,America
2358,GAMABILIS,Japan,2022,indie,False,Asia
2359,GAMELAXY,USA,1977,indie,False,America
2360,GAMEPORTAL.CO,USA,1984,indie,False,America
2361,GAMES FOR HUMANS,Australia,1981,indie,False,Oceania
2362,GAMESANDGAMERS,Germany,1993,indie,False,Europe
2363,GAMINATE,Sweden,2004,indie,False,Europe
2364,GATO STUDIO,Australia,1990,indie,False,Oceania
2365,GBL,USA,1993,indie,False,America
2366,GBROSSOFT,France,2003,indie,False,Europe
2367,"GCE, LLC",Russia,1986,indie,False,Europe
2368,GCHohrow,UK,2000,indie,False,Europe
2369,GCN,USA,1987,indie,False,America
2370,GCORES PUBLISHING,Sweden,1997,indie,False,Europe
2371,GDNomaD,USA,1984,mid,False,America
2372,GFI,UK,1996,indie,False,Europe
2373,GFZ Games,Japan,1983,indie,False,Asia
2374,GGTech Studios,Canada,2000,indie,False,America
2375,GGaming,Japan,1978,indie,False,Asia
2376,GGtech Studios,Canada,1982,indie,True,America
2377,GHSSJ,Sweden,1997,indie,False,Europe
2378,GIANTS Software,Poland,2018,indie,False,Europe
2379,GIANTY Inc.,Germany,1977,indie,False,Europe
2380,GIPHY Arts,USA,2004,indie,False,America
2381,GJ Arts,Russia,1986,indie,False,Europe
2382,GKLKK,Germany,1999,indie,False,Europe
2383,GKT Studios Entertainment,Canada,1987,indie,False,America
2384,GLHF Studio,Australia,1998,indie,False,Oceania
2385,GM hack,USA,1989,indie,False,America
2386,GMGame,Sweden,1976,mid,False,Europe
2387,GMatrix,UK,2008,indie,False,Europe
2388,GN Games LTD,Germany,1995,indie,False,Europe
2389,GOCORE,Sweden,2001,indie,False,Europe
2390,GOLDEN AGE,Poland,2003,indie,False,Europe
2391,GOTY LLC,USA,1981,indie,False,America
2392,GR0GZ_GAMES,USA,1984,indie,False,America
2393,GRAFAITH,UK,1991,indie,False,Europe
2394,GRAVITY,Germany,1996,indie,False,Europe
2395,"GRAVITY GAME ARISE Co., Ltd.",Canada,2022,indie,False,America
2396,GRENARC LLC,USA,2021,indie,True,America
2397,GROm Games,USA,2016,indie,False,America
2398,GRVVV,UK,1994,indie,False,Europe
2399,GS2 Games Inc,USA,1995,indie,False,America
2400,GSG,France,1987,indie,False,Europe
2401,GTGD,Russia,2021,indie,False,Europe
2402,GT_Eternity Studios,Australia,1987,indie,False,Oceania
2403,GUANGLUN,USA,2005,indie,False,America
2404,GVR Training Computer Software,UK,1994,indie,False,Europe
2405,GXF-rp,Canada,1978,indie,True,America
2406,GXPlay,Poland,1993,indie,False,Europe
2407,GXY,Russia,1991,indie,False,Europe
2408,GZ Storm,Sweden,1977,mid,False,Europe
2409,GZJ,USA,2004,indie,True,America
2410,Gabry Corti,Australia,1992,indie,False,Oceania
2411,Gaco Games,USA,1986,indie,False,America
2412,Gagonfe,Canada,2014,indie,False,America
2413,Gaijin Games,Sweden,1989,indie,False,Europe
2414,Galactic Annihilation,Sweden,2015,indie,False,Europe
2415,Galactic Crows,Russia,1980,mid,False,Europe
2416,Galactic Geckon,Poland,2009,aaa,False,Europe
2417,Galart,Germany,2004,indie,False,Europe
2418,Galavalomka Games,Japan,1977,indie,False,Asia
2419,GalaxyVerse,USA,2022,indie,False,America
2420,Gamaliel Studios,Canada,2011,indie,False,America
2421,Gamalocus Studios,Russia,1979,indie,False,Europe
2422,Gambir Studio,Canada,2021,indie,False,America
2423,"Game Artists, LLC",Poland,1980,indie,False,Europe
2424,Game Brewery,France,2010,indie,False,Europe
2425,Game City Studios,Canada,1979,indie,False,America
2426,Game Dev Garage,USA,1999,indie,False,America
2427,Game Grotto Softworks,Japan,2008,indie,False,Asia
2428,Game Hollywood Games,Poland,2021,mid,False,Europe
2429,Game Lab Graz,UK,2020,indie,False,Europe
2430,Game Maker's Toolkit,France,1997,indie,False,Europe
2431,Game Mechanics LLC,Australia,1996,indie,False,Oceania
2432,Game Sage Productions,Sweden,1998,indie,False,Europe
2433,Game Stables,France,1999,indie,False,Europe
2434,Game Star,USA,1991,mid,False,America
2435,Game Studio Abraham Stolk Inc.,Poland,2005,indie,False,Europe
2436,GameByFlamey,France,2002,indie,False,Europe
2437,GameDev.ist,Australia,1986,indie,False,Oceania
2438,GameHoney,Germany,1985,indie,False,Europe
2439,GameHouse,Russia,2015,mid,False,Europe
2440,GameLoad,Russia,1979,indie,False,Europe
2441,GameLoom Studio,Japan,1976,indie,False,Asia
2442,GameMill Entertainment,USA,2013,mid,False,America
2443,GamePlaysMix,Russia,2002,indie,False,Europe
2444,GameSmith,Germany,1979,indie,False,Europe
2445,GameTrek,Poland,1975,indie,False,Europe
2446,GameTrust Games,USA,2004,indie,True,America
2447,GameUS Inc.,Sweden,1983,indie,False,Europe
2448,GameVerse Studios,UK,1985,indie,False,Europe
2449,GameWork Studios,UK,2017,indie,False,Europe
2450,GameXP.com,Germany,2004,mid,False,Europe
2451,Gameblyr,Poland,1978,indie,False,Europe
2452,Gamechuck,Canada,2004,indie,False,America
2453,Gamecraft Studios,UK,1983,mid,False,Europe
2454,Gamegaard,USA,2011,indie,False,America
2455,Gameinaframe,France,2022,indie,False,Europe
2456,Gamelet,UK,2002,indie,True,Europe
2457,Gameloft,Japan,1987,indie,False,Asia
2458,Gameparic,Australia,1998,indie,False,Oceania
2459,Gameplay Studio VR,Russia,2018,indie,False,Europe
2460,Gameplete,Germany,1985,indie,False,Europe
2461,Gamera Game,UK,1982,indie,False,Europe
2462,Gamera Games,UK,1990,aaa,False,Europe
2463,Gamereon,Canada,2011,indie,False,America
2464,Gamersky Games,France,1993,aaa,False,Europe
2465,Gamerz Gamez LLC,Russia,2014,indie,False,Europe
2466,Games From The Abyss,USA,2006,indie,False,America
2467,Games From The Deep,Japan,2022,indie,False,Asia
2468,Games Incubator,Poland,2008,mid,False,Europe
2469,Games Of Vaibhav,Japan,1998,indie,False,Asia
2470,Games Operators,Germany,2021,mid,False,Europe
2471,Games and Company,Canada,1991,indie,False,America
2472,Games by Bill B.,Australia,1993,indie,False,Oceania
2473,Games by Spinola,France,1998,indie,False,Europe
2474,Games for Love,France,2014,indie,False,Europe
2475,Games++,Australia,2016,indie,False,Oceania
2476,Games-Studieren,USA,1990,indie,False,America
2477,Games2Beat Studio,France,2012,indie,False,Europe
2478,GamesBoosters,USA,1997,indie,False,America
2479,GamesBraz,USA,1980,indie,False,America
2480,Gamesforfarm,USA,1999,indie,False,America
2481,Gamesforgames,Japan,2011,aaa,False,Asia
2482,Gamestorming,UK,2006,indie,False,Europe
2483,Gamesung Games,USA,2001,indie,False,America
2484,Gametech,Germany,1988,indie,False,Europe
2485,Gametroleum,Canada,1988,indie,False,America
2486,Gaming 301,USA,2010,indie,False,America
2487,Gaming Cats Studio,USA,1995,indie,False,America
2488,Gaming Factory,Germany,2007,indie,False,Europe
2489,Gaming at Work,Canada,2005,indie,False,America
2490,Gamious,USA,1996,indie,False,America
2491,Gamma Games Interactive Inc.,Canada,1978,indie,False,America
2492,Gamma Ray Chamber,Canada,2010,indie,False,America
2493,GammaLateral,USA,2007,indie,False,America
2494,"Gammal Software, Inc.",USA,1985,indie,False,America
2495,Gammera Nest,Poland,2012,mid,False,Europe
2496,Gamuzumi,Russia,1982,indie,False,Europe
2497,GangoGames LLC,Germany,1985,indie,False,Europe
2498,Garage Monkeys,USA,1989,indie,False,America
2499,Garakowa Marshmallow,France,2007,mid,False,Europe
2500,Garanty Studios,Sweden,1975,indie,False,Europe
2501,Garbage Bin Studio,Germany,1992,indie,False,Europe
2502,GasGod Games,Poland,2003,mid,False,Europe
2503,Gatskop Software,Russia,2016,indie,False,Europe
2504,Gattai Games,UK,2005,indie,False,Europe
2505,Gattorocco,Japan,2005,indie,False,Asia
2506,Gaugepunk Games,Germany,2004,indie,False,Europe
2507,Gaweb Studio,USA,1983,indie,False,America
2508,Gaël Bourhis,USA,2016,indie,False,America
2509,GeamGames,UK,2007,indie,False,Europe
2510,Gear Shift Studios,USA,2019,indie,False,America
2511,Gear Worx Productions,UK,2012,mid,False,Europe
2512,Gearbox Publishing,Australia,1985,indie,False,Oceania
2513,Geddy Wenzinger,USA,1977,indie,False,America
2514,Geekspree,USA,2012,indie,False,America
2515,Gem Games,UK,2016,indie,False,Europe
2516,Gemcraft Games,UK,2014,mid,False,Europe
2517,Gene,USA,1981,indie,False,America
2518,GeneFree,UK,2004,indie,False,Europe
2519,GeneGames,Russia,2009,indie,False,Europe
2520,General Mills,USA,2011,indie,False,America
2521,General Script,USA,2012,indie,False,America
2522,Generative Artwork Games,USA,1981,indie,False,America
2523,"Generic Lake Monster, LLC",Canada,1976,indie,False,America
2524,Genesis Gaming Network,Poland,2022,indie,False,Europe
2525,Gentle Manhands,USA,1987,indie,False,America
2526,GentleDriver,Poland,1984,mid,False,Europe
2527,Genuine Studio,Australia,1981,indie,False,Oceania
2528,Geoff Keighley,Russia,2007,indie,False,Europe
2529,George,France,2001,indie,False,Europe
2530,George Erfesoglou,Sweden,2016,indie,False,Europe
2531,Geosphere Games,Australia,2015,indie,False,Oceania
2532,GermapurApps,UK,1995,indie,False,Europe
2533,Gestalt Games,UK,2007,indie,False,Europe
2534,Gestmorph Games,USA,1980,indie,False,America
2535,GetOst_,Japan,1987,indie,False,Asia
2536,GetRdyGames,UK,1978,indie,False,Europe
2537,Ggames,Sweden,2001,indie,False,Europe
2538,Ghost Gaming,Sweden,2018,indie,False,Europe
2539,Ghost Goats Games,USA,1996,indie,False,America
2540,Ghost Machine Games,USA,1985,indie,True,America
2541,Ghost_RUS Games,USA,1982,aaa,False,America
2542,Ghostlight LTD,UK,1991,indie,False,Europe
2543,Giammnn,France,2019,indie,False,Europe
2544,Giant Games,France,2011,indie,False,Europe
2545,Giants Software,Japan,1980,indie,False,Asia
2546,Gideon Moes,USA,1993,indie,False,America
2547,Gigantic G,UK,1978,indie,False,Europe
2548,Gigapixel GmbH,Russia,1996,indie,False,Europe
2549,Gilded Rune Games,USA,2018,indie,True,America
2550,Gilles Villeneuve Pictures,France,2001,indie,False,Europe
2551,Gillian Yue,Russia,2011,indie,False,Europe
2552,Gillis LLC,Australia,1978,indie,False,Oceania
2553,Gillsoft,Australia,1997,indie,False,Oceania
2554,Gilp Studio,USA,1983,indie,False,America
2555,Gin Jam Team,France,2022,indie,False,Europe
2556,Gin Motion,USA,1985,mid,False,America
2557,Ginko Games,France,2006,indie,False,Europe
2558,Gino Di Pierro,USA,2007,indie,True,America
2559,Ginormocorp Holdings Ltd,France,2002,indie,False,Europe
2560,Giordano Pacifico,Poland,2008,indie,False,Europe
2561,GirlGames,Sweden,1992,indie,False,Europe
2562,Glass Bottom Games,USA,1987,indie,False,America
2563,Glass Knuckle Games,UK,1975,indie,False,Europe
2564,GlassesCatGames,UK,2013,indie,False,Europe
2565,Gleb Kononov,USA,2002,indie,False,America
2566,Gleetch,Sweden,2010,indie,False,Europe
2567,Glingy,France,1981,indie,False,Europe
2568,Glintid,Canada,2010,indie,False,America
2569,Glitch Games,USA,1996,indie,False,America
2570,Glitched Pixel,Russia,2012,indie,False,Europe
2571,Gloria Works,USA,2012,indie,False,America
2572,Glorified Studios,France,1981,indie,False,Europe
2573,GloryField,USA,2012,indie,False,America
2574,Glowing Genesis,USA,1982,indie,False,America
2575,Glusoft,USA,1980,indie,False,America
2576,"Glyphs in Lines, LLC",Japan,1998,indie,False,Asia
2577,Gnelf,UK,2011,indie,False,Europe
2578,Go Play Games Ltd,Germany,1993,indie,False,Europe
2579,GoBit Games,UK,1984,mid,True,Europe
2580,Gobbo Games,USA,1985,indie,False,America
2581,Goblin & Goblin,USA,2003,indie,False,America
2582,Goblin Council,USA,1978,indie,False,America
2583,Goblinz Publishing,Japan,1994,mid,False,Asia
2584,Goblobin,Japan,2007,indie,False,Asia
2585,Godarkhaos,Germany,2000,indie,False,Europe
2586,Godfrey Yang,USA,1979,indie,False,America
2587,Godlike Games,USA,1986,indie,False,America
2588,Godmode Interactive,Germany,1990,indie,False,Europe
2589,GoldElephant Inc.,Japan,2017,indie,False,Asia
2590,GoldSymbol Games,France,1981,indie,False,Europe
2591,"Golden Dog Interactive, SAS",UK,1992,indie,False,Europe
2592,GoldenGod Games,Germany,1995,mid,False,Europe
2593,GoldenGratus,USA,1982,indie,False,America
2594,Goloso Games,USA,1981,indie,False,America
2595,Gomen Gaming,USA,1995,indie,False,America
2596,Gonnerme,USA,1997,indie,False,America
2597,GooDCrafter,Sweden,1985,indie,False,Europe
2598,"Good Game Studio Co., Ltd.",USA,1986,indie,False,America
2599,Good Guy Games,Sweden,1975,indie,False,Europe
2600,Good Luck Games,USA,2021,indie,False,America
2601,Good Night Brave Warrior,Sweden,2000,indie,False,Europe
2602,Good Shepherd Entertainment,UK,1980,mid,False,Europe
2603,GoodOldMan Studio,Australia,1985,indie,True,Oceania
2604,Goodlab Games,USA,1990,indie,False,America
2605,GoolWorks,Australia,1991,indie,False,Oceania
2606,Gopnik,Germany,2003,indie,False,Europe
2607,GoragarX,Poland,2005,indie,False,Europe
2608,Gordon Roberts,UK,1983,indie,False,Europe
2609,Gorilla Cafe,Canada,2016,indie,False,America
2610,GorillaGamesStudio,Sweden,2017,indie,False,Europe
2611,GorillaVs.,Germany,2015,indie,False,Europe
2612,Got Game Studio,Sweden,2020,indie,False,Europe
2613,Gotcha Gotcha Games,Japan,1978,mid,False,Asia
2614,Gouache Airship,Canada,2006,indie,False,America
2615,Gowi Games,USA,1977,indie,False,America
2616,GoyaVeni,UK,1993,indie,False,Europe
2617,Grab Games,USA,1990,indie,False,America
2618,GrabTheGames,Canada,1998,aaa,False,America
2619,Grade 9 Games,USA,2018,indie,False,America
2620,Graffiti Games,Russia,2020,mid,False,Europe
2621,Grand Technology Associates,Australia,1984,indie,False,Oceania
2622,Grande Spallone Games,Japan,1983,indie,False,Asia
2623,Grant Marrs,USA,1997,indie,False,America
2624,Grapefruit Studios,USA,2022,indie,False,America
2625,Graphium Studio,Australia,2012,indie,False,Oceania
2626,Graverobber AXDX,Germany,2006,indie,False,Europe
2627,Graverobber Foundation,Japan,2021,indie,False,Asia
2628,Gravestalker Studio,Canada,1989,indie,False,America
2629,Gravity Well Studios,UK,1986,indie,False,Europe
2630,Gray Boss,France,2010,indie,False,Europe
2631,Great Idea Games,Sweden,2011,indie,False,Europe
2632,Great Studios Gaming,UK,1987,indie,False,Europe
2633,Grebot Games,France,2004,indie,False,Europe
2634,Greeb Games,Japan,1976,indie,False,Asia
2635,Green Bray Games,Australia,1977,indie,False,Oceania
2636,Green Goose Corporation,France,1989,indie,False,Europe
2637,Green Hill Studio,Sweden,2016,indie,False,Europe
2638,Green Lava Studios,Germany,2013,indie,False,Europe
2639,Green Man Gaming Publishing,USA,1980,indie,False,America
2640,Green River Studio,Canada,2012,indie,False,America
2641,Green Sauce Games,USA,1987,mid,False,America
2642,Green Sun Studios,UK,2004,indie,False,Europe
2643,Green Tile Digital,UK,2005,indie,False,Europe
2644,GreenThumbStudios,Australia,1975,indie,False,Oceania
2645,Greenlight Games,UK,2021,indie,False,Europe
2646,Greenlynx,Sweden,1994,indie,False,Europe
2647,Grey Alien Games,France,2014,mid,False,Europe
2648,Grey Hair Studio,Sweden,1987,indie,False,Europe
2649,Greylock Studio,Japan,2007,indie,False,Asia
2650,GridBoxGames,Australia,1983,indie,False,Oceania
2651,GrimTalin,USA,1975,indie,False,America
2652,GrimmGitz,Sweden,1997,indie,False,Europe
2653,Grimoire Games,Russia,1991,indie,False,Europe
2654,Grindstone,Canada,1992,indie,False,America
2655,Grinning Games,USA,1998,indie,False,America
2656,Grip Top Games,UK,1987,indie,False,Europe
2657,Grizzly Gamer,Poland,2020,indie,True,Europe
2658,GrizzlyGames,UK,1979,indie,False,Europe
2659,Gronzragüer Games,USA,2001,indie,False,America
2660,GroovIT,Canada,1982,indie,False,America
2661,Groove Jones LLC,Canada,1981,indie,True,America
2662,Groubi-Game,UK,1994,indie,False,Europe
2663,Ground Shatter,Canada,2002,indie,False,America
2664,Ground up studios,Russia,2021,indie,False,Europe
2665,Grounding Inc.,Australia,1996,indie,False,Oceania
2666,Groupees Interactive,USA,2006,indie,False,America
2667,Growfall Games,Sweden,1984,indie,False,Europe
2668,GuGong,USA,2001,indie,False,America
2669,Gua,Japan,2007,indie,False,Asia
2670,Guan Yue,Japan,1977,indie,False,Asia
2671,"Guangzhou NineD Digital Technology Co.,Ltd",USA,2018,indie,False,America
2672,Guarida Games Studio S.L.,France,2009,indie,False,Europe
2673,Guaxinim Studio,Japan,2003,indie,False,Asia
2674,Guillaume Fradin,Russia,2008,indie,False,Europe
2675,Guiz,France,2011,indie,False,Europe
2676,Gundes,UK,1994,indie,False,Europe
2677,"GungHo Online Entertainment America, Inc.",Russia,2022,indie,False,Europe
2678,Gunia Studios,USA,1982,indie,False,America
2679,Gunnevik,USA,2022,indie,False,America
2680,Gustav Almström,Germany,1990,indie,False,Europe
2681,Gut Check Interactive,Japan,1988,indie,False,Asia
2682,Gwydion LLyr Meredydd,UK,1988,indie,False,Europe
2683,Gyltefors K.K.,Australia,1976,indie,False,Oceania
2684,Gökdeniz Yılmaz,Japan,1985,indie,False,Asia
2685,H Studio,USA,2002,indie,False,America
2686,H7 Games,UK,2012,indie,False,Europe
2687,HAN GUANG,Canada,1976,indie,True,America
2688,HBLD Productions,Poland,2009,indie,False,Europe
2689,HBunny,Russia,1990,indie,False,Europe
2690,HDamas,USA,1998,indie,False,America
2691,HEATWAVE,Canada,1977,indie,False,America
2692,HEG Games,Japan,1994,indie,False,Asia
2693,HELM Systems,USA,2009,indie,False,America
2694,HENTAI Plan,USA,2008,indie,False,America
2695,HENTAIisGOD,Japan,2002,indie,False,Asia
2696,HEYGO Studio,Japan,2003,indie,False,Asia
2697,HFM Games,France,1986,mid,False,Europe
2698,HFTGames,USA,2013,indie,False,America
2699,HGames-ArtWorks,Poland,1975,indie,False,Europe
2700,HH Games,USA,1976,indie,False,America
2701,HH-Games,France,2017,aaa,False,Europe
2702,"HH-Games, Shaman Games Studio",USA,1988,indie,False,America
2703,HIFUMI,USA,1977,indie,False,America
2704,HIGHKEY Games,USA,1977,indie,False,America
2705,HIKARI FIELD,USA,2000,mid,True,America
2706,HIKE Inc.,USA,1993,indie,False,America
2707,HOGuru Games!,USA,1996,indie,False,America
2708,HRUST,Australia,2004,indie,False,Oceania
2709,HSV Games,USA,2021,indie,False,America
2710,HTNG Studio,Australia,1984,indie,False,Oceania
2711,HUBLOTS,USA,1989,indie,False,America
2712,HUMEY Studios,UK,2019,indie,False,Europe
2713,HUNTERS,France,2006,mid,False,Europe
2714,HYDR0,Russia,2020,indie,False,Europe
2715,HaDe Games,Russia,2010,mid,False,Europe
2716,Haemimont Games,Germany,2020,indie,False,Europe
2717,Hailstorm Games,Poland,2004,indie,False,Europe
2718,Hajime Doujin Circle,Japan,2003,indie,False,Asia
2719,Hakan Martin,Poland,1988,indie,False,Europe
2720,Hakugei LLC,Japan,1979,indie,False,Asia
2721,Hakuya Labs,USA,2009,indie,False,America
2722,Halit Yaşar Aydoğdu,Australia,1989,indie,False,Oceania
2723,Halseo,France,1985,indie,True,Europe
2724,Hammer Games,Japan,1989,indie,True,Asia
2725,Hammerfall Publishing,UK,2012,indie,False,Europe
2726,Hammersuck Studios,UK,2007,indie,False,Europe
2727,Hamra Digital,Japan,1980,indie,False,Asia
2728,Hamster On Coke Games,Russia,2021,mid,False,Europe
2729,Hamsters Gaming,USA,2010,mid,False,America
2730,Hanako Games,USA,2012,indie,False,America
2731,HanbitSoft Inc.,Russia,2021,mid,False,Europe
2732,HandMade Games,USA,2015,aaa,False,America
2733,Handholding Inc,UK,2006,indie,False,Europe
2734,Handmade Games,Japan,2014,indie,False,Asia
2735,HandyGames,Germany,2009,mid,False,Europe
2736,Hang Time Studios,USA,2000,indie,False,America
2737,HangZhou GaoQiang Studio,USA,1992,indie,False,America
2738,Hannah and Joseph Games,France,1990,indie,False,Europe
2739,Hannes Beimel,Japan,2018,indie,False,Asia
2740,Hao3dStudio,USA,2001,indie,False,America
2741,HaoChuan,UK,2001,indie,False,Europe
2742,HaoHao Games,USA,1978,indie,False,America
2743,Haoyou Game,Australia,1979,indie,False,Oceania
2744,HapGames,USA,2010,mid,False,America
2745,Happimal,USA,2018,indie,False,America
2746,Happy Accident Studios,UK,2016,indie,False,Europe
2747,Happy Art Club,UK,1989,indie,False,Europe
2748,Happy Home Games,USA,1977,indie,False,America
2749,Happy Robot Games,Sweden,2008,indie,False,Europe
2750,Happy Viking Studios,Canada,2004,indie,False,America
2751,HappyDaedalus,Australia,2008,mid,False,Oceania
2752,HappyGame,Russia,1985,indie,False,Europe
2753,HappyGames,Sweden,1983,indie,False,Europe
2754,Hard Shark Games,Russia,1977,indie,False,Europe
2755,Hardi,Japan,1983,mid,False,Asia
2756,Hari Jago,USA,1992,indie,True,America
2757,Harry Gill,Russia,1994,indie,False,Europe
2758,Hashdev,Australia,1982,mid,False,Oceania
2759,Hassan Youssef Hilal,USA,1981,indie,False,America
2760,HataIkeda,UK,2006,indie,False,Europe
2761,Hathos Interactive,USA,1992,indie,False,America
2762,Havishamone Games,Sweden,2019,indie,False,Europe
2763,Havron Global LLC,Germany,2001,indie,False,Europe
2764,Hawthorn Games,Germany,1991,mid,False,Europe
2765,Haydee Interactive,USA,2002,indie,False,America
2766,Hayden Nuyens,USA,2006,indie,False,America
2767,HeQingHill Game Studio,USA,2010,indie,False,America
2768,HeR Interactive,USA,1976,indie,False,America
2769,HeadArrow,Japan,2004,indie,False,Asia
2770,Headbang Studio,USA,1985,indie,False,America
2771,Headup,Russia,2019,mid,False,Europe
2772,Health Interactives,USA,1976,indie,False,America
2773,Heart Art Games,USA,1999,indie,False,America
2774,Heart's Choice,Russia,2011,mid,False,Europe
2775,HeartBeat Games,Sweden,2017,mid,False,Europe
2776,HeartBeat Plus,France,2018,indie,False,Europe
2777,HeartCoreDev,USA,1978,indie,False,America
2778,Heartbit Interactive,Australia,2007,indie,False,Oceania
2779,Heartomics,Russia,2003,indie,False,Europe
2780,Heatbox Games,Sweden,2007,indie,False,Europe
2781,Heatwave Studios,Germany,1991,indie,False,Europe
2782,Heavenshire Stories,Germany,1993,indie,False,Europe
2783,Heaviside Creations,USA,2008,indie,False,America
2784,HecThoor Entertainment,Sweden,2018,indie,False,Europe
2785,Hede,USA,2002,aaa,False,America
2786,Hede Games,USA,1983,mid,False,America
2787,Hedgewars Team,Poland,1997,indie,False,Europe
2788,Hedonist Games,Poland,1981,indie,False,Europe
2789,Helemon,USA,2004,indie,False,America
2790,Helios Studio,USA,2005,indie,False,America
2791,Hell Bomb Studio,USA,1990,indie,False,America
2792,HellSet Studios,Japan,1987,indie,False,Asia
2793,Hello Games,USA,1999,indie,False,America
2794,Hello John,Japan,1976,indie,False,Asia
2795,Hello There Games,Russia,2019,indie,False,Europe
2796,Hellshake Yano.,UK,1995,indie,False,Europe
2797,Hematite,France,1984,indie,False,Europe
2798,HenHouseStudio,USA,1996,indie,False,America
2799,Henchman & Goon,France,1982,indie,False,Europe
2800,Henning Info,Sweden,1976,indie,False,Europe
2801,Henning Tornblad,USA,1975,indie,False,America
2802,Henri Tokola,USA,2000,indie,False,America
2803,Hensi Games,USA,1977,indie,False,America
2804,Hentai - Color by Number,USA,1979,indie,False,America
2805,Hentai Girls VR STUDIO,UK,1985,indie,False,Europe
2806,Hentai Panda,Japan,2003,mid,False,Asia
2807,Hentai Room,Australia,2022,mid,False,Oceania
2808,Hentai VR Studios,Poland,2010,mid,False,Europe
2809,Hentai X,USA,2002,indie,False,America
2810,Hentai works,Poland,1981,aaa,False,Europe
2811,Henteko Doujin,UK,2014,mid,False,Europe
2812,Hephep Team,France,1992,indie,False,Europe
2813,Herbert Lin,UK,2019,indie,False,Europe
2814,HeroCraft PC,USA,1996,mid,False,America
2815,HeroLabs,Japan,1995,indie,False,Asia
2816,Herrero Games,USA,2008,indie,False,America
2817,HeukKellStudio,France,1998,indie,False,Europe
2818,HexGameStudio,USA,2014,indie,False,America
2819,Hexace Games,Poland,1994,indie,False,Europe
2820,Hexagons Studio,USA,1987,indie,False,America
2821,Hexdragonal Games,UK,1998,indie,False,Europe
2822,Hexes of War,Poland,2007,indie,False,Europe
2823,Hexsi Games,USA,2017,indie,False,America
2824,Hexxx,France,2016,indie,False,Europe
2825,HiTech Creations Inc.,Japan,1996,indie,True,Asia
2826,Hidden Ocean Games,Russia,1995,indie,True,Europe
2827,Hidden People Club,Japan,2017,indie,False,Asia
2828,HideWorks,Germany,2015,indie,False,Europe
2829,Higgs Games GmbH,Russia,1998,indie,False,Europe
2830,High Stone Games,Russia,1993,indie,False,Europe
2831,High Tower Games,UK,1992,indie,False,Europe
2832,Highlander Interactive,Japan,2006,indie,False,Asia
2833,Highwater Digital Entertainment,USA,1992,indie,False,America
2834,Himitsu Entertainment,USA,2012,indie,False,America
2835,Hinawajin,UK,1993,indie,False,Europe
2836,Hippo Monster,USA,1975,indie,False,America
2837,Hippokittie Productions,Germany,2007,indie,False,Europe
2838,"Hisam Co., Ltd.",UK,2009,indie,False,Europe
2839,Hisoka,Australia,2017,indie,False,Oceania
2840,Hit'n'Run Digital Studio,Russia,1988,indie,False,Europe
2841,Hitbear Studio,Germany,2010,indie,False,Europe
2842,Hitcents,France,1993,mid,False,Europe
2843,Hitori Games,UK,2012,indie,False,Europe
2844,Hitox,USA,1991,indie,True,America
2845,HmkSoft,USA,1998,indie,False,America
2846,Hmmm Games,Australia,2021,indie,False,Oceania
2847,Ho RaBii,Japan,1980,indie,False,Asia
2848,Hobgoblin Games,USA,2014,indie,False,America
2849,Hochschule Mittweida,Poland,1984,mid,False,Europe
2850,Hodu Games,Russia,2004,indie,True,Europe
2851,Hoffnung Haydn,Germany,2000,indie,False,Europe
2852,Hogeschool West-Vlaanderen,UK,1981,indie,False,Europe
2853,Hogo Company,USA,1982,mid,False,America
2854,Hograung Studio,Russia,1988,indie,False,Europe
2855,Hollow World Games llc,USA,1989,indie,False,America
2856,HollowFactory,Australia,2012,indie,False,Oceania
2857,Holographicquad,Canada,2013,indie,False,America
2858,Holospark,Germany,1992,mid,False,Europe
2859,Holy Cow Productions,Japan,2011,indie,False,Asia
2860,Holy Light,Canada,1990,indie,False,America
2861,HolyMaskGames,Russia,2006,indie,False,Europe
2862,Home Point Games,USA,2001,indie,False,America
2863,Home trip,UK,1994,indie,False,Europe
2864,Homeworks Studios,Russia,1997,indie,False,Europe
2865,Homewreckers Studio,UK,2004,indie,False,Europe
2866,Homo Ludens Studio,Sweden,1986,indie,False,Europe
2867,Honor Games,USA,1981,mid,False,America
2868,Hoo-Roo Games,Sweden,2018,indie,False,Europe
2869,Hood Mentality Software,France,1984,indie,False,Europe
2870,Hooded Horse,USA,1989,mid,False,America
2871,Hook Games,USA,2018,indie,False,America
2872,Hope defers disappointment,USA,1988,indie,False,America
2873,Hopecho,USA,2017,indie,False,America
2874,Horizon Games,Japan,1981,indie,False,Asia
2875,"Horizon Hobby, LLC",Sweden,1992,indie,False,Europe
2876,Horizon Lab,Russia,1992,indie,False,Europe
2877,"Horizon's End, Inc.",USA,1999,indie,False,America
2878,Horizont Computergrafik,UK,1980,indie,False,Europe
2879,Horny69Team,UK,2007,indie,False,Europe
2880,Horrawr,USA,1976,indie,False,America
2881,Horror Shop,Sweden,2020,indie,False,Europe
2882,HorrorTheory,USA,2020,indie,False,America
2883,HorseGames,USA,2016,indie,False,America
2884,Horus Games,France,2012,indie,False,Europe
2885,Hosted Games,Russia,2008,aaa,False,Europe
2886,Hot Chai Games,Australia,2003,indie,False,Oceania
2887,Hot Cocoa Games,Sweden,2006,indie,False,Europe
2888,Hotloop,USA,1988,indie,False,America
2889,Hough Studio,UK,1991,indie,False,Europe
2890,Hound Picked Games,Russia,2015,indie,False,Europe
2891,House of Pandas,Japan,2021,indie,False,Asia
2892,House of Wire,Canada,2008,indie,False,America
2893,Hoverkitty Games,France,2022,mid,False,Europe
2894,How's Your English,USA,1997,indie,False,America
2895,Howling Wolf interactive,USA,1999,indie,True,America
2896,HowlingRain,Japan,1985,indie,False,Asia
2897,Howtodrinkwater,USA,2015,indie,False,America
2898,Huang Pinghui,Australia,2019,mid,False,Oceania
2899,Hubel,Australia,2011,indie,False,Oceania
2900,Hubert G,UK,1996,indie,False,Europe
2901,HubiBoarStudio,Japan,1998,indie,False,Asia
2902,Huge Enemy Production,Japan,1982,indie,False,Asia
2903,HugePixel,UK,1975,mid,False,Europe
2904,Hugo Miraballes,Germany,1979,indie,False,Europe
2905,Huhi Games,USA,2017,indie,False,America
2906,"Humanture, Inc.",Australia,1978,indie,False,Oceania
2907,Humbara Game Studio,USA,1989,indie,False,America
2908,Humble Games,Poland,1989,mid,False,Europe
2909,Humdinger Games,USA,2005,indie,False,America
2910,Humongous Entertainment,Sweden,1992,aaa,False,Europe
2911,HungryDingo,Russia,2008,indie,False,Europe
2912,Hunny Bunny Studio,Sweden,1985,aaa,False,Europe
2913,Huntah,Japan,1998,indie,False,Asia
2914,Hunted Cow Games,Poland,2019,mid,True,Europe
2915,Hush Fin Games,USA,2009,indie,False,America
2916,Husk,USA,1978,indie,False,America
2917,Husman Games,USA,2010,indie,False,America
2918,Hybris Studios,Japan,1985,indie,False,Asia
2919,HyeongSeon Kim,USA,2012,indie,False,America
2920,HypeTrain Digital,Australia,1997,mid,False,Oceania
2921,Hyper Hippo Games,Germany,2016,mid,False,Europe
2922,HyperReuts,Germany,1977,indie,False,Europe
2923,Hyperfocus,USA,1995,indie,False,America
2924,Hyperstrange,Sweden,2014,mid,False,Europe
2925,Hypnos Games,Japan,1997,indie,False,Asia
2926,Hängagubbe studio AB,UK,2014,indie,True,Europe
2927,I Need Play,USA,1975,indie,False,America
2928,I Nod,Germany,2009,indie,False,Europe
2929,I SHOW YOU,Japan,1975,indie,False,Asia
2930,I commissioned some series,USA,1979,mid,False,America
2931,I.E.D. Studios,USA,2021,indie,False,America
2932,IBLACKHOLES,Australia,1976,indie,True,Oceania
2933,IBOLOGY LLC,Japan,2009,indie,False,Asia
2934,ICCreations,France,2008,indie,False,Europe
2935,ICSTOR,Japan,1996,indie,False,Asia
2936,IFOnly,UK,1975,indie,False,Europe
2937,IFRO Campus Cacoal,Germany,1981,indie,False,Europe
2938,IFreezeNO,USA,2014,indie,False,America
2939,IGGYMOB,Japan,1990,indie,False,Asia
2940,IGeGeGaeIm,France,2018,indie,False,Europe
2941,IIM Digital School,Japan,2007,indie,False,Asia
2942,IKIGames,UK,2009,mid,False,Europe
2943,ILYA GUBIN,USA,2019,indie,False,America
2944,IM4A,UK,1989,indie,False,Europe
2945,IMGN.PRO,USA,2017,mid,False,America
2946,IMaiIna,USA,2019,indie,False,America
2947,IN4VIC,UK,1981,indie,False,Europe
2948,INCA Studios,UK,2017,indie,False,Europe
2949,INDIECN,USA,1987,mid,False,America
2950,INFINITE BRIDGE,Sweden,1981,indie,False,Europe
2951,INNERVISION™,Sweden,2020,indie,False,Europe
2952,INNOVATIVE DIGITAL SOLUTIONS,UK,1991,indie,False,Europe
2953,INSILICO UK,Japan,2018,indie,False,Asia
2954,INSTEAD Community,Sweden,2001,indie,False,Europe
2955,INSTINCT3,Canada,2019,indie,False,America
2956,INTENSE,Australia,2009,indie,False,Oceania
2957,"INTI CREATES CO., LTD.",USA,1979,mid,False,America
2958,IO Games,USA,2000,mid,False,America
2959,IR Studio,Sweden,2004,aaa,False,Europe
2960,ISY,Australia,1993,indie,False,Oceania
2961,ITC Studio,Japan,2014,indie,False,Asia
2962,ITC_Studio,Germany,2009,indie,False,Europe
2963,ITD Collective,UK,2004,indie,False,Europe
2964,IV Productions,USA,1985,mid,False,America
2965,Ian Davey,USA,1982,indie,False,America
2966,Ian Frank Productions,USA,2018,indie,False,America
2967,Ian Lilley,Germany,1984,indie,False,Europe
2968,Ian Truelove,USA,1990,indie,False,America
2969,Ice Fruit Games,Japan,1975,indie,False,Asia
2970,Ice Water Games,USA,1977,indie,False,America
2971,Ice-Cold Shivering Studios,Germany,1999,indie,False,Europe
2972,Ice-Pick Lodge,Russia,2003,indie,False,Europe
2973,IceFury,Russia,1986,indie,False,Europe
2974,IceVayne Games,Sweden,2012,indie,False,Europe
2975,Icealot,USA,1989,indie,False,America
2976,Iceberg Interactive,Australia,1985,aaa,False,Oceania
2977,Icehelm,USA,1996,indie,False,America
2978,Icetesy,USA,1998,indie,False,America
2979,IchigoGames,Japan,1986,indie,False,Asia
2980,Ichor Studios,USA,1990,indie,True,America
2981,Iconic Games,Germany,1996,indie,False,Europe
2982,IcyQuill,Japan,2011,indie,False,Asia
2983,Idea Cabin,Germany,1998,indie,False,Europe
2984,Idea Factory International,Canada,1986,mid,False,America
2985,IdeaX,UK,1976,indie,True,Europe
2986,IdyllsEnd Studios,Germany,2021,indie,False,Europe
2987,Ignacio Medina,Sweden,1996,indie,False,Europe
2988,Ignatios Productions,Poland,1988,mid,False,Europe
2989,Igor Galochkin,France,2019,indie,False,Europe
2990,Igor Vasilenko,USA,1992,indie,False,America
2991,Ilan Papini,Sweden,1990,indie,False,Europe
2992,IllFonic Publishing,UK,2016,indie,False,Europe
2993,Illwinter Game Design,Germany,1995,mid,False,Europe
2994,Ilmir Nasertdinov,Sweden,1992,indie,False,Europe
2995,Image Labo,Canada,2003,indie,False,America
2996,ImageCode,Russia,1976,indie,False,Europe
2997,ImaginationOverflow,Russia,2002,indie,True,Europe
2998,Immanitas Entertainment GmbH,Japan,1999,indie,False,Asia
2999,Immersion,USA,1990,mid,False,America
3000,Immersion Plus,Japan,1978,indie,False,Asia
3001,Immersive Desires,Canada,1980,indie,False,America
3002,Immersive-Games,France,1994,indie,False,Europe
3003,Immortal Hero,USA,1999,mid,False,America
3004,Impact Gameworks,USA,2021,indie,False,America
3005,Impromptu Games,Poland,1999,indie,False,Europe
3006,"Impulse Game Studios, LLC.",Sweden,2004,indie,False,Europe
3007,Inca Games,Sweden,1997,indie,False,Europe
3008,Incandescent Games,Canada,1994,indie,False,America
3009,Incandescent Workshop LLC,Canada,1991,mid,False,America
3010,Incest Tales,Poland,2002,indie,False,Europe
3011,Inceton games,Germany,1993,indie,False,Europe
3012,Incineration Productions,Canada,1994,indie,False,America
3013,Incinious,USA,2007,indie,False,America
3014,Incompetant Games,USA,1979,indie,False,America
3015,Independencegamesdeveloper,Canada,2013,mid,False,America
3016,Independent,Japan,2001,mid,False,Asia
3017,Independent Games Limited,USA,2011,indie,False,America
3018,Independent Publisher,France,1983,indie,False,Europe
3019,Indie,USA,2012,mid,False,America
3020,Indie Dynamics,Germany,1985,indie,False,Europe
3021,Indie Falcon,Germany,1976,indie,True,Europe
3022,Indie Games Publisher,Canada,1982,indie,False,America
3023,Indie Marc,Australia,2017,indie,False,Oceania
3024,Indie Voyage,USA,1992,indie,False,America
3025,Indie/Anon Games,USA,1997,indie,False,America
3026,IndieArk,Sweden,2005,aaa,False,Europe
3027,IndieGO Publishing,Poland,2017,indie,False,Europe
3028,IndieGala,Canada,2004,mid,False,America
3029,IndiePub,UK,1975,indie,False,Europe
3030,Indiecode Games,UK,2012,indie,False,Europe
3031,IndigoBlue Game Studio,Germany,1981,indie,False,Europe
3032,IndigoWare,Poland,1994,indie,False,Europe
3033,Indirect Stress Entertainment,France,2006,indie,False,Europe
3034,Individual Software,Poland,2003,aaa,False,Europe
3035,Individual233,UK,1998,indie,False,Europe
3036,Indovers Studio,Canada,1999,indie,False,America
3037,Indy Lion Studios,USA,2000,indie,True,America
3038,Infernum Games GmbH,UK,1975,indie,False,Europe
3039,Infinadeck Studios,Canada,1996,indie,False,America
3040,Infinite Dreams,USA,2002,indie,False,America
3041,Infinite Monkeys Entertainment Ltd.,Sweden,1986,indie,False,Europe
3042,Infinite State Games,UK,1993,indie,False,Europe
3043,Infinity Apparatus,Germany,2006,indie,False,Europe
3044,Infinity Marketing,Germany,2007,indie,False,Europe
3045,Ingenio Contenido Digital,USA,1998,indie,False,America
3046,Ingenious Knowledge,USA,1985,indie,True,America
3047,Ingeniousfun,USA,2019,indie,False,America
3048,InitiaSnow,Canada,2001,indie,False,America
3049,Inkubus Sukkubus,USA,2009,indie,False,America
3050,Inlet Pipe Productions,Canada,2016,indie,False,America
3051,Inmatrix LTD,Russia,1992,indie,True,Europe
3052,Inncop,UK,2005,indie,False,Europe
3053,Inner Realm Studios,UK,2002,indie,False,Europe
3054,Inner World Games,USA,1985,indie,False,America
3055,Innersloth,USA,1990,indie,False,America
3056,InnoGames,USA,2019,indie,False,America
3057,Innuendo Squad Studios,Germany,1990,indie,False,Europe
3058,Inoa Games,USA,1980,indie,False,America
3059,Inorganic Games,USA,2007,indie,False,America
3060,Inorganic Visions,USA,1997,indie,False,America
3061,Insanctum Games,Germany,1996,indie,False,Europe
3062,Insane Dreamers,UK,1983,mid,False,Europe
3063,Insert Disk 22,UK,2011,indie,False,Europe
3064,Insomniac Games,UK,1992,indie,False,Europe
3065,Inspector Studios,France,1991,aaa,False,Europe
3066,Instrumental Leap,Canada,2008,indie,False,America
3067,Integer games,USA,2003,mid,False,America
3068,IntelliTect,Sweden,1987,indie,False,Europe
3069,Intelligent Systems,Japan,1980,indie,False,Asia
3070,Intelligible Games,UK,2000,indie,False,Europe
3071,Inter Galaxy Entertaiment,Sweden,2002,indie,False,Europe
3072,InterAction studios,USA,1988,mid,False,America
3073,InterServ International,Germany,2011,indie,False,Europe
3074,Interactive Fate,Sweden,2009,indie,False,Europe
3075,Interactive Stone,USA,2004,indie,False,America
3076,Interactive Wave Studios,Sweden,1995,indie,False,Europe
3077,Interama - Interactive Technology,UK,1977,indie,False,Europe
3078,Interdimensional Games Inc,France,2022,indie,False,Europe
3079,Intergalactic,USA,2022,indie,False,America
3080,Intern Pursuit LLC,USA,2002,indie,False,America
3081,Interplay,UK,2005,indie,False,Europe
3082,Interplay Entertainment Corp.,Australia,2012,mid,False,Oceania
3083,Interplay Inc.,Russia,2018,mid,False,Europe
3084,Intervoke,USA,2002,indie,False,America
3085,Intramental Studios,UK,1982,indie,False,Europe
3086,Introware Studios,Germany,1987,indie,False,Europe
3087,Intuition Technology,Germany,2013,indie,False,Europe
3088,Inverse Game,USA,1975,indie,False,America
3089,InvertMouse,Australia,2006,mid,False,Oceania
3090,Invision Technologies,France,1978,indie,False,Europe
3091,Invoker Studios,Australia,1995,indie,False,Oceania
3092,Io-Interactive A/S,Russia,1983,indie,False,Europe
3093,Iottech Bilişim Danışmanlık Limited Şirketi,USA,2017,indie,False,America
3094,Ipsilon Developments,USA,1983,indie,False,America
3095,Irisloft,Poland,1998,indie,False,Europe
3096,Iriya72,Germany,2015,indie,False,Europe
3097,Iron Jelly,UK,1999,indie,False,Europe
3098,Iron Stag Games,UK,2021,indie,False,Europe
3099,Iron Tower Studio,Canada,1984,mid,True,America
3100,Iron Wolf Games,UK,2002,indie,False,Europe
3101,IronFeather Games,France,1990,indie,False,Europe
3102,IronZog,Australia,1997,indie,True,Oceania
3103,Ironcode Gaming,USA,1987,indie,False,America
3104,Ironward,UK,1995,indie,False,Europe
3105,IronyDev,Germany,1992,indie,True,Europe
3106,Isaac Andrews,USA,2006,mid,False,America
3107,Isaac Wilfredo Amaya León,Australia,2013,indie,False,Oceania
3108,IsaacZhang,Poland,1979,indie,False,Europe
3109,Ishtar Games,Sweden,1978,indie,False,Europe
3110,Island Bar Games LLC,USA,1994,indie,False,America
3111,Italic,Australia,1978,indie,False,Oceania
3112,IteraLabs,UK,2022,indie,False,Europe
3113,Ithaqua Labs,Canada,1990,mid,False,America
3114,Ivan Kulibin,Japan,2012,indie,False,Asia
3115,Ivan Moraleja Games,Sweden,2013,indie,False,Europe
3116,Ivan Pichugin,USA,1991,indie,False,America
3117,Ivan Zanotti's MyMadnessWorks,UK,1987,indie,False,Europe
3118,Ivanovich Games,Sweden,1975,mid,False,Europe
3119,IzukawaN,USA,2010,mid,False,America
3120,J P Termaat,Canada,2019,indie,False,America
3121,J&J Game Dev's,Sweden,1983,indie,False,Europe
3122,J-Tech Studio,Japan,2015,indie,False,Asia
3123,J.Bowman,Japan,1997,indie,False,Asia
3124,J2YSOFT,Japan,1979,mid,False,Asia
3125,JA Enterprises LLC,Japan,2005,indie,False,Asia
3126,JAR Studios,UK,1994,indie,False,Europe
3127,JAST,USA,2004,mid,False,America
3128,JAST BLUE,USA,1999,indie,False,America
3129,JBOStudios,USA,2018,indie,False,America
3130,JBSIMWORKS,USA,2011,indie,False,America
3131,JBroook,USA,1992,indie,False,America
3132,JC Tinkers,Canada,1983,indie,False,America
3133,JCP Games Studio,UK,2016,indie,False,Europe
3134,JD Video Game Productions,Sweden,1989,indie,False,Europe
3135,JDMSoftware,Germany,2002,mid,False,Europe
3136,JESUS LOVERS,France,2022,indie,False,Europe
3137,JGP Games,France,1996,indie,False,Europe
3138,JIANG CHENG,Sweden,2003,indie,False,Europe
3139,JIN,USA,2011,indie,False,America
3140,JINC,USA,2013,indie,False,America
3141,JJM,USA,1982,indie,False,America
3142,JJTheJetPlane27,USA,2003,indie,False,America
3143,JKDL,USA,2019,indie,False,America
3144,JKK_WORKS,UK,2017,indie,False,Europe
3145,JL-Studio,Australia,1986,indie,False,Oceania
3146,JMF Games,Canada,2001,indie,False,America
3147,JOGARA LTD,USA,1986,indie,True,America
3148,JOIS Games,Sweden,2000,indie,False,Europe
3149,JOP Studios,Canada,1995,indie,False,America
3150,JOX Studio,USA,2020,indie,False,America
3151,JOYTOART GAMING LIMITED,USA,2000,indie,False,America
3152,JR_Games,USA,1992,indie,False,America
3153,JRad Games,USA,1985,indie,False,America
3154,JS STUDIO,Germany,2001,indie,False,Europe
3155,JT Alex,USA,1985,indie,False,America
3156,JTS Development,Australia,2020,mid,True,Oceania
3157,JUANWUWU Games,USA,2015,indie,False,America
3158,JUBSTUDIO,Sweden,2003,indie,False,Europe
3159,JUDOBABY INC.,Japan,1995,indie,False,Asia
3160,JUMP OR FALL,Japan,2015,indie,False,Asia
3161,J_C,Sweden,2003,indie,False,Europe
3162,Jabutkba Games,UK,2005,indie,False,Europe
3163,Jack Eisenfeld,France,1988,indie,False,Europe
3164,Jack Queen,Russia,1988,indie,True,Europe
3165,Jack Twin,USA,1977,indie,False,America
3166,JackBox Gamez,France,1988,mid,False,Europe
3167,JackSong Studio,USA,2007,indie,False,America
3168,"Jackbox Games, Inc.",Japan,2005,indie,False,Asia
3169,JackoAces Studios,Sweden,1993,indie,False,Europe
3170,Jacob Folkerts,Germany,1982,indie,False,Europe
3171,Jacob Gislason,Germany,1994,indie,False,Europe
3172,Jacob Janerka,France,1990,indie,False,Europe
3173,Jacob Kendall,Russia,2015,indie,False,Europe
3174,Jacob McCormick,USA,1993,indie,False,America
3175,Jacob Micallef,UK,2017,indie,False,Europe
3176,Jagex Ltd,Poland,1993,indie,False,Europe
3177,Jakai,Russia,1996,indie,False,Europe
3178,Jake Berry,UK,1987,indie,False,Europe
3179,Jake Donkersgoed,Japan,2006,indie,False,Asia
3180,Jake Huhman,Australia,1979,indie,False,Oceania
3181,Jake Johnson,Japan,1981,indie,False,Asia
3182,Jake Tucker,Poland,2006,indie,False,Europe
3183,Jakob Vidal,Canada,1997,indie,False,America
3184,Jakub Domanski,Germany,2012,indie,False,Europe
3185,Jakub Sedmík,Russia,1975,indie,True,Europe
3186,Jakub Wilczak,Sweden,1989,indie,False,Europe
3187,Jam-Live,Japan,1995,indie,False,Asia
3188,James,Germany,2000,mid,False,Europe
3189,James Flannery,Japan,2015,indie,False,Asia
3190,James Olks,USA,1985,indie,False,America
3191,James Robinson,Sweden,1995,indie,False,Europe
3192,James Sager,USA,1997,indie,False,America
3193,Jamhack Games,Germany,1998,indie,False,Europe
3194,Jamk Games,USA,2016,indie,False,America
3195,Jampacked Games,Japan,2001,indie,True,Asia
3196,Jan Malitschek,USA,1984,indie,False,America
3197,Jan Švec,UK,1978,indie,False,Europe
3198,Janabajty Tomasz Namiota,Poland,1977,indie,False,Europe
3199,Janarik Games LLC,USA,2006,indie,False,America
3200,JanduSoft,Germany,1984,mid,False,Europe
3201,Janxferz,France,1987,indie,False,Europe
3202,Japanime Games,Russia,1994,indie,False,Europe
3203,Jared Skinner,Canada,2013,indie,False,America
3204,Jaroslav Micek,France,1998,indie,True,Europe
3205,Jason Halliday,Canada,2018,indie,False,America
3206,Jason Kelly,Sweden,2011,indie,False,Europe
3207,Jason RT Bond,USA,1991,indie,True,America
3208,Java Printz LLC,Russia,2018,indie,False,Europe
3209,Jay Geis,Germany,1996,indie,False,Europe
3210,Jay Hawkins,USA,2009,indie,False,America
3211,JayFiArts,Sweden,2017,indie,False,Europe
3212,Jean Davalos,USA,2006,indie,False,America
3213,Jean-Baptiste Simillon,Canada,1976,indie,False,America
3214,Jean-Yves QUENTEL,Australia,2007,indie,False,Oceania
3215,Jeff Apostolos,UK,2002,indie,False,Europe
3216,Jeff Trier,UK,1994,indie,False,Europe
3217,Jeistar,USA,2018,indie,False,America
3218,JelloGames,Canada,2011,indie,False,America
3219,JellyFluff Games,USA,2001,indie,False,America
3220,Jellyfish Parade,Sweden,2022,indie,False,Europe
3221,Jens Roderus,Canada,2008,indie,False,America
3222,Jerome Konieczka JR.,Germany,1996,indie,False,Europe
3223,Jerry Miller,Japan,2011,indie,False,Asia
3224,Jesper Michael Petersen,USA,1999,indie,False,America
3225,Jesse Aidyn,Poland,1988,indie,False,Europe
3226,Jessica,Russia,1995,indie,False,Europe
3227,Jestercraft,Poland,2006,indie,False,Europe
3228,Jet Stone Games,Australia,2020,indie,False,Oceania
3229,Jetdogs Studios,UK,2009,aaa,False,Europe
3230,Jether,France,1985,mid,False,Europe
3231,Jetpack Collective,USA,2018,mid,False,America
3232,JiMTa-积木塔,USA,2018,indie,False,America
3233,Jibeijia,USA,1991,indie,False,America
3234,Jim Bame,Australia,2001,indie,False,Oceania
3235,Jim's SqueakLab,USA,1981,indie,False,America
3236,JimDex,USA,2021,indie,False,America
3237,JimJams Games,USA,1978,indie,False,America
3238,JinCycle,Sweden,2000,mid,False,Europe
3239,JingtuStudio,Poland,1999,indie,False,Europe
3240,Jinvira,Russia,2019,indie,False,Europe
3241,Jippo Media,Japan,2014,indie,False,Asia
3242,Jiri Otoupal,USA,1991,indie,False,America
3243,Jiří Živný,Australia,1976,indie,False,Oceania
3244,Joe Nevells,Canada,2016,indie,False,America
3245,Joe Richardson,France,1980,indie,False,Europe
3246,Joehot200,Japan,2020,indie,False,Asia
3247,Joel Carter,Russia,1989,indie,False,Europe
3248,Joey Drew Studios,USA,2010,indie,False,America
3249,Jofer's Games,USA,2016,indie,False,America
3250,Jogaloca,USA,1990,indie,False,America
3251,Johan Games,USA,2012,indie,False,America
3252,Johannes Förth,USA,2001,indie,False,America
3253,Johannes Gäbler,Russia,2016,indie,False,Europe
3254,John Arrow Games,Sweden,2006,indie,False,Europe
3255,John Caruso,France,1990,indie,False,Europe
3256,John Company,France,1975,indie,False,Europe
3257,John Galanakis,Canada,1985,indie,False,America
3258,John Peate,Russia,1979,indie,False,Europe
3259,John Wallie,USA,1998,indie,False,America
3260,John tex Studios,USA,1984,indie,False,America
3261,JohnPeppermint,USA,1984,indie,False,America
3262,Johnny Ostad,Sweden,1990,indie,False,Europe
3263,Jolly Crouton Media Ltd.,UK,2018,mid,False,Europe
3264,Jolly Roger Game,USA,1975,indie,False,America
3265,Jollypunch Games,USA,1985,indie,False,America
3266,Jomarcenter Gaming Studio,USA,1982,indie,False,America
3267,Jonas Dall,Sweden,2005,indie,False,Europe
3268,Jonathan MacLellan,Poland,1986,indie,False,Europe
3269,Jonathan Moye,France,1990,indie,False,Europe
3270,Jonathan Robson,Russia,2006,indie,False,Europe
3271,Jonathan Stano,UK,2011,indie,False,Europe
3272,JooGray videogames,USA,2019,indie,True,America
3273,Joon Games,USA,2012,indie,False,America
3274,JoqLePecheur,Russia,1980,indie,False,Europe
3275,Jordan Rott,UK,1996,indie,False,Europe
3276,Jordy Lakiere,Sweden,1986,indie,False,Europe
3277,Jorrit Van de Velde,Poland,2008,indie,False,Europe
3278,Jorvan,Australia,2007,indie,False,Oceania
3279,Jose Lousa,Japan,1998,mid,False,Asia
3280,Jose Pedro Díaz,UK,2021,indie,False,Europe
3281,Jose Romaguera Montero,Japan,1982,indie,False,Asia
3282,Josep G. Camarasa,Australia,1978,indie,False,Oceania
3283,Joseph Bramlett,Canada,2003,indie,True,America
3284,Joseph Cook,Japan,2009,mid,False,Asia
3285,Joseph Dolmaya,Sweden,1991,indie,False,Europe
3286,Joseph Griggs,France,2017,indie,False,Europe
3287,Joseph Lee,Canada,1975,indie,False,America
3288,Josh Hill,Germany,2021,indie,False,Europe
3289,Joshua Bergstrom,France,2011,indie,False,Europe
3290,Joshua Keith,USA,1988,indie,False,America
3291,Joshua Linscott,UK,2018,indie,True,Europe
3292,Joshua Missile,UK,2013,mid,False,Europe
3293,Josiah Christiansen,USA,1991,indie,False,America
3294,Josyan,Germany,1983,mid,False,Europe
3295,Jovan Jeftic,Russia,1986,indie,False,Europe
3296,Joy Everafter Stories,UK,1998,indie,False,Europe
3297,JoyBits Ltd.,Poland,1985,mid,False,Europe
3298,JoyJutsu Games,USA,2002,indie,False,America
3299,JoyMasher,UK,1993,indie,False,Europe
3300,JoyMoon Tech Ltd.,Australia,2022,indie,False,Oceania
3301,Joytoart Technology,Sweden,2006,indie,False,Europe
3302,Jubei Games,USA,1980,indie,False,America
3303,Juggernaut Entertainment,Japan,1982,indie,False,Asia
3304,Juicy Pulp Games,Australia,2004,indie,False,Oceania
3305,Jules Maurer,Russia,2001,indie,False,Europe
3306,Jules-Makes-Games,Australia,1975,indie,False,Oceania
3307,Julien Mackay,USA,1987,indie,False,America
3308,Julio Oliveira,Sweden,1985,indie,False,Europe
3309,JumpCore Productions,USA,1976,indie,False,America
3310,"Jundroo, LLC",USA,2011,indie,False,America
3311,Juri Schupilo,Japan,1996,mid,False,Asia
3312,Jurval Corp,Poland,1993,indie,False,Europe
3313,Just One More Minute,USA,1987,indie,False,America
3314,Just Sauce Studio,Germany,1979,indie,False,Europe
3315,Just kidding entertainment,UK,2003,indie,False,Europe
3316,JustForward,UK,2008,indie,False,Europe
3317,JustMakeGames,UK,2010,indie,False,Europe
3318,JustTomcuk,Sweden,2003,mid,False,Europe
3319,"Justdan International Co., Ltd.",Russia,2007,indie,False,Europe
3320,Justin Gourley,Japan,2006,indie,True,Asia
3321,Jérémy Entressangle,USA,2016,mid,False,America
3322,Jérôme Braëms,Australia,2016,indie,False,Oceania
3323,Jöbstl S.,USA,1993,indie,False,America
3324,K Bros Games,UK,2007,indie,False,Europe
3325,K-land Games,UK,1975,indie,False,Europe
3326,K84,Sweden,2003,indie,False,Europe
3327,KABloom Interactive,France,2003,indie,False,Europe
3328,KADOKAWA CORPORATION,Canada,2010,indie,False,America
3329,KAIJYU-09,USA,2019,indie,False,America
3330,KAM Development,USA,1975,indie,False,America
3331,KAPPIRE,USA,1985,indie,False,America
3332,KARTEA Games,USA,1976,indie,False,America
3333,KBA3u's factory,USA,1999,indie,False,America
3334,KBS Games,USA,2014,indie,False,America
3335,KE GANXING,UK,1986,indie,False,Europe
3336,KEA Games,UK,1979,indie,False,Europe
3337,KEMCO,Japan,2020,aaa,False,Asia
3338,KESOFTGAMES,Poland,2005,indie,False,Europe
3339,KEYREAL,Canada,2004,indie,True,America
3340,KFC,UK,2009,indie,False,Europe
3341,KG Games,Poland,2003,indie,False,Europe
3342,KG/AM,Sweden,2010,indie,False,Europe
3343,KGS,USA,2017,indie,False,America
3344,KHAN Games,Sweden,1991,indie,False,Europe
3345,KIBODO,Japan,2017,mid,False,Asia
3346,KIC Games,UK,1994,indie,False,Europe
3347,KIMI's Project,USA,1990,indie,False,America
3348,KIMIDORI SOFT,France,1982,mid,False,Europe
3349,KIMYS STUDIOS,Sweden,1981,indie,False,Europe
3350,KISS ltd,Australia,1992,indie,False,Oceania
3351,KIXEYE,UK,2001,indie,False,Europe
3352,KJames,Canada,2004,indie,False,America
3353,KLASSEN,Sweden,2012,indie,False,Europe
3354,"KOEI TECMO GAMES CO., LTD.",USA,2011,aaa,False,America
3355,KOG,USA,2005,indie,True,America
3356,KOL Games,USA,1981,indie,False,America
3357,KOMODO,UK,1979,aaa,False,Europe
3358,KONAMI,Japan,2004,aaa,False,Asia
3359,KOTARO YOSHIDA,USA,1984,indie,False,America
3360,KPL,Germany,1991,mid,False,Europe
3361,KR,UK,1989,indie,False,Europe
3362,KRAKL Games,Japan,1985,indie,False,Asia
3363,KSU Gaming Studio,France,1995,indie,False,Europe
3364,KT.SOFTWARE,Canada,1978,indie,False,America
3365,KUOKUO,UK,2012,indie,False,Europe
3366,KX Games,USA,1992,indie,False,America
3367,KZ42,Germany,1990,indie,False,Europe
3368,Ka Hin Yuen,Japan,1986,indie,False,Asia
3369,Kadragon,Australia,2014,indie,False,Oceania
3370,Kagura Games,Australia,1988,aaa,False,Oceania
3371,"Kairosoft Co.,Ltd",UK,2005,aaa,False,Europe
3372,KaiserGames,France,1985,indie,False,Europe
3373,Kajak Games,USA,2014,mid,False,America
3374,Kajoo Games,Japan,2017,indie,False,Asia
3375,Kaka Ku Games Inc.,Canada,2008,indie,False,America
3376,Kakehashi Games,UK,2009,indie,False,Europe
3377,KaleidoGames,USA,2004,mid,False,America
3378,Kaleyj,Germany,1995,indie,False,Europe
3379,Kalponic Studio,UK,2018,indie,False,Europe
3380,Kalypso Media,Canada,2013,mid,False,America
3381,Kalypso Media Digital,Canada,2001,mid,False,America
3382,Kaminariya,UK,1984,indie,False,Europe
3383,Kanipro Games,UK,1989,indie,False,Europe
3384,Kanjineko,Poland,1975,indie,False,Europe
3385,KappCan,France,1978,indie,False,Europe
3386,Kara Stone,UK,1987,mid,False,Europe
3387,Karaman Games,Russia,1982,indie,False,Europe
3388,KarashiRenkon Hobbies,Sweden,1980,indie,False,Europe
3389,Karl Wenzel,Canada,1991,indie,False,America
3390,Karma Team,Australia,1986,indie,False,Oceania
3391,Karmapstudio,UK,2000,indie,False,Europe
3392,Kas1o,Poland,2010,indie,False,Europe
3393,Kasedo Games,Sweden,1987,mid,False,Europe
3394,Kaser Studio,USA,1992,indie,False,America
3395,Kaspertje,UK,2020,indie,False,Europe
3396,Katatema,Sweden,2016,indie,False,Europe
3397,Katharsis,USA,1993,indie,False,America
3398,Katta Games,USA,1981,indie,False,America
3399,KatusGame,USA,2011,indie,False,America
3400,Kavkaz Sila Games,Australia,1996,mid,False,Oceania
3401,Kavorkaplay,USA,1980,indie,False,America
3402,Kawaii Hentai,Germany,1994,mid,False,Europe
3403,Kawaiisun Games,France,1994,indie,False,Europe
3404,Kayisoft,Japan,1998,indie,False,Asia
3405,Kazakov Oleg,France,1982,indie,False,Europe
3406,Kazuhide Oka,UK,2006,indie,False,Europe
3407,Kazumitsu Ota,USA,1991,indie,False,America
3408,Kedexa,USA,2012,aaa,False,America
3409,Keen Games GmbH,Japan,2003,indie,False,Asia
3410,Keenan Evans,Japan,1988,indie,False,Asia
3411,Kelarly,France,2014,indie,False,Europe
3412,Kelso-Lamb Games,Sweden,1998,indie,False,Europe
3413,Kenneth Dodrill,Germany,1982,indie,False,Europe
3414,Kenningsly Production,Poland,1978,indie,False,Europe
3415,Kenshin Game Studio,Russia,1991,indie,False,Europe
3416,Kento Tomonari,Australia,1979,indie,False,Oceania
3417,Kepler Ghost,USA,1992,indie,False,America
3418,Kepler Interactive,Germany,2018,indie,False,Europe
3419,Kerim Kumbasar,USA,2004,indie,False,America
3420,Kerlys Games,Germany,1991,indie,False,Europe
3421,Keslem Oy,USA,1979,indie,True,America
3422,Ketchup AjiNo Mayonnaise,Japan,1983,indie,False,Asia
3423,Kether Studio,Australia,1990,indie,False,Oceania
3424,KevTheDev,Germany,2018,indie,False,Europe
3425,Kevin Paek,UK,1985,indie,False,Europe
3426,KeyGames,Russia,2015,indie,False,Europe
3427,KeyboardKrieger,USA,2001,indie,True,America
3428,Khud0,Japan,2022,indie,False,Asia
3429,KiWi Studio LLC,USA,1976,indie,False,America
3430,Kibosso Media,Poland,2015,indie,False,Europe
3431,Kid,Russia,1994,indie,False,Europe
3432,Kiddy,Sweden,1984,mid,False,Europe
3433,Kielan xD,Russia,2008,indie,False,Europe
3434,Kiguteam（キグチーム）,Germany,2019,indie,False,Europe
3435,Kiki Castella,UK,1975,indie,False,Europe
3436,Killed Pixel Games,Poland,1992,indie,False,Europe
3437,Killer Lobster,UK,1975,indie,False,Europe
3438,KillerPokeGames,Sweden,1995,indie,True,Europe
3439,Killmonday Games AB,Canada,1987,indie,False,America
3440,Kiloo,USA,1991,indie,False,America
3441,Kimble Games,USA,2005,indie,False,America
3442,KineticDog,Sweden,2014,indie,False,Europe
3443,King Corg Games,Russia,2007,indie,False,Europe
3444,King Key Games,France,1982,mid,False,Europe
3445,King Kong Gaming,USA,2000,mid,False,America
3446,King Stone,USA,2019,indie,False,America
3447,Kingdom Pots,USA,1998,indie,True,America
3448,Kings and Catapults,Japan,2000,indie,False,Asia
3449,Kink Master Studios,France,2015,mid,False,Europe
3450,KipFlip,Japan,1991,indie,False,Asia
3451,Kiririn,Sweden,2016,indie,False,Europe
3452,Kiro Games,USA,1992,indie,False,America
3453,KishMish Games,UK,2016,indie,False,Europe
3454,Kishan Emens,Poland,1985,indie,False,Europe
3455,Kisimul Studio,Poland,2002,indie,False,Europe
3456,Kitchen Menace,Australia,2012,indie,False,Oceania
3457,Kitfox Games,Japan,1995,indie,False,Asia
3458,Kitsu Games,Canada,2013,mid,False,America
3459,Kitsunebival,Australia,2017,indie,False,Oceania
3460,Kitten Cup Studio,Japan,2006,indie,False,Asia
3461,KiwiGame,France,1985,indie,False,Europe
3462,Kiwiforge,USA,1995,indie,False,America
3463,Klabater,Germany,2017,indie,False,Europe
3464,Klayser,France,1988,indie,False,Europe
3465,Klei Entertainment,Japan,2005,indie,False,Asia
3466,Klei Publishing,France,1977,indie,False,Europe
3467,Klick Ink L.P.,USA,1992,indie,False,America
3468,Klothscape,Germany,1995,indie,True,Europe
3469,"Kluge Strategic, LLC",USA,1989,indie,False,America
3470,Kman Studios,Australia,1996,indie,False,Oceania
3471,KmanStudios,Japan,1976,indie,False,Asia
3472,Knifish Studio,Germany,2010,indie,False,Europe
3473,Knights Peak,France,1999,indie,False,Europe
3474,Knob Cat Games,USA,2014,indie,False,America
3475,Knuckle Cracker,UK,2018,indie,False,Europe
3476,Koalabs,Sweden,1976,indie,False,Europe
3477,Koanai Studios,UK,1980,indie,False,Europe
3478,Kobra Studio,USA,1980,indie,False,America
3479,Koch Media,USA,1985,indie,False,America
3480,KodiiGames,UK,2016,indie,False,Europe
3481,KoheiGallery,USA,1976,indie,False,America
3482,Kokolori Studios,USA,1992,indie,False,America
3483,Koksny.com,USA,2007,indie,False,America
3484,Kokutou Umeboshi,Russia,2015,mid,False,Europe
3485,KolbasinoGames,UK,1990,indie,False,Europe
3486,Komihorium,Russia,2016,indie,False,Europe
3487,Konami Digital Entertainment,Russia,2021,indie,False,Europe
3488,Konnichiwa Games,UK,2003,indie,False,Europe
3489,Konsordo,UK,2018,indie,False,Europe
3490,Konstantinos Katsoris,Russia,1995,indie,False,Europe
3491,KorGgenT,USA,1991,indie,False,America
3492,Koraporation,Russia,2021,indie,False,Europe
3493,Kore Meta Inc.,Sweden,1984,indie,False,Europe
3494,Korpi Games Oy,USA,1996,indie,False,America
3495,KorteGames,Russia,1993,indie,False,Europe
3496,Korvinrular,Russia,2015,indie,False,Europe
3497,Kosmo Cat,France,1995,indie,False,Europe
3498,"Kost, Inc.",Poland,2005,indie,False,Europe
3499,Kotovodk Studio,France,1986,aaa,False,Europe
3500,Kourov Vyacheslav,Germany,2002,indie,False,Europe
3501,Kovaldevlog,USA,2014,indie,False,America
3502,Kraken Games,USA,2012,indie,False,America
3503,Kraken Ink.,Germany,1978,indie,False,Europe
3504,Kreativitetsbanken,Poland,2017,indie,False,Europe
3505,Krillbite Studio,USA,2003,indie,True,America
3506,Krish Shrikumar,Germany,1980,indie,False,Europe
3507,Kristopher Werlinder,Canada,1983,indie,False,America
3508,Krome Studios,UK,2022,indie,False,Europe
3509,Krujoko,Sweden,1989,mid,False,Europe
3510,KrupinskiArt,Germany,1979,mid,False,Europe
3511,KuKo,USA,2013,aaa,False,America
3512,Kuark,UK,1990,mid,False,Europe
3513,Kubilay Dekin,France,2001,indie,False,Europe
3514,Kubili,USA,2002,indie,False,America
3515,KulaD,USA,1978,indie,False,America
3516,Kumao,USA,2000,indie,False,America
3517,Kumkwat Entertainment,USA,2001,indie,False,America
3518,Kung Fu Robots LLC,Germany,2006,indie,False,Europe
3519,Kuno Interactive,USA,1984,indie,False,America
3520,Kunpan Games,France,1997,indie,False,Europe
3521,Kurayami Yume Games,Sweden,1987,indie,False,Europe
3522,Kurechii,Canada,1977,indie,False,America
3523,KuriTaro,Canada,2014,indie,False,America
3524,Kuroki Yume,USA,1999,indie,True,America
3525,Kuupu,USA,2022,indie,False,America
3526,Kyle Obranovic,USA,2007,mid,False,America
3527,Kyle Rodgers,USA,1980,indie,False,America
3528,"Kynapsis, Lda",UK,2001,indie,False,Europe
3529,Kyrylo Kuzyk,Poland,1978,indie,False,Europe
3530,Kyuubinx Prototype,Canada,2015,indie,False,America
3531,L. Stotch,USA,1989,mid,False,America
3532,L30-P4RD,Germany,1978,indie,False,Europe
3533,L4S Games,Canada,1979,indie,True,America
3534,LANGYA,USA,2001,indie,False,America
3535,LAS Team,Australia,2001,indie,False,Oceania
3536,LB,Japan,2004,indie,False,Asia
3537,LBR games,Poland,1996,indie,False,Europe
3538,LC Game,Japan,1994,indie,False,Asia
3539,LEGION GAMES,USA,2014,indie,False,America
3540,LFB Studios,USA,2007,indie,False,America
3541,LFR games,UK,2019,indie,False,Europe
3542,LGT SIA,UK,2022,aaa,False,Europe
3543,LGV,USA,1978,mid,False,America
3544,LHP,France,2011,indie,False,Europe
3545,LIANGJIANGPING,USA,1978,indie,False,America
3546,LIDO GAMES,Canada,1983,indie,False,America
3547,LINE Games Corporation,USA,2016,mid,False,America
3548,LION STUDIO,USA,1998,indie,False,America
3549,LM2play,Australia,1994,indie,False,Oceania
3550,LN,Germany,1996,mid,False,Europe
3551,LOOT Interactive,USA,1976,indie,False,America
3552,LOTE Team,USA,2002,indie,False,America
3553,LOVE SYNERGY,Russia,1975,indie,False,Europe
3554,LS  Studio,USA,1981,indie,False,America
3555,LSGames,Australia,2022,indie,False,Oceania
3556,LSJ Productions,UK,2007,indie,False,Europe
3557,LST Games,USA,2001,indie,False,America
3558,LTZinc,Germany,1990,mid,False,Europe
3559,LU,USA,1983,indie,False,America
3560,LU QI,Sweden,2012,mid,False,Europe
3561,LUZSTARDOM,USA,2012,indie,False,America
3562,LV WEI,Japan,1995,indie,False,Asia
3563,LXHX,Sweden,1997,indie,False,Europe
3564,LY-GAME,USA,1989,indie,False,America
3565,La Cosa,Russia,1998,indie,False,Europe
3566,La Spina Francesco,USA,2004,indie,False,America
3567,Lab Rabbit Games ltd,USA,2009,indie,False,America
3568,Laboratory Systems,USA,2010,indie,False,America
3569,Lached Up Games,USA,2017,indie,False,America
3570,Laina Interactive,Canada,1994,indie,False,America
3571,Lakeview Interactive LLC,UK,1980,indie,False,Europe
3572,Lala Garuda,Canada,2014,indie,False,America
3573,Lam Games,Russia,2019,indie,False,Europe
3574,Lamapotato,UK,2000,indie,False,Europe
3575,Lambhalf,USA,1994,indie,False,America
3576,LameGames,Russia,1984,indie,False,Europe
3577,LampFire,Germany,1976,indie,False,Europe
3578,Lamplight Inc.,Australia,1985,indie,False,Oceania
3579,Land  Patricio - Space Indie Studios,USA,2022,indie,False,America
3580,Landfall,Japan,1998,mid,False,Asia
3581,LaoMaoGame,Japan,1975,indie,False,Asia
3582,LaoO Studio,Japan,2005,indie,False,Asia
3583,Laoyin,Germany,1997,indie,False,Europe
3584,Lapioware,USA,2018,indie,False,America
3585,Laptopcoder11,Japan,1977,indie,False,Asia
3586,Larian Studios,France,1989,indie,False,Europe
3587,Larsonsoft,USA,2016,indie,False,America
3588,LaserOnion,Sweden,2022,indie,False,Europe
3589,Lasse Zacho Malver,Japan,1976,indie,False,Asia
3590,Lasso Games,Canada,2017,indie,False,America
3591,Last Credit Games,Japan,2020,indie,True,Asia
3592,Last Lotus,France,1990,indie,False,Europe
3593,Last Man Gaming,Poland,1977,indie,False,Europe
3594,Last Quarter Studios,USA,1981,indie,False,America
3595,Last Tuesday Games,USA,2022,indie,False,America
3596,Last-Mag Studios,France,2018,indie,False,Europe
3597,Lastwhirlwind,UK,1992,indie,False,Europe
3598,Late Night Studios,UK,1986,indie,False,Europe
3599,Late teur t' gem,USA,1986,indie,False,America
3600,Lateralis Heavy Industries,Canada,2017,indie,False,America
3601,"Lathebreaker Studio, LLC",Poland,2010,indie,False,Europe
3602,Laumania ApS,Japan,2007,indie,False,Asia
3603,Laura Shigihara,USA,1997,indie,False,America
3604,Laush Dmitriy Sergeevich,Japan,2000,indie,False,Asia
3605,Laush Studio,Japan,1997,aaa,False,Asia
3606,LaxieStudios,Japan,2019,indie,False,Asia
3607,Lazarfisch,Poland,2018,indie,False,Europe
3608,Lazy Acorn Studios,Poland,2001,indie,False,Europe
3609,Lazy Brain Games,Germany,1994,indie,False,Europe
3610,Lazy Morning Games,Germany,2001,indie,False,Europe
3611,LeGrudge & Rugged,USA,1991,indie,False,America
3612,Leach Studios,USA,2011,indie,False,America
3613,Lead Money Games,UK,2019,indie,False,Europe
3614,Leakage Games,Poland,1979,indie,False,Europe
3615,LeandroGabriel.net,Germany,2001,indie,False,Europe
3616,LearnDistrict Inc.,USA,1991,indie,False,America
3617,Legacy Games,Sweden,2007,mid,False,Europe
3618,Legion Infinity Interactive,UK,2000,indie,False,Europe
3619,Lekooliatris Games,USA,1984,indie,False,America
3620,Lemfactory,Japan,2011,mid,False,Asia
3621,LemonVelvet,Canada,1994,indie,False,America
3622,Lemondo Games,Russia,1999,indie,False,Europe
3623,Lennart Bours,Germany,2008,indie,False,Europe
3624,LeonHeart Studios,Russia,2007,indie,False,Europe
3625,Leonid Bazhanov,Australia,2022,indie,False,Oceania
3626,Leonix,Germany,1989,indie,False,Europe
3627,Leppsoft,USA,2015,indie,False,America
3628,Les Crafteurs,Canada,1999,indie,False,America
3629,Les Kalifas,Poland,1986,indie,False,Europe
3630,Lessermore,UK,2011,indie,False,Europe
3631,Lesson of Passion,Japan,1983,mid,False,Asia
3632,Let's go to the Grindhouse,Australia,1983,indie,False,Oceania
3633,Leta Games,UK,2020,indie,False,Europe
3634,Lettuce Studios,USA,1999,indie,False,America
3635,Lev Gogol,USA,2013,indie,False,America
3636,Level 11,Poland,2002,indie,False,Europe
3637,Level Eight AB,Australia,2016,indie,True,Oceania
3638,Level Infinite,Germany,2017,indie,False,Europe
3639,Level-Buster Studio,Poland,1975,indie,False,Europe
3640,Level01 Gamestudio,USA,1987,indie,True,America
3641,Lewd Games Studio,USA,2001,indie,False,America
3642,LewdLoco,France,1997,mid,False,Europe
3643,LewdTube LLC,UK,2014,indie,False,Europe
3644,Lewis Spalato,USA,2013,indie,False,America
3645,Lezy Bee,Russia,1975,indie,False,Europe
3646,Li Changchun,Sweden,2020,mid,True,Europe
3647,Liam Clift,Poland,1985,indie,False,Europe
3648,Liam Hanrahan,USA,1983,indie,False,America
3649,Libredia,Germany,2020,mid,False,Europe
3650,Libredia Entertainment,Poland,1999,mid,False,Europe
3651,Lich + Lily,Russia,1983,indie,False,Europe
3652,Lichtblau IT,USA,1996,indie,False,America
3653,Lieb,USA,2010,indie,False,America
3654,Liens,Russia,1975,indie,False,Europe
3655,Life Love Publishing,Poland,2009,indie,True,Europe
3656,Lifelight Entertainment GmbH,Poland,2018,indie,False,Europe
3657,Light Bringer Games inc.,Germany,2007,indie,False,Europe
3658,Light Bulb Engine,UK,1983,indie,False,Europe
3659,Light Fun Games,Germany,1987,indie,False,Europe
3660,Light Island,Australia,1979,indie,False,Oceania
3661,Light Studio,USA,1985,indie,False,America
3662,Light Vision Interactive,USA,2006,indie,False,America
3663,Light of Creators,USA,1988,mid,False,America
3664,Light of Creators 創作者之光,Japan,2000,indie,False,Asia
3665,LightStrings,France,2014,indie,False,Europe
3666,Lightimpact,USA,1979,indie,False,America
3667,Lightning Games,USA,1995,mid,False,America
3668,Lightning Rod Games,USA,1975,indie,False,America
3669,Lightray Games,Australia,2006,indie,False,Oceania
3670,Lightsoutgames,Canada,2017,mid,False,America
3671,"Lightspeed Design, Inc.",USA,1976,indie,False,America
3672,LikeGames,Japan,1988,mid,False,Asia
3673,Lil Hentai Games,Canada,2017,mid,False,America
3674,Lilith Games,France,1984,indie,False,Europe
3675,Limansia Games,Canada,1983,indie,False,America
3676,Lime Blossom Studio,Japan,2019,indie,False,Asia
3677,Limeade Games,Japan,1981,indie,False,Asia
3678,Liminal Logic,UK,2021,indie,False,Europe
3679,Liminous Editions,UK,2007,indie,False,Europe
3680,Limitcore.studio,USA,1979,indie,False,America
3681,Limited Bits,Poland,2000,indie,False,Europe
3682,Limited Input,USA,2014,indie,False,America
3683,Limited Resources,Germany,1979,indie,False,Europe
3684,Limited Run Games,USA,2021,indie,False,America
3685,Limitless Gamez,Japan,2007,indie,False,Asia
3686,Lin Jiaping,USA,1975,indie,False,America
3687,Lin Meyer,USA,1982,indie,False,America
3688,LinQ,Japan,2006,indie,False,Asia
3689,LineArt Games,Germany,1990,indie,False,Europe
3690,LineChill,USA,1997,indie,False,America
3691,Ling Hun Project,Poland,1983,indie,False,Europe
3692,Lingon Studios,Australia,1983,indie,False,Oceania
3693,Lingtan Studio,Russia,1999,indie,False,Europe
3694,Linked Squad,Germany,1995,indie,False,Europe
3695,Linkflag Studio,Canada,2011,indie,False,America
3696,Lino Rabolini,USA,1983,indie,False,America
3697,LioFFso,Germany,1991,indie,False,Europe
3698,LionDev,USA,2017,indie,False,America
3699,Lions Games Entertainment,Poland,2022,indie,False,Europe
3700,Liquid Beaver Studios,Japan,2001,indie,False,Asia
3701,Liquid Darkness,USA,1990,indie,False,America
3702,Lisa Voronova,Germany,2002,indie,False,Europe
3703,Listener Online II Inc,UK,2022,indie,False,Europe
3704,LiterallyEveryone Games,Sweden,2020,indie,False,Europe
3705,Little Bittle,Poland,2019,indie,False,Europe
3706,Little Black Book Entertainment,UK,2000,mid,False,Europe
3707,Little Cloud Games,Japan,1984,indie,False,Asia
3708,Little Denis Games,Germany,2016,indie,False,Europe
3709,Little Dreams Games,Russia,1998,indie,False,Europe
3710,Little Martian Games,Russia,1987,indie,False,Europe
3711,Little Smart Planet,USA,1982,indie,False,America
3712,Little Tiger Game,USA,1984,indie,False,America
3713,Little Uncle Studio,USA,1999,indie,False,America
3714,Litty Games,Russia,2017,indie,False,Europe
3715,Liujiajun,USA,2008,mid,False,America
3716,Live CGI,USA,2003,indie,False,America
3717,Live Motion Games,France,1976,mid,False,Europe
3718,LixDSL,Sweden,2015,indie,False,Europe
3719,Lixep Games,Germany,2010,indie,False,Europe
3720,LizardFactory,USA,1975,indie,False,America
3721,Lizondo LLC,Germany,2002,indie,False,Europe
3722,LoadUpGames.com,Japan,1989,mid,False,Asia
3723,Loaded Deck Games,Australia,1987,indie,False,Oceania
3724,Loading Home,USA,1991,indie,False,America
3725,Loafsoft,Australia,1999,indie,False,Oceania
3726,Lobster Games,Japan,2004,indie,False,Asia
3727,Locomotivah,Germany,2019,indie,True,Europe
3728,Lodder Digital Media,UK,1995,indie,False,Europe
3729,Log Games Ltd,USA,1987,indie,False,America
3730,Logan Apple,Japan,1977,indie,False,Asia
3731,Logisk Studio Inc.,UK,2003,indie,False,Europe
3732,Loju,USA,2000,indie,False,America
3733,Londer Software,Germany,2012,indie,False,Europe
3734,Lone Artisan Games,Australia,1992,indie,False,Oceania
3735,Lonely Frontier Studio,Sweden,2016,indie,False,Europe
3736,Lonely Troops,Russia,1990,mid,False,Europe
3737,Long Pause Entertainment,USA,1997,indie,False,America
3738,Long Qi  Software Technology,Japan,2009,indie,False,Asia
3739,Long Wing Studio,Poland,1996,indie,False,Europe
3740,LongYou Game Studio,USA,2012,indie,False,America
3741,Longbow Games,Japan,2001,mid,False,Asia
3742,Longmire Studio,USA,2006,indie,False,America
3743,Loolust,Sweden,2018,indie,True,Europe
3744,LoongCharm,UK,1978,indie,False,Europe
3745,Loony Code,Poland,1993,indie,False,Europe
3746,LoopyMood,Poland,2013,indie,False,Europe
3747,Loose Knot Games,Russia,1975,indie,True,Europe
3748,Lord Rutsah,USA,2012,indie,False,America
3749,Lord of the Stack,Australia,1977,indie,False,Oceania
3750,Lore Games,Japan,1995,indie,False,Asia
3751,Lorenzo Entertainment,Japan,2020,indie,False,Asia
3752,Lorenzo Romero,UK,2006,indie,False,Europe
3753,Lorestrome,Poland,2011,indie,False,Europe
3754,"Lorke Records, Inh. Anne Baumann",Germany,1977,indie,False,Europe
3755,Loserville Express,USA,1988,indie,False,America
3756,Lost Art Studios,Germany,2011,indie,False,Europe
3757,Lost Astronaut Studios,USA,1989,indie,False,America
3758,Lost Bazaar developers,USA,1975,indie,False,America
3759,Lost Heart,USA,2017,indie,False,America
3760,Lost Mesa Entertainment,USA,2020,indie,False,America
3761,Lotus Innovations,France,1981,indie,False,Europe
3762,"Loud King Studios, LLC",Sweden,2016,indie,True,Europe
3763,Loudpak Studios,Russia,2013,indie,False,Europe
3764,Louie Inc,Russia,2011,mid,False,Europe
3765,Louie Waynward,France,1993,indie,False,Europe
3766,Louka Lemire,USA,2011,indie,False,America
3767,Lovatto Studio,France,2012,indie,True,Europe
3768,Love Conquers All Games,Canada,1983,indie,False,America
3769,"Love Lab, Inc.",Germany,2003,mid,False,Europe
3770,Love Quest Studio,Australia,1999,indie,False,Oceania
3771,LoveStoryProject,USA,2015,mid,False,America
3772,Lovely Bytes,USA,2021,indie,False,America
3773,Lovely Games,Sweden,1979,mid,False,Europe
3774,Lovely Games Hentai Club,Russia,1994,mid,True,Europe
3775,Low Level Game Dev,USA,2014,indie,False,America
3776,Lowtek Games,Japan,1988,mid,False,Asia
3777,Loxarc Inc.,USA,2017,indie,False,America
3778,Lozange Lab,USA,2008,mid,False,America
3779,Lsgamedev,USA,1990,indie,False,America
3780,Lu,Russia,2017,indie,False,Europe
3781,Lu Geng Dong,France,2018,indie,False,Europe
3782,LuCapy Studio,Canada,1986,indie,False,America
3783,LuQui,UK,2007,indie,False,Europe
3784,Luamar Games,USA,1982,indie,False,America
3785,"Luca ""Fox"" Giovani",UK,1980,indie,False,Europe
3786,Luca Favano,USA,1989,indie,False,America
3787,Luca Morello,USA,2005,indie,False,America
3788,Lucaciu Studio,USA,2003,indie,False,America
3789,Lucas Fernandez,UK,2003,mid,False,Europe
3790,Lucas Fuchs,Germany,2020,indie,False,Europe
3791,Lucas Le Slo,Poland,2010,indie,False,Europe
3792,Lucas Molina,USA,1977,indie,False,America
3793,LucasGame,USA,1984,indie,False,America
3794,Luciano Pereira,Australia,2003,indie,False,Oceania
3795,Lucid Dreams Studio,Japan,1977,indie,False,Asia
3796,Lucid Games Ltd,France,1986,indie,False,Europe
3797,Lucid Pixel,Poland,1988,indie,False,Europe
3798,Lucid Silence Games,UK,2006,indie,False,Europe
3799,Lucky Duck Games,USA,2016,indie,False,America
3800,Lucky Loot studio,Russia,2005,indie,False,Europe
3801,Lucky owl,USA,1995,indie,False,America
3802,LuckyGene Games,Sweden,1979,indie,False,Europe
3803,Luden.io,UK,2011,indie,False,Europe
3804,Ludetis UG (haftungsbeschr.),Japan,1991,indie,False,Asia
3805,Ludo Land,USA,2022,indie,False,America
3806,Ludokultur,USA,1997,indie,False,America
3807,Ludomancer,UK,2021,indie,False,Europe
3808,Ludomo Gamestudio,Russia,2018,indie,False,Europe
3809,Ludosity,Poland,2009,mid,False,Europe
3810,Ludus Games,Poland,1983,indie,False,Europe
3811,Luis Calva,France,2013,indie,False,Europe
3812,Luis G. Bento,USA,1982,indie,False,America
3813,Lukas Navratil,UK,1981,indie,False,Europe
3814,Lukas Tokar,USA,1982,indie,False,America
3815,Lukas Trötzmüller,Japan,1990,indie,False,Asia
3816,Luke Sanderson,Germany,1997,indie,False,Europe
3817,Luke Toons,Japan,1993,indie,False,Asia
3818,Luke Wenke,Japan,1977,indie,False,Asia
3819,LukeGames,USA,2001,indie,False,America
3820,Lukudev,Poland,2009,indie,True,Europe
3821,Lulu Bear Studio,France,1987,indie,False,Europe
3822,Lumenox ehf,USA,1979,indie,False,America
3823,LuminEye Limited,USA,2002,indie,False,America
3824,Luna Apps,USA,2006,indie,False,America
3825,Luna Infinity Games,Australia,1978,indie,False,Oceania
3826,Luna Orion,France,2022,indie,False,Europe
3827,LunaFrost Studio,UK,1987,indie,False,Europe
3828,LunaSmith,Poland,2009,indie,False,Europe
3829,Lunar Boon,USA,2014,indie,False,America
3830,Lunar Burst,UK,1992,indie,False,Europe
3831,Lunar Collapse,Japan,1996,indie,False,Asia
3832,Lunar Madcap,Poland,1996,indie,False,Europe
3833,LunarCitySeven,Poland,2015,indie,False,Europe
3834,LunarCore Games,USA,2009,indie,True,America
3835,Lunarhellgames,France,1985,indie,False,Europe
3836,Lunaris Aeterna,Australia,2022,indie,False,Oceania
3837,Lunaris Games,USA,1980,indie,False,America
3838,Lunatinc,France,2022,indie,False,Europe
3839,Luois Games,Russia,2020,indie,False,Europe
3840,Luoti Games,Japan,2015,indie,False,Asia
3841,Luphi Interactive,Sweden,2022,indie,False,Europe
3842,Lushboy Studios,UK,1986,indie,False,Europe
3843,Lusus Digital,Australia,2015,indie,False,Oceania
3844,LuteGames,USA,2010,indie,False,America
3845,Luven Interactive LTD,Australia,2005,indie,False,Oceania
3846,Lux Games,Japan,2019,indie,False,Asia
3847,Luxe Haven Games,Germany,2011,indie,False,Europe
3848,Lxy,USA,1982,indie,False,America
3849,Lycian Studio,USA,2021,indie,False,America
3850,Lynkpin Game,USA,2020,indie,False,America
3851,LzBoY,Sweden,2019,indie,False,Europe
3852,Léo-Games,Japan,2019,indie,True,Asia
3853,M,Sweden,2000,indie,False,Europe
3854,M-slam,USA,2012,indie,False,America
3855,M.C Games,Canada,2007,indie,False,America
3856,M.INDIE,UK,1992,mid,False,Europe
3857,M.R.Studio,Germany,1985,indie,False,Europe
3858,M2H,Sweden,1990,indie,False,Europe
3859,M30Wgames,Russia,1978,indie,False,Europe
3860,M329,UK,1989,indie,True,Europe
3861,M3DS,Sweden,1985,indie,False,Europe
3862,M4GDEV,Japan,1987,indie,False,Asia
3863,MA Game,UK,2014,indie,True,Europe
3864,MACAMANDI,Australia,2012,indie,False,Oceania
3865,MACKINN7,Germany,1999,mid,False,Europe
3866,MAD TRIO,USA,2007,indie,False,America
3867,MAGES. Inc.,Japan,1983,indie,False,Asia
3868,MAGIC Spell Studios,USA,2022,mid,False,America
3869,MAGIX Software GmbH,USA,2001,aaa,False,America
3870,MAGame,Germany,2009,indie,False,Europe
3871,MAINSOLAR Entertainment,USA,2015,indie,False,America
3872,MALGOW,Japan,1978,indie,False,Asia
3873,MAMMOTH,Germany,2009,indie,False,Europe
3874,MARDONIO COSTA,USA,1985,indie,False,America
3875,MATANGA GAMES,Germany,1986,indie,False,Europe
3876,MATRE,Russia,2015,indie,False,Europe
3877,MATTGRV,Japan,2017,indie,False,Asia
3878,MB Game Studio,USA,2000,mid,False,America
3879,MB2 Entertainment,USA,2010,indie,False,America
3880,MBC Entertainment,USA,2005,indie,False,America
3881,MBPStudio22,UK,1984,indie,False,Europe
3882,MC Sport,USA,1988,indie,False,America
3883,MCA,UK,2013,indie,True,Europe
3884,MCG,Poland,1993,indie,False,Europe
3885,MCGame,France,1993,mid,False,Europe
3886,MCON,France,2002,indie,False,Europe
3887,MDickie,USA,2016,mid,False,America
3888,MEDIUM QUALITY GAMES,Poland,2018,indie,True,Europe
3889,MG Publishing,Australia,1978,indie,False,Oceania
3890,MGTD Games,Canada,1999,indie,False,America
3891,MGames Studio,Russia,2002,indie,False,Europe
3892,MIDLANDSTORY Inc.,Russia,1984,indie,False,Europe
3893,MINO ENTERTAINMENT INC,UK,1995,indie,False,Europe
3894,MIROWIN,USA,1975,indie,False,America
3895,MIRROR Soft,UK,2014,mid,False,Europe
3896,MJM Creative works and ideas,Poland,1999,indie,False,Europe
3897,MKRUgames,Sweden,1997,indie,False,Europe
3898,MKSM Design LLC,Poland,2015,indie,True,Europe
3899,MLG Games,UK,2002,indie,False,Europe
3900,MM's Gaming Community LLC,UK,2001,mid,False,Europe
3901,MMUK,Canada,1978,indie,False,America
3902,MOAIX Studios,UK,1975,indie,False,Europe
3903,MOKKOGRAD,Germany,2015,indie,False,Europe
3904,MOONSEER VR,USA,2017,indie,False,America
3905,MPARSDENIZ,Japan,2015,indie,False,Asia
3906,MPlant Games,Sweden,2021,indie,False,Europe
3907,MSOL,Poland,1994,indie,False,Europe
3908,MSRX22,Australia,2001,indie,False,Oceania
3909,"MWN TECH.,LTD",Japan,2009,indie,False,Asia
3910,MXTreality,Australia,1989,indie,False,Oceania
3911,MZ Games,USA,1979,indie,False,America
3912,MZQ,USA,1986,indie,False,America
3913,Ma Ma Software,USA,1988,mid,False,America
3914,MaSeKStrong,Germany,1997,indie,False,Europe
3915,MacabreM,USA,1975,indie,False,America
3916,MachHabaneroGames,Russia,2016,indie,False,Europe
3917,Machine Nun,Canada,1985,indie,False,America
3918,Maciej Targoni,UK,1985,mid,False,Europe
3919,Mack Art Productions Inc,France,1997,indie,False,Europe
3920,Mad Head Games,Russia,2002,indie,False,Europe
3921,Mad Mag Store,USA,2009,indie,False,America
3922,Mad Science Labs,Sweden,2017,indie,False,Europe
3923,MadOptimist Games,USA,1980,indie,False,America
3924,Madar Games,Germany,1995,indie,False,Europe
3925,Made In Point,Canada,1979,indie,False,America
3926,Madison Karrh,Sweden,2010,indie,False,Europe
3927,Mado,USA,2012,indie,False,America
3928,Madorium,USA,1986,indie,False,America
3929,Madowl Games,Canada,2010,indie,False,America
3930,Madsug,Russia,1986,indie,True,Europe
3931,Maestro Créations,Germany,2018,indie,False,Europe
3932,Maestro Games SPC,USA,2003,indie,False,America
3933,Magellan Limited,Germany,1982,indie,False,Europe
3934,Magic Art Hat,USA,2013,indie,False,America
3935,Magic Buya,UK,1977,indie,False,Europe
3936,Magic Chopstick Games,Russia,2005,indie,False,Europe
3937,Magic Cuisine,Australia,1983,indie,False,Oceania
3938,Magic Era,Sweden,1979,indie,False,Europe
3939,Magic Light & LittleV,France,1990,indie,False,Europe
3940,Magic Pie,Poland,2019,mid,False,Europe
3941,Magic Potion Games,UK,2022,indie,False,Europe
3942,MagicBenchVN,Japan,2013,indie,False,Asia
3943,MagicHouse,USA,1990,indie,False,America
3944,Magicvalley Studio,Japan,1993,indie,False,Asia
3945,Magistrar Studios,Russia,2018,indie,False,Europe
3946,Magnifica,Japan,2000,indie,False,Asia
3947,Magnitude Alpha Studios,USA,2012,indie,False,America
3948,Magnus Muscle,USA,2021,indie,False,America
3949,Magory.net,UK,2008,indie,True,Europe
3950,Maiden Gaming Inc.,USA,1976,indie,False,America
3951,Majao Games,France,1981,indie,False,Europe
3952,Majesco Entertainment,UK,1990,indie,False,Europe
3953,Major Parus Games,Germany,1977,indie,False,Europe
3954,Makeshift Software Inc,Poland,1996,indie,False,Europe
3955,MakhamDev,Russia,1992,indie,False,Europe
3956,Maki Toguro,Japan,2006,indie,False,Asia
3957,Male Doll,UK,1976,indie,False,Europe
3958,Male Doll Stories,USA,1983,mid,False,America
3959,Malicious Tree Games,Japan,1985,indie,False,Asia
3960,Malonik,France,2005,indie,False,Europe
3961,Maltakreuz,USA,2011,indie,False,America
3962,Mammalian Machine,Germany,2019,indie,False,Europe
3963,Man of culture,USA,1991,indie,False,America
3964,Man-Eater Games,USA,1987,indie,False,America
3965,ManBeardGames,UK,2008,indie,False,Europe
3966,Manarock,Japan,1992,indie,False,Asia
3967,Mandese Games,Germany,1996,indie,False,Europe
3968,Mandinga,Japan,1988,indie,False,Asia
3969,Mandlebar,Russia,2013,indie,False,Europe
3970,MangaGamer,UK,1975,mid,False,Europe
3971,Mangammis,USA,1999,indie,False,America
3972,Mango Party,Russia,2005,aaa,False,Europe
3973,Mango Party News,USA,2010,aaa,False,America
3974,Mango Protocol,USA,2002,indie,False,America
3975,Mango tea,USA,2015,indie,False,America
3976,Maniac Solution,Poland,1983,indie,False,Europe
3977,Manic Game Studios,Canada,2012,indie,False,America
3978,Manic Mice,USA,1988,indie,False,America
3979,ManuEcheveste,Russia,1982,indie,False,Europe
3980,Manual,USA,2013,indie,False,America
3981,Manuel Pazos,UK,2003,indie,False,Europe
3982,Manufacture 43,Canada,2002,indie,False,America
3983,Maple Whispering Limited,USA,2010,mid,False,America
3984,Marafigo Games,USA,2022,indie,False,America
3985,Marangon Productions,USA,2005,indie,False,America
3986,Marc Kletz,Japan,1984,indie,False,Asia
3987,Marcel Kuebler Software,France,1979,indie,False,Europe
3988,Marcelo Aparecido de Almeida Junior,USA,1999,indie,False,America
3989,March Entertainment,USA,2007,indie,False,America
3990,Marcial Gutierrez,France,1975,indie,False,Europe
3991,MarcialART,France,1997,indie,False,Europe
3992,Marcin Kubala,UK,2022,indie,False,Europe
3993,Marco Braun,Poland,1977,indie,False,Europe
3994,Marco Hirschfeld,Germany,1997,mid,False,Europe
3995,Marcus Andersson,France,2010,indie,False,Europe
3996,Marginal act,Sweden,1993,mid,False,Europe
3997,Marimori,USA,1980,indie,False,America
3998,Marius Axe,Russia,2006,indie,False,Europe
3999,Mariusz Gajewski,UK,1996,indie,False,Europe
4000,Marjupi Games,Japan,2018,indie,False,Asia
4001,Mark Green,Japan,2004,indie,True,Asia
4002,Mark Radocy,Russia,2014,indie,True,Europe
4003,Mark Schramm,Australia,2004,indie,False,Oceania
4004,Markt+Technik,France,1998,indie,False,Europe
4005,Markt+Technik Verlag,UK,1996,indie,False,Europe
4006,Markt+Technik Verlag GmbH,Australia,1989,mid,False,Oceania
4007,Markus Korda,USA,1977,indie,False,America
4008,Marmalade Game Studio Ltd,Russia,1991,indie,True,Europe
4009,Marquis Kurt,Japan,2000,indie,False,Asia
4010,Mars Bacon LLC,Poland,2012,indie,False,Europe
4011,Mars On Fire,USA,2022,indie,True,America
4012,Marsch pannkaka!,Poland,2020,indie,False,Europe
4013,Marsh533,Australia,1995,indie,False,Oceania
4014,Martin Chrzan,France,1988,indie,True,Europe
4015,Martin Pichler,Poland,1985,indie,False,Europe
4016,Martin Simeth,Sweden,2007,indie,False,Europe
4017,Martyr Games Studio,Japan,2017,indie,False,Asia
4018,Maru Project Develop Team,USA,2021,indie,False,America
4019,Maru VR Productions,Sweden,2012,indie,False,Europe
4020,Marudice,UK,2004,mid,False,Europe
4021,Marvellous Soft,UK,1994,indie,False,Europe
4022,Marvelous,USA,1991,mid,False,America
4023,Marvelous Europe,UK,2010,indie,False,Europe
4024,"Marvelous USA, Inc.",UK,1982,aaa,False,Europe
4025,Mason Butterwick,UK,2005,indie,False,Europe
4026,MassDigi,Germany,1979,mid,False,Europe
4027,"Massive Damage, Inc.",USA,2012,indie,False,America
4028,Master Plan Multimedia,USA,2006,indie,False,America
4029,Mastertronic,France,2009,indie,False,Europe
4030,Mastery VR,Sweden,1985,indie,False,Europe
4031,Mastfire Studios Pty Ltd,Australia,2012,indie,False,Oceania
4032,Mastiff,Sweden,1976,indie,False,Europe
4033,Mastodonte,USA,2021,indie,False,America
4034,Maston,Canada,2010,indie,False,America
4035,Mat'ndCo,Sweden,1987,indie,False,Europe
4036,Materik AB,USA,2020,indie,False,America
4037,Mates in Space,USA,2001,indie,False,America
4038,"Math Nerd Productions, LLC",Germany,1998,indie,False,Europe
4039,Mathias Kapelrud,Australia,1976,indie,False,Oceania
4040,Maticolotto,USA,2014,indie,False,America
4041,Matrix Soup,USA,2020,indie,False,America
4042,Matrixcore Studio,USA,2022,indie,False,America
4043,Matt Games,USA,2022,indie,False,America
4044,Matt Lloyd,USA,2003,mid,False,America
4045,Matt McGreevy,USA,1990,indie,False,America
4046,Matteo D'Alessandro,Australia,1978,indie,False,Oceania
4047,Matthew Crickmore,UK,1977,indie,False,Europe
4048,Matthew Davis,Australia,2006,indie,False,Oceania
4049,Matthew Finitz,UK,2022,indie,False,Europe
4050,Maulidan Games,Canada,2007,indie,False,America
4051,Maverick,UK,1994,indie,False,Europe
4052,Max Pedro,Sweden,2022,mid,False,Europe
4053,Max Valentino Calderon Reyes,Australia,2020,indie,False,Oceania
4054,Maxeymus Games,Poland,2013,indie,False,Europe
4055,Maximum Entertainment,Poland,1982,mid,False,Europe
4056,Maximum Games,France,2013,mid,False,Europe
4057,Maxwell Play,USA,2001,indie,False,America
4058,Maya Bloem,Poland,1995,indie,False,Europe
4059,Maybe Later Games,Japan,1998,indie,False,Asia
4060,Mayham Games,Poland,2010,indie,False,Europe
4061,Mayhem Games USA,Australia,2021,indie,False,Oceania
4062,MayoNinja Games,France,1979,indie,False,Europe
4063,Mayouma Studio,Poland,1995,indie,False,Europe
4064,Mazemind,Germany,2019,indie,False,Europe
4065,Me Games,France,2012,indie,False,Europe
4066,Mean Mink,Japan,2006,indie,False,Asia
4067,Meaty Ore Games,Germany,1987,mid,False,Europe
4068,MecHead Games,USA,2015,indie,False,America
4069,Mechabit Ltd,USA,1989,indie,False,America
4070,Mechanical Brain,USA,1985,indie,False,America
4071,Mechanical Monocle,Australia,1978,indie,True,Oceania
4072,MediaCube Games,USA,1981,indie,False,America
4073,"Mediascape Co., Ltd.",UK,2006,mid,False,Europe
4074,"Mediascape Co.,Ltd.",USA,1975,indie,False,America
4075,MedievalNexus,Australia,2003,indie,False,Oceania
4076,Mediocre Game Devel,Canada,2019,indie,False,America
4077,MedusasGame,Japan,1988,indie,False,Asia
4078,Megalith Interactive Studios,UK,2001,indie,False,Europe
4079,Megaslow Studio,Russia,1986,indie,False,Europe
4080,Megastorm Games,Japan,2011,indie,False,Asia
4081,Megu Studio,Sweden,2019,mid,False,Europe
4082,Melancholic Nights Studio,Japan,2015,indie,False,Asia
4083,Melbot,Sweden,2001,indie,False,Europe
4084,Mellow Armadillo,USA,1985,indie,False,America
4085,MellowStudios,Japan,1984,indie,False,Asia
4086,Melonhead Games Pty Ltd,UK,1979,indie,False,Europe
4087,Memento,Australia,1989,indie,False,Oceania
4088,Meng Games,UK,1994,mid,False,Europe
4089,Mens Sana Interactive,USA,2005,indie,False,America
4090,Mentalytics AB,UK,1993,indie,False,Europe
4091,Meny Menczel,Japan,2007,indie,False,Asia
4092,Meow Meow Games,France,2018,indie,False,Europe
4093,Meowgical Games,France,2000,indie,False,Europe
4094,Merge Games,USA,2020,mid,False,America
4095,Merlin Beer,UK,2017,indie,False,Europe
4096,Merlion Games,UK,1979,indie,False,Europe
4097,Mesmerise Global,USA,2014,indie,False,America
4098,Mesmerizers,Japan,1980,indie,False,Asia
4099,MetaTechCreations,USA,2018,indie,False,America
4100,Metal Fox,Poland,2002,mid,False,Europe
4101,Metal Kokoro Games,Japan,1995,indie,False,Asia
4102,Metaroot,USA,1989,indie,False,America
4103,Metaverse Bilgi Teknolojileri A.Ş.,USA,1985,indie,False,America
4104,Meteo Games Inc.,France,2019,indie,False,Europe
4105,MeteorWing,Australia,1992,indie,False,Oceania
4106,Metronomaton,USA,1985,indie,False,America
4107,MetroplexWeb.com,Japan,2002,indie,False,Asia
4108,Mevem Game,Japan,2017,indie,True,Asia
4109,Mewzur,Germany,1979,indie,False,Europe
4110,MhrGames,Australia,1977,indie,False,Oceania
4111,MiCake,Japan,1986,indie,False,Asia
4112,Mial,UK,2003,indie,False,Europe
4113,Miami Game Design Club,Russia,2016,indie,False,Europe
4114,Michael Behrens,USA,1996,indie,False,America
4115,Michael Brough,USA,1982,indie,False,America
4116,Michael Callaghan,USA,1975,indie,False,America
4117,Michael Crabbs,UK,1998,indie,False,Europe
4118,Michael Crowther,USA,1985,indie,False,America
4119,Michael Gentry,UK,2010,indie,False,Europe
4120,Michael Hall,Japan,1992,indie,False,Asia
4121,Michael Josephs,USA,1987,indie,False,America
4122,Michael Pelletier,Canada,2012,indie,False,America
4123,Michael Richard Lannon,Australia,2009,indie,False,Oceania
4124,MichaelArts,France,1995,indie,False,Europe
4125,Michal Barszczewski,Germany,2000,indie,False,Europe
4126,Micheal Act Limited,Japan,1977,indie,False,Asia
4127,MicroBot Games,USA,2017,indie,False,America
4128,MicroProse Software,UK,2005,mid,False,Europe
4129,Microids,Australia,2003,aaa,False,Oceania
4130,Microlith Games,UK,2012,indie,False,Europe
4131,Micropsia Games SpA,Sweden,1991,indie,False,Europe
4132,Microtaur,USA,1986,indie,False,America
4133,Microwave Studios,USA,1991,indie,False,America
4134,Midnart,UK,2016,indie,True,Europe
4135,Midnight City,USA,2006,indie,False,America
4136,Midnight Fantasy,USA,1987,indie,False,America
4137,Midnight Games,UK,1980,mid,False,Europe
4138,Midwest Games,Canada,1979,indie,False,America
4139,Mifavanila,Sweden,2002,indie,False,Europe
4140,Mifux Studio,USA,1984,indie,False,America
4141,Miga Games,Canada,1991,indie,False,America
4142,Mighty Rocket Studio,Russia,1977,indie,False,Europe
4143,Mihai Morosanu,Japan,1975,mid,False,Asia
4144,Mihiraghi,Germany,1981,indie,False,Europe
4145,Mike Krow,Canada,1979,indie,False,America
4146,Mike Ten,Germany,1977,indie,False,Europe
4147,MikeTheTech,Germany,2017,mid,False,Europe
4148,Mikey D,Japan,1994,mid,False,Asia
4149,Mikki-Boi,Russia,2016,indie,False,Europe
4150,Milestone S.r.l.,Canada,1982,mid,False,America
4151,Milkbag Games,Sweden,2007,indie,False,Europe
4152,Milkcraft Studio,Russia,2013,indie,False,Europe
4153,MilknoDev Games,Canada,2008,indie,False,America
4154,Milkroom Studios GmbH,UK,2009,indie,False,Europe
4155,Milkstone Studios,France,1975,indie,False,Europe
4156,Millenium Games,France,2007,indie,True,Europe
4157,Milo Brandt,USA,1976,indie,False,America
4158,Milo Games,USA,1976,indie,False,America
4159,Milo's Studio,USA,2022,indie,False,America
4160,Milpitians,Canada,1978,indie,False,America
4161,"Miltonius Arts, LLC",Australia,2020,indie,False,Oceania
4162,MinMax Games Ltd.,Australia,2008,indie,False,Oceania
4163,Minami chan,France,2012,indie,False,Europe
4164,Mind Body Aware Games LLC,France,1981,indie,False,Europe
4165,Mind Marvels,Australia,1981,indie,False,Oceania
4166,"MindBlocks Studio, LLC",UK,1994,indie,False,Europe
4167,Mindful Mammoth,Sweden,2015,indie,False,Europe
4168,MindfulKnight Creations,Sweden,1993,indie,False,Europe
4169,MindlessMatrix,Australia,2002,indie,False,Oceania
4170,Mindmuscle Games,USA,1982,indie,False,America
4171,Mindoki Games,Canada,2021,indie,False,America
4172,Mindscape,Germany,1987,mid,False,Europe
4173,Mindware,USA,2004,indie,False,America
4174,Ming Chen,USA,2007,indie,False,America
4175,MingCang Studio,Russia,1991,indie,False,Europe
4176,MiniGang,Canada,1995,indie,False,America
4177,Minicactus Games,Poland,1999,mid,True,Europe
4178,Minimallab,Germany,1975,indie,False,Europe
4179,Minimol Games,USA,1991,mid,False,America
4180,Mino Games,UK,2018,indie,False,Europe
4181,Minor Faction,Canada,1982,indie,False,America
4182,Minor Key Games,UK,2006,indie,False,Europe
4183,Minsan Pte Ltd,Sweden,2015,indie,False,Europe
4184,Minstrel Studio,USA,2011,indie,False,America
4185,Mint,Poland,1994,indie,False,Europe
4186,Mint PS,Japan,2018,indie,False,Asia
4187,Minus Landscape,USA,1981,indie,False,America
4188,Minus2,UK,2008,indie,False,Europe
4189,Mio Games,Sweden,2020,indie,False,Europe
4190,Mipmap,Sweden,1987,indie,False,Europe
4191,Miria Studios,USA,1983,indie,False,America
4192,Miro Yang,USA,1984,indie,False,America
4193,Mischievous Bandit Games,Sweden,2010,indie,False,Europe
4194,Misfits Attic,UK,1981,indie,False,Europe
4195,Missed Approach Interactive,UK,1988,indie,False,Europe
4196,Missing Calm,Germany,1998,indie,False,Europe
4197,Missing Middle Games,UK,2000,indie,False,Europe
4198,Mitch,Russia,2019,indie,False,Europe
4199,Mitchell Hepburn,Japan,2011,indie,False,Asia
4200,Mithra Interactive,Sweden,1977,indie,False,Europe
4201,Mitorah Games,UK,2015,indie,False,Europe
4202,Mizael Montenegro de Melo Barros,USA,1984,indie,False,America
4203,Mizrab,Japan,2008,indie,False,Asia
4204,Mk-II,Germany,2007,mid,False,Europe
4205,Mlyst,USA,2002,indie,False,America
4206,MoMong,UK,2014,indie,False,Europe
4207,Mob Entertainment,UK,2013,indie,False,Europe
4208,Moback,USA,2004,indie,False,America
4209,Mobiga Entertainment,USA,1990,indie,False,America
4210,MobileBits,USA,1986,indie,False,America
4211,Mobirate,USA,1991,indie,False,America
4212,MobiusCode,USA,2022,indie,False,America
4213,Mobizen,Russia,1997,indie,False,Europe
4214,Mocove Studio,France,2005,indie,False,Europe
4215,ModMaximuss,Poland,1977,indie,False,Europe
4216,Moda Code Games,Australia,1983,indie,False,Oceania
4217,Mode 7,USA,2004,indie,False,America
4218,Modern Wolf,Canada,1976,indie,False,America
4219,Modularity,Germany,1998,indie,False,Europe
4220,Modus Games,USA,2022,indie,False,America
4221,MoeNovel,Russia,1993,mid,False,Europe
4222,Moey,USA,1998,indie,False,America
4223,Mojang,USA,2016,indie,False,America
4224,MojoTouch,USA,1979,indie,True,America
4225,Molly Games,USA,1990,indie,False,America
4226,Molton Studio,USA,2008,indie,False,America
4227,Momentum Games,France,2002,mid,False,Europe
4228,Monabi Games,Poland,2015,indie,True,Europe
4229,Monad Rock,Japan,2015,indie,False,Asia
4230,"Monarchy Media, LLC",Russia,2005,indie,False,Europe
4231,Monavista pub,France,1978,indie,False,Europe
4232,Monocle Media,USA,2017,indie,False,America
4233,Monster Bath Games Inc.,USA,2010,indie,False,America
4234,Monster Couch,USA,2022,mid,False,America
4235,"Monster Games, Inc.",Germany,2000,indie,True,Europe
4236,MonsterAttack,USA,2009,indie,False,America
4237,MonsterGaze,Canada,2014,indie,False,America
4238,"Monstermob USA, INC",France,1987,indie,False,Europe
4239,Monstrum,Russia,1993,indie,False,Europe
4240,MonteCube,UK,2012,indie,False,Europe
4241,Moolion,France,1983,indie,False,Europe
4242,Moon Ice Games,UK,2006,indie,False,Europe
4243,Moon Soul Games,Russia,2004,indie,False,Europe
4244,MoonShine Games,UK,2018,mid,False,Europe
4245,MoonSongGames,USA,1981,indie,False,America
4246,Mooneye Studios,Germany,1997,indie,False,Europe
4247,Moonfire Entertainment,USA,1993,indie,False,America
4248,MoonlightGames,Japan,1977,indie,False,Asia
4249,Moonman Games,UK,2008,indie,False,Europe
4250,Moonmana,Poland,2020,mid,False,Europe
4251,Moonroof Studios,Japan,2007,indie,False,Asia
4252,Moosopolis Games,USA,1976,indie,False,America
4253,Mopp4Studios,Russia,1993,indie,False,Europe
4254,Morally Gray Net,Sweden,2015,indie,False,Europe
4255,MoreNEWttoStudio,Germany,2010,indie,False,Europe
4256,Moreflight Studios,France,2013,indie,False,Europe
4257,Morf Games,Russia,1978,indie,False,Europe
4258,MorfeoDev,Germany,2021,indie,False,Europe
4259,Morgan Vitale,Canada,1986,indie,False,America
4260,Moritz Nachtigall,USA,2016,indie,False,America
4261,Morning Herb Studios,USA,1995,indie,False,America
4262,Morningstar Studios,USA,2001,indie,False,America
4263,MortShadow,Canada,2005,indie,False,America
4264,Mosaique Games,USA,2022,indie,False,America
4265,Mostly Harmless Games,France,2008,indie,False,Europe
4266,Moth Fried Games,USA,2011,indie,False,America
4267,Mothware,Japan,2020,indie,False,Asia
4268,Motion Twin,Sweden,1989,indie,False,Europe
4269,Motionline tm,UK,2020,indie,False,Europe
4270,Mounaim,France,2012,indie,False,Europe
4271,MountWeazel,Australia,1982,indie,False,Oceania
4272,Mountainwheel Games,UK,2003,indie,False,Europe
4273,Mouse Hat Games,Australia,1996,indie,False,Oceania
4274,Movarice Entertainment Inc.,USA,2014,indie,False,America
4275,Movavi Software,USA,2006,mid,False,America
4276,Movie Games S.A.,USA,2018,mid,False,America
4277,MovingMonk,Sweden,2012,indie,False,Europe
4278,Mr Crops,Poland,1993,indie,False,Europe
4279,Mr Tomatus,Germany,2014,indie,False,Europe
4280,Mr.CreepGames,Canada,2011,indie,False,America
4281,MrSuicideSheep,Japan,2015,indie,False,Asia
4282,Mredziński,Poland,1983,indie,True,Europe
4283,Muggo Entertainment,Germany,2016,indie,False,Europe
4284,Multi_ChoiceGames,Russia,1981,indie,False,Europe
4285,Multiball Studios,USA,2001,indie,False,America
4286,Multiblender Games,Germany,2000,indie,False,Europe
4287,Multiverse Games,USA,2006,indie,False,America
4288,MumboJumbo,UK,1991,indie,False,Europe
4289,Murky Water Studios,Russia,1977,indie,False,Europe
4290,Musa GUNGOR,UK,1981,indie,False,Europe
4291,Musa Odabasi,Russia,1975,indie,False,Europe
4292,Musclebird,USA,2020,indie,False,America
4293,Mushreb Games,Australia,2007,indie,False,Oceania
4294,Music Games For All,Sweden,1992,indie,False,Europe
4295,Musik Games,USA,2018,indie,False,America
4296,Must Be Happy,USA,2021,indie,False,America
4297,Mustache Games,Australia,2002,indie,False,Oceania
4298,Mustafa Caner Tonbul,France,2014,indie,False,Europe
4299,Mustafa YILMAZER,Japan,1977,indie,False,Asia
4300,Mutts Presents,UK,2004,indie,False,Europe
4301,Muzaku,Japan,2022,indie,False,Asia
4302,My Way Games,USA,1988,aaa,False,America
4303,My pixel is alive!,USA,1990,indie,False,America
4304,MyACG Studio,Australia,2004,mid,False,Oceania
4305,MyDearest Inc.,Japan,2005,indie,False,Asia
4306,MyGames,USA,2021,indie,False,America
4307,Myarcadegames Studios,USA,1996,indie,False,America
4308,Myewphi,Japan,1978,indie,False,Asia
4309,Mykel Flynn,USA,1994,indie,False,America
4310,Mykhail Konokh,Germany,2013,indie,False,Europe
4311,Mykytas Anton,USA,2005,indie,False,America
4312,Myna Games Ltd.,Sweden,2015,indie,False,Europe
4313,Myre36,Japan,2001,indie,False,Asia
4314,Myriad,France,2011,mid,False,Europe
4315,Myroid-Type Comics,Japan,1991,indie,False,Asia
4316,Myron Games,UK,2020,indie,False,Europe
4317,Myrrh creative,France,2006,indie,False,Europe
4318,Myshkin Entertainment,USA,1984,indie,False,America
4319,Mystery Studios,Sweden,2022,indie,False,Europe
4320,MysteryCorgi,USA,1985,indie,False,America
4321,Mystic Brew Games,USA,1999,indie,False,America
4322,Mystic Mill Games,France,1990,indie,False,Europe
4323,Mystiqular,Canada,1988,indie,False,America
4324,Mythical City Games,Russia,1999,indie,False,Europe
4325,Mácula Interactive,Poland,2011,indie,False,Europe
4326,MòGames,USA,1998,indie,False,America
4327,Māris Ozols,Japan,2022,indie,False,Asia
4328,N-Body Solutions,Japan,1995,indie,False,Asia
4329,,Japan,2010,mid,False,Asia
4330,N4bA,Russia,2017,mid,False,Europe
4331,NAISU,Germany,1989,mid,False,Europe
4332,NAKATOMI,USA,2004,indie,False,America
4333,NAPE GAMES,USA,2021,mid,False,America
4334,NBOXGAMES.INC,Canada,1979,indie,False,America
4335,NDOgames,UK,1991,indie,False,Europe
4336,NEBOCRY,France,2013,indie,False,Europe
4337,NEGYMANS,UK,1990,indie,False,Europe
4338,NEOWIZ,Germany,1986,mid,False,Europe
4339,NERONTECH GAMES,Sweden,1996,indie,False,Europe
4340,NEXION X INC.,USA,1989,indie,False,America
4341,NEXON,Russia,2012,indie,False,Europe
4342,NEZOS GAMES,France,1996,indie,False,Europe
4343,NG Smith,Australia,1988,indie,False,Oceania
4344,NGE,USA,2000,indie,False,America
4345,NGELGAMES,USA,1982,indie,False,America
4346,NGS,USA,2018,indie,False,America
4347,NGUYỄN TRUNG ĐỨC,USA,2003,indie,False,America
4348,NGV Studio,Sweden,2020,indie,False,Europe
4349,NIHmpact,USA,1994,indie,False,America
4350,NIKSTE,Japan,1980,indie,False,Asia
4351,NINE VR,France,1987,indie,False,Europe
4352,"NIS America, Inc.",Canada,2005,aaa,False,America
4353,NJoyGo Inc.,Australia,2015,indie,False,Oceania
4354,NK CREATIV GAMES,UK,1985,indie,False,Europe
4355,NLB project,France,1985,indie,False,Europe
4356,NMSE & Co LLC,Germany,2012,mid,False,Europe
4357,NN Game Studio,UK,2004,indie,False,Europe
4358,NNゲーム工房,USA,1998,indie,False,America
4359,NO MORE HUMANS,Germany,2020,indie,False,Europe
4360,NON EXISTENT STUDIOS 2,Japan,1986,indie,False,Asia
4361,NONE,Sweden,1999,indie,False,Europe
4362,NORSKA,France,1981,indie,False,Europe
4363,NPC Entertainment,Canada,1986,indie,False,America
4364,NPCWARE,Australia,1975,indie,True,Oceania
4365,NQNStudios,USA,1990,indie,False,America
4366,NR Studio,Canada,1981,indie,False,America
4367,NS,USA,2007,mid,False,America
4368,NSC Creative,Japan,1991,indie,False,Asia
4369,NSFW18 Games,USA,1990,indie,False,America
4370,NT SOFT,Germany,2009,indie,False,Europe
4371,NTSOFT,UK,2005,indie,False,Europe
4372,Naali Entertainment,USA,2013,indie,False,America
4373,Nacks Soft,Germany,1986,mid,False,Europe
4374,Nacon,France,1979,aaa,False,Europe
4375,Nadia JuM GameN,UK,2001,indie,False,Europe
4376,Nadia Soft Inc.,Japan,2017,indie,False,Asia
4377,NaipSoft,UK,2010,aaa,False,Europe
4378,Naivus Luo,USA,2019,indie,False,America
4379,Naked High,Sweden,2019,indie,False,Europe
4380,Naku Kinoko,Germany,2017,indie,True,Europe
4381,Nami Tentou,Australia,2002,indie,False,Oceania
4382,Namion Games,Russia,1984,indie,False,Europe
4383,Nanali Studios,Germany,2020,indie,False,Europe
4384,"Nanchang Pubugui Online Game Co., Ltd",Sweden,1990,indie,False,Europe
4385,NanningsGames,USA,2003,mid,False,America
4386,NanoSable,Japan,1998,indie,False,Asia
4387,Naoka Studio,USA,2013,indie,False,America
4388,Naps Team,UK,1985,indie,False,Europe
4389,Naraka's Moksha,France,2022,indie,False,Europe
4390,Narik Gaming,UK,2018,indie,False,Europe
4391,Narko Games,USA,2018,mid,False,America
4392,NarrativeArea,Japan,1981,indie,False,Asia
4393,Nasty Cat,Sweden,1982,mid,False,Europe
4394,Nathan Bennett,Australia,2021,indie,False,Oceania
4395,Nathaniel Carter,Germany,1978,indie,False,Europe
4396,Naughty Clogs,Japan,2000,mid,False,Asia
4397,Naughty Narratives,Poland,1997,indie,False,Europe
4398,Nauris Amatnieks,Russia,1996,mid,False,Europe
4399,Nazar Korinnyi,France,1995,indie,False,Europe
4400,NeWa Studios,USA,2010,indie,False,America
4401,NecroCatic Games,Germany,2018,indie,False,Europe
4402,Necroactive,Japan,2006,indie,False,Asia
4403,Necronomicon Games,USA,2006,indie,False,America
4404,Nectarian,Germany,2003,indie,False,Europe
4405,NedoStudio,Russia,2010,mid,False,Europe
4406,NeedUs Corp.,UK,1999,indie,False,Europe
4407,NegativeGenius LLC,USA,1996,indie,False,America
4408,Negu Games,USA,1994,indie,False,America
4409,Neither One Games,Japan,2022,indie,False,Asia
4410,Nejcraft,Australia,1987,indie,False,Oceania
4411,Neki4 Electronics,Germany,1984,indie,False,Europe
4412,NekkoNikko,Poland,2019,indie,False,Europe
4413,NekoNyan Ltd.,Sweden,2007,mid,False,Europe
4414,NekoSithSoft,Sweden,1997,indie,True,Europe
4415,Nekolyst,USA,1993,indie,False,America
4416,Nekomura Games,Sweden,2006,indie,False,Europe
4417,Nekonotomo,Australia,1978,indie,False,Oceania
4418,Nell,USA,2013,indie,False,America
4419,Nemeton Singularity Simulations,UK,2015,indie,True,Europe
4420,Nemuristar,Japan,2001,indie,True,Asia
4421,NeocoreGames,Japan,2016,indie,False,Asia
4422,Neoh Games Studios,USA,1979,indie,False,America
4423,Neojac Entertainment Inc.,Australia,2006,indie,False,Oceania
4424,Neokosmos Technologies,Australia,2001,indie,False,Oceania
4425,Neolithic Games,Germany,2022,indie,False,Europe
4426,Neon Arkade Games,Germany,2013,indie,False,Europe
4427,Neon Doctrine,Japan,1994,mid,False,Asia
4428,Neon Wizard Games,Canada,1999,indie,False,America
4429,"Neonovice Co., Ltd.",USA,2003,indie,False,America
4430,NerdRage Studios,Germany,2008,indie,False,Europe
4431,NeroGameDev,USA,2022,indie,False,America
4432,Nerogetz,Canada,2016,indie,False,America
4433,Nessie Games,Japan,1990,indie,False,Asia
4434,NetEase Games,France,2009,mid,False,Europe
4435,NetGames,USA,2021,indie,False,America
4436,Netcode Studios Inc,UK,2002,indie,False,Europe
4437,Netcore Games,Germany,1986,indie,False,Europe
4438,Netnip Ltd.,USA,2005,indie,False,America
4439,Netvios,USA,2015,indie,False,America
4440,Neumont College of Computer Science,USA,2007,indie,False,America
4441,NeuroMatrix,Japan,1998,indie,False,Asia
4442,Neuron Flare Works,Poland,2014,indie,False,Europe
4443,Neuroticfly Games,Germany,2011,indie,False,Europe
4444,Neurowocky,Japan,1998,indie,False,Asia
4445,Never Software,Sweden,2009,indie,False,Europe
4446,Neverknow247,USA,2021,indie,False,America
4447,Neves,Germany,2015,indie,False,Europe
4448,New Angle Digital,Sweden,1995,indie,False,Europe
4449,New Beings,UK,1997,indie,False,Europe
4450,New Physics,Japan,1999,indie,False,Asia
4451,New Reality Games,UK,1977,mid,False,Europe
4452,New World Horizon LLC,Germany,2011,indie,False,Europe
4453,NewSmile Games,UK,1986,indie,False,Europe
4454,NewWestGames,USA,2017,indie,False,America
4455,NewWorldCoders,Japan,1983,indie,False,Asia
4456,Newgrange Games,USA,1978,indie,False,America
4457,Newshield Entertainment,Russia,1996,indie,False,Europe
4458,Newsight games,UK,1987,indie,False,Europe
4459,Nex,UK,2005,indie,False,Europe
4460,Nexile,Sweden,2012,indie,False,Europe
4461,Next Game,USA,2000,indie,False,America
4462,Next Game Level,USA,1986,indie,False,America
4463,Next Step Studios,USA,2000,indie,False,America
4464,Next in Game,Germany,2010,indie,False,Europe
4465,NextDoorDev Games,France,2015,indie,False,Europe
4466,NextNinja,France,2010,mid,False,Europe
4467,Nextgen Reality Pty. Ltd.,Canada,2005,indie,False,America
4468,Ni Mahao,Japan,2002,indie,False,Asia
4469,NiFo,Germany,2005,indie,False,Europe
4470,Nicholas Ewalt,Germany,2007,indie,False,Europe
4471,Nicholas Pellegrino,Poland,1999,indie,False,Europe
4472,Nick Papageorgiou,Germany,2017,indie,False,Europe
4473,Nickolas Machado,Japan,1995,indie,False,Asia
4474,Nicolas Rousseau,Australia,1978,indie,False,Oceania
4475,Nicolas Zurek,USA,1998,indie,False,America
4476,Nicolás Rivero,Japan,1983,indie,False,Asia
4477,Nicu Stefan Cristian,USA,2014,indie,False,America
4478,Nidal alshawwaf,Canada,2022,indie,True,America
4479,Niferno Studio,USA,2003,indie,False,America
4480,NifftyGameWorks,Canada,2019,indie,False,America
4481,Night Stroll Studio,UK,1984,indie,False,Europe
4482,Nightdive Studios,USA,1993,aaa,False,America
4483,Nighthawk Interactive,USA,2014,indie,False,America
4484,NightmaresGames,USA,1997,indie,False,America
4485,Nightshade,USA,2004,indie,False,America
4486,Nightwatch Studios,USA,2010,indie,False,America
4487,Niket Patel,Australia,2003,indie,False,Oceania
4488,Nikita Lisitsa,Russia,1995,indie,False,Europe
4489,Nikita Morti,Canada,2012,indie,False,America
4490,Niko Salocin,Poland,2004,indie,False,Europe
4491,Nikoballz,Australia,2017,indie,False,Oceania
4492,Nikolay Karakelyan,USA,1996,indie,False,America
4493,Niku Games,Russia,2019,indie,False,Europe
4494,Niles Sankey,USA,1987,indie,False,America
4495,Nimbus Interactive,UK,2015,indie,False,Europe
4496,Nina Demirjian,Japan,1988,indie,False,Asia
4497,Nincent,Australia,1977,indie,False,Oceania
4498,Nine Studio,Russia,1976,indie,False,Europe
4499,NineD Digital,Russia,1977,indie,False,Europe
4500,Ninetales Studios,UK,1986,indie,False,Europe
4501,Ninja Kiwi,USA,1981,indie,False,America
4502,Ninja Theory,Germany,2010,mid,False,Europe
4503,NinjaCat,USA,1986,indie,False,America
4504,Ninjachang,Australia,1996,indie,False,Oceania
4505,NioStudio,Germany,2010,indie,False,Europe
4506,NioTum,USA,2021,indie,False,America
4507,NipoBox Publishing,UK,1989,indie,False,Europe
4508,"Nippon Ichi Software, Inc.",Japan,1975,indie,False,Asia
4509,Nir Blu Prodcutions,Japan,1987,indie,False,Asia
4510,Niris Games,Poland,2008,indie,False,Europe
4511,Nitro Games,USA,2001,indie,False,America
4512,Nitrome,Canada,2007,indie,False,America
4513,Nival,Poland,2008,indie,False,Europe
4514,Nivnan,Japan,1985,indie,False,Asia
4515,Nkidu Games Inc.,UK,1996,indie,False,Europe
4516,No Ceiling Games,USA,2000,indie,False,America
4517,No Gravity Games,UK,1997,indie,False,Europe
4518,No One Studios,Japan,1990,indie,False,Asia
4519,No father corporation,Russia,1995,indie,False,Europe
4520,No one important,Poland,1995,indie,False,Europe
4521,"No, You Shut Up Inc.",Russia,2017,indie,False,Europe
4522,No.25,Japan,2017,mid,False,Asia
4523,NoFace工作室,Australia,1993,mid,True,Oceania
4524,NoNuclearWar,UK,2022,indie,False,Europe
4525,NoaSFW,France,2007,indie,False,Europe
4526,Noble Fox Games,USA,2009,indie,False,America
4527,Nochi Studios,Russia,2008,indie,False,Europe
4528,Nocteon Games,USA,2006,indie,False,America
4529,Noforgetit,Russia,2005,indie,False,Europe
4530,NoiseKitty,USA,1976,indie,False,America
4531,Noiseminded,Australia,1976,indie,False,Oceania
4532,Nokta Games,USA,1978,indie,False,America
4533,Nokwite Games,Canada,1994,indie,False,America
4534,Noland Studios,USA,1999,indie,True,America
4535,Nonage,Canada,2002,indie,False,America
4536,,Poland,1980,mid,False,Europe
4537,Noobilator7,UK,1999,indie,False,Europe
4538,Noobuddies,USA,2016,indie,False,America
4539,Noobzilla,Canada,2003,indie,False,America
4540,Noodlecake,UK,1977,indie,True,Europe
4541,Noodletub Games,Poland,1996,indie,False,Europe
4542,Noon Games,USA,2016,indie,False,America
4543,NoraPerikaProject,USA,2015,mid,False,America
4544,Noraheart,UK,2011,indie,False,Europe
4545,Nordcurrent Labs,USA,2016,indie,False,America
4546,Normal Distribution LLC,France,1994,indie,False,Europe
4547,Norman Collonville,UK,2016,mid,False,Europe
4548,North of Earth,Canada,2016,indie,False,America
4549,Northfire Studios,Australia,2018,indie,False,Oceania
4550,Northway Games,France,1988,indie,False,Europe
4551,Nostatic Software,UK,2006,indie,False,Europe
4552,Not Awful Studio,USA,1998,indie,False,America
4553,Not The Best Games,Japan,2022,indie,False,Asia
4554,Not Yet,USA,2021,indie,False,America
4555,Not-So Classic Games,UK,1993,indie,False,Europe
4556,NotBotFox Games,France,1991,indie,False,Europe
4557,NotGameYet,France,2014,indie,False,Europe
4558,NotYet,Canada,2000,indie,False,America
4559,Nota Art,Canada,1977,indie,False,America
4560,Notex,Canada,1991,indie,False,America
4561,Nothing Rhymes With Entertainment,Germany,2020,indie,False,Europe
4562,Notovia,USA,2021,indie,False,America
4563,Notus Games Ltd,Russia,2022,mid,False,Europe
4564,Nova's Army,France,1995,indie,False,Europe
4565,NovaBearGames,USA,2011,indie,False,America
4566,NovaSoft Interactive Ltd.,Canada,1978,indie,False,America
4567,Novation Games,Japan,2003,indie,False,Asia
4568,Novelingo Art,Japan,1975,indie,False,Asia
4569,Novity,Japan,1982,indie,False,Asia
4570,Novixx Systems,Australia,2009,indie,False,Oceania
4571,NowakGames,USA,1976,indie,False,America
4572,Nowhere Town,France,1993,indie,False,Europe
4573,NoxWorld,USA,1986,indie,False,America
4574,Noxurtica,UK,1981,mid,False,Europe
4575,Nozori Games,UK,2001,indie,False,Europe
4576,NuChallenger,USA,2003,indie,False,America
4577,Nuclear Mages,USA,1997,indie,False,America
4578,Nuclear Raven Games,USA,2003,indie,False,America
4579,Nugroho Industries,Japan,2000,indie,False,Asia
4580,NukGames,Poland,2012,mid,False,Europe
4581,Nukearts Studio,Japan,2022,mid,False,Asia
4582,Nuked Cockroach,Australia,2006,indie,False,Oceania
4583,Nukepop Games,USA,1978,indie,False,America
4584,Null Activity,France,2014,indie,False,Europe
4585,Null Reference LTD,USA,1989,indie,False,America
4586,Null Reference Studio,USA,1996,indie,False,America
4587,Nullray Gaming,USA,2002,indie,True,America
4588,Nullsson,USA,1999,indie,False,America
4589,Numizmatic,Poland,1991,indie,False,Europe
4590,Numskull Games,Russia,2003,indie,False,Europe
4591,Nuntius Games,UK,1977,indie,False,Europe
4592,Nutaku Publishing,USA,1981,mid,False,America
4593,Nuts and Volts Electronics,Japan,1993,indie,False,Asia
4594,NuttyCat Games,Canada,2007,indie,False,America
4595,NvrSkipGameDay,USA,2001,indie,False,America
4596,Nyahhoiya,USA,1998,indie,False,America
4597,Nyanco Project,France,2011,indie,False,Europe
4598,NyankoFeti,USA,1989,indie,False,America
4599,Nyankofeti,Poland,2010,mid,True,Europe
4600,Nyberius,Germany,2006,indie,False,Europe
4601,Nysko Games Ltd.,USA,2013,indie,False,America
4602,OAKgames,Germany,1987,indie,False,Europe
4603,OBOYUDORI,Germany,1995,indie,False,Europe
4604,ODD Games,UK,1986,indie,False,Europe
4605,ODav,Canada,1975,indie,False,America
4606,OF Studio,Japan,2017,indie,False,Asia
4607,OFF1C1AL,UK,1991,indie,False,Europe
4608,OKCITY,Sweden,1975,indie,False,Europe
4609,OKSoft,Japan,1982,indie,False,Asia
4610,OMAGX Studios,USA,1984,indie,False,America
4611,OMNIDREAM CREATIONS,UK,1980,indie,False,Europe
4612,"OMOCAT, LLC",USA,2002,indie,False,America
4613,ONEUNIVERSE Co. Ltd.,Poland,1988,indie,False,Europe
4614,OPG EUPHORE,Sweden,2019,indie,False,Europe
4615,OPT Studio,USA,1975,indie,False,America
4616,ORANGE POPCORN,UK,1983,indie,False,Europe
4617,ORBMIT Productions,France,1984,indie,False,Europe
4618,ORENDA Inc.,UK,1998,indie,False,Europe
4619,ORICO interactive,Germany,2015,indie,False,Europe
4620,OSAMA ZAMO,Sweden,2016,indie,False,Europe
4621,OTAKU Plan,Sweden,2019,aaa,True,Europe
4622,OWO Games,USA,1979,indie,False,America
4623,OXY GameLab,USA,1994,indie,True,America
4624,OZNA STUDIO,France,2017,mid,False,Europe
4625,Oak Lane Media,Japan,1981,indie,False,Asia
4626,Oakley Blade Games,USA,2001,indie,False,America
4627,Oba Games,Japan,1990,indie,False,Asia
4628,Objectif 3D,UK,2003,mid,False,Europe
4629,Objective Reality Inc.,Canada,2003,indie,False,America
4630,Oblivionburn Productions,Sweden,1996,indie,False,Europe
4631,Obsessive Science Games,Russia,1982,indie,False,Europe
4632,Obvlong Games,Poland,1999,indie,False,Europe
4633,Occult Lily,Japan,2020,indie,False,Asia
4634,"Ocean Drive Studio, Inc.",USA,2018,indie,False,America
4635,Oceandeep Network,Germany,1992,indie,False,Europe
4636,Octavi Navarro,USA,1979,indie,False,America
4637,Octillion Entertainment,Japan,2015,indie,False,Asia
4638,Octo Games,USA,2021,mid,False,America
4639,October Games,UK,2007,indie,False,Europe
4640,Octopie Lab,Poland,1975,indie,False,Europe
4641,Octopirate Games,UK,2000,indie,False,Europe
4642,Octorian Studios,Sweden,2016,indie,False,Europe
4643,Oculus Digital,Russia,1977,indie,False,Europe
4644,Odd Games,UK,2020,indie,False,Europe
4645,Oddity,USA,1981,indie,False,America
4646,Oddscure,Germany,1996,indie,False,Europe
4647,Oddshot Games,USA,1988,indie,False,America
4648,Odencat,Germany,1987,indie,False,Europe
4649,Odime Games,France,2017,indie,False,Europe
4650,Odin Strabo Jensen,Canada,2007,indie,True,America
4651,Oedipe Games,UK,1992,indie,False,Europe
4652,Offbeat,USA,1990,indie,False,America
4653,Offce大原,Germany,1982,indie,False,Europe
4654,Office Ohara,USA,2008,indie,False,America
4655,"Officeu Co., Ltd.",Canada,2014,indie,False,America
4656,Official LAMBs,UK,1987,indie,False,Europe
4657,Offworld Industries,UK,2017,indie,False,Europe
4658,Oficina de Games,Germany,2009,indie,False,Europe
4659,OgmaGames,UK,1990,indie,False,Europe
4660,Ogre Head Studio,USA,1995,indie,False,America
4661,Ogre Pixel,USA,2018,indie,False,America
4662,Oh Crap Studios,Japan,2007,indie,False,Asia
4663,Ohayo Software,USA,2020,indie,False,America
4664,OikariBuncho,USA,2000,indie,True,America
4665,OkawariHakumai,USA,2016,indie,False,America
4666,Okron Studio,USA,2006,indie,False,America
4667,Old Eagle,France,1984,indie,False,Europe
4668,Old Man Watson,Australia,1981,indie,False,Oceania
4669,Old Skool Games,Germany,2019,indie,False,Europe
4670,Oleh Baziv,Australia,2002,mid,False,Oceania
4671,Oleksandr Savostianov,USA,1990,indie,False,America
4672,Olly Whillans,Australia,1983,indie,False,Oceania
4673,Omega Company Limited,Germany,1977,indie,False,Europe
4674,Omega Gaming LLC,Poland,2014,indie,False,Europe
4675,Ominous Entertainment,Japan,2016,mid,True,Asia
4676,Omnia Studios,USA,2014,indie,False,America
4677,Omnichron Studios,USA,2011,indie,False,America
4678,Omnimind,Japan,1997,indie,False,Asia
4679,Omnirift,Australia,2008,indie,False,Oceania
4680,On The Wall Entertainment,Sweden,1978,indie,False,Europe
4681,Once A Bird,USA,2010,indie,False,America
4682,One Dave Software,UK,2018,indie,False,Europe
4683,One Eyed Robot,USA,1977,indie,False,America
4684,One Man Games,USA,1987,indie,False,America
4685,One Man Left Studios,Canada,2004,indie,False,America
4686,One More Time,USA,1987,indie,False,America
4687,One Secret Pseudo,USA,1975,indie,False,America
4688,One Team.,Australia,1976,indie,False,Oceania
4689,One Wheel Studio,UK,2022,indie,False,Europe
4690,OneBigGame,USA,1977,indie,False,America
4691,OneBlock,France,2016,indie,False,Europe
4692,OneTale Gamez,Japan,2007,indie,False,Asia
4693,OneTapGolfVR,Sweden,2003,indie,False,Europe
4694,OneTechAsia,Canada,2008,indie,False,America
4695,Ontake Workshop,USA,1985,indie,False,America
4696,Onu Games,Germany,1996,indie,False,Europe
4697,Onur Doğan,USA,1988,indie,False,America
4698,Oohoo Studio,Germany,2017,indie,False,Europe
4699,Opala Project,Australia,1995,mid,False,Oceania
4700,Open Alpha,USA,2012,mid,False,America
4701,Opendream,Canada,2010,indie,False,America
4702,Operaludica,Poland,1993,indie,False,Europe
4703,Oppai Games,Sweden,1993,mid,False,Europe
4704,Oppressive Games,USA,2009,indie,False,America
4705,OranCG,UK,2013,indie,False,Europe
4706,Orange View Limited,Germany,1978,indie,False,Europe
4707,OrangeCat,France,2011,indie,False,Europe
4708,Orata Studio,Australia,2002,indie,False,Oceania
4709,Orbi Universo Team,UK,2013,indie,False,Europe
4710,Orbit Games Inc.,USA,1997,indie,False,America
4711,Orbjeff LLC,France,1998,indie,False,Europe
4712,Orenji Games Entertainment,USA,1996,indie,False,America
4713,Orfeas Game Studio,Germany,1998,indie,True,Europe
4714,Organon Software,Sweden,2006,indie,False,Europe
4715,OriGaming Studio,Australia,2014,indie,False,Oceania
4716,Oribe Ware games,Canada,1982,indie,False,America
4717,Original Studios,USA,2015,indie,False,America
4718,Orion Asistan Hizmetleri A.S.,Russia,1998,indie,False,Europe
4719,Oroi Game Studios,Canada,1975,indie,False,America
4720,Orongto,USA,1982,indie,False,America
4721,Ortharion project,UK,2001,indie,False,Europe
4722,Orthogonal Games,USA,1982,indie,True,America
4723,OrtiGames/OrtiSoft,UK,1976,indie,False,Europe
4724,Oruji Productions,France,1987,indie,False,Europe
4725,Osaka Studios,Sweden,1995,indie,False,Europe
4726,Osarion,Poland,2002,indie,False,Europe
4727,Oscar Kenneth Albero Ingles,USA,1999,indie,False,America
4728,Oscar Trevino,Germany,1979,indie,False,Europe
4729,Osgoode Media,Russia,1983,indie,False,Europe
4730,Oskey Games,UK,1989,indie,False,Europe
4731,Ostsergey Games,UK,1993,indie,False,Europe
4732,Ota Mato,Germany,1984,indie,False,Europe
4733,OtakuMaker SARL,USA,2005,indie,False,America
4734,Other Ocean Group,Japan,2013,indie,False,Asia
4735,Otter Cat,USA,2004,indie,False,America
4736,OtterWays,USA,1996,indie,False,America
4737,Oung Oung,France,2015,indie,False,Europe
4738,OuroborOs_,USA,1979,indie,False,America
4739,Out Gaming,Canada,1975,indie,False,America
4740,Out of Body Experience,Russia,1996,indie,False,Europe
4741,Out of the Park Developments,Japan,1989,indie,False,Asia
4742,Outcorp,USA,2001,mid,False,America
4743,Outer Brain Studios,UK,1998,indie,False,Europe
4744,Outer Planet Studios,Russia,1990,indie,False,Europe
4745,Outis Media,USA,1990,mid,False,America
4746,Outlier Interactive,USA,2020,indie,False,America
4747,Outright Games Ltd.,Sweden,2008,mid,False,Europe
4748,Outside Realm,UK,1981,indie,False,Europe
4749,Outsider Games,UK,2022,indie,False,Europe
4750,Over The Top Games,USA,2012,indie,False,America
4751,Overaction Game Studio,USA,2003,indie,False,America
4752,Overcurfew,USA,2017,indie,False,America
4753,Overflow,USA,2005,indie,False,America
4754,Overgroup,UK,1984,indie,False,Europe
4755,Overidon Omnimedia,Japan,2018,indie,False,Asia
4756,Overlay Games,France,2006,indie,False,Europe
4757,Overlord Empire LLC,Canada,1997,indie,False,America
4758,Overrun Games,Australia,1995,indie,False,Oceania
4759,Owl Green Sea,Australia,2008,indie,False,Oceania
4760,Owlchemy Labs,Sweden,2008,indie,False,Europe
4761,Owlnight,Canada,2000,indie,False,America
4762,Owner,Germany,1990,indie,False,Europe
4763,Oxymoron Games,Australia,1995,indie,False,Oceania
4764,Oyashiro.dev,USA,1979,indie,False,America
4765,P2 Entertainment Ltd,Canada,1982,indie,False,America
4766,PAIN PEPPER,Canada,2007,indie,False,America
4767,PANACHE STUDIOS,UK,1994,indie,False,Europe
4768,PASSENGER,Japan,1979,indie,False,Asia
4769,PATRONES & ESCONDITES,Sweden,2003,indie,False,Europe
4770,PE4ENEGI GAMES,Russia,2020,indie,False,Europe
4771,PELMENI GAMES,Germany,1975,indie,False,Europe
4772,PGN Games,UK,1995,indie,False,Europe
4773,PHL Collective,Australia,2016,indie,False,Oceania
4774,PICTOLOGI,UK,2022,indie,False,Europe
4775,PID Games,USA,1975,mid,False,America
4776,PING YI LIN,France,1980,indie,False,Europe
4777,PIRI PIRI INTERACTIVE,UK,1980,indie,False,Europe
4778,PISHO,UK,1988,indie,False,Europe
4779,PITAYA NETWORK LIMITED,USA,1981,indie,False,America
4780,PIXOWL INC.,Japan,2009,indie,False,Asia
4781,PLAION,USA,2008,indie,False,America
4782,PLAYISM,France,2004,aaa,False,Europe
4783,PLEASURE GARDEN,Sweden,1995,indie,False,Europe
4784,PLiCy,UK,2002,indie,False,Europe
4785,"PM Studios, inc.",USA,2011,mid,False,America
4786,POLIEXA Entertainment,Russia,2016,indie,False,Europe
4787,PQube,Sweden,1993,aaa,False,Europe
4788,PRG,Russia,2021,indie,False,Europe
4789,PRO PLAYA DEV,Sweden,2003,indie,False,Europe
4790,PRODUCTION PENCIL,Australia,1993,mid,False,Oceania
4791,PROJECT RAGDOLL,Japan,1992,indie,False,Asia
4792,PROMISE GAMES,Russia,1986,indie,False,Europe
4793,PSG Studios,France,1979,indie,False,Europe
4794,"PULSMO,INC.",USA,2005,indie,False,America
4795,PUMPKIM,USA,2000,mid,False,America
4796,PWCT Software,USA,2008,indie,False,America
4797,PWNED Studio,USA,1978,indie,False,America
4798,PX Studio,Sweden,1993,indie,False,Europe
4799,PYKE,USA,1980,indie,False,America
4800,Pablo Picazo,Japan,2000,indie,False,Asia
4801,Padaone Games,Japan,2013,indie,False,Asia
4802,Padvicari,USA,2019,indie,False,America
4803,Paint Can Games LLC,USA,1992,indie,False,America
4804,Pal Diaray,Japan,1995,indie,False,Asia
4805,Paleap Studio,Poland,2006,indie,False,Europe
4806,Palek,USA,1987,indie,False,America
4807,PalfreyGames,USA,2002,indie,False,America
4808,Palladine Studios,USA,1995,indie,True,America
4809,Palomar Games,USA,1995,indie,False,America
4810,Pan-Tsu,USA,1981,indie,False,America
4811,PanGuoJun,USA,2016,mid,False,America
4812,PancakeGames,USA,2018,indie,False,America
4813,Panda Games,Japan,1990,indie,False,Asia
4814,Panda Indie Studio,Russia,1975,indie,False,Europe
4815,Panda InkCorp,Germany,2018,indie,True,Europe
4816,Panda Studio,Japan,2002,indie,False,Asia
4817,Pandita Studio,Canada,1995,indie,False,America
4818,Pandora Game Studio,UK,1982,indie,False,Europe
4819,Pandora Machine,Russia,1989,indie,False,Europe
4820,Pandora Media Group Corp,USA,2019,indie,False,America
4821,Pangake,France,1992,indie,False,Europe
4822,PaniCer,Japan,2006,indie,False,Asia
4823,Panic Art Studios,USA,1989,indie,False,America
4824,Pankabre,France,2016,indie,False,Europe
4825,Pannl Inc.,Japan,2002,indie,False,Asia
4826,Panoramik Games LTD,Japan,1981,indie,False,Asia
4827,Pantaloon,Japan,1998,indie,False,Asia
4828,Pantsu Productions,Australia,1990,mid,False,Oceania
4829,Panzershark,Russia,2019,mid,False,Europe
4830,Papu's Studio,Poland,1978,indie,False,Europe
4831,ParadiseUnderground,USA,2011,indie,False,America
4832,Paradox Interactive,USA,2022,aaa,False,America
4833,Paradox Mind,UK,2000,indie,False,Europe
4834,Parakite LTD,Canada,1992,indie,False,America
4835,Parallax Labs,Canada,1997,indie,False,America
4836,Parallel Circles,USA,2021,indie,False,America
4837,Parallel Studio,Sweden,1977,indie,False,Europe
4838,Paralune LLC,Japan,2011,indie,False,Asia
4839,ParasGames,USA,1992,indie,False,America
4840,Pardinus,USA,2000,indie,False,America
4841,Parisii,UK,1988,indie,False,Europe
4842,Park SungJin,France,2015,indie,False,Europe
4843,Parker,USA,2002,indie,False,America
4844,"Parsec Productions, LLC",USA,2013,indie,False,America
4845,Partic Games,USA,2019,indie,False,America
4846,Party Moose Games,Sweden,2015,indie,False,Europe
4847,Paso-a-Paso games,Russia,1986,indie,False,Europe
4848,Passageway Games,Japan,2014,indie,True,Asia
4849,Pastel Peaks Production,Australia,2022,indie,False,Oceania
4850,Pastorelli Studio,USA,2007,indie,False,America
4851,PastureSoft,USA,1982,indie,False,America
4852,Patates Games,France,1982,indie,False,Europe
4853,Patient Cactus,Germany,2013,indie,False,Europe
4854,Patria Games®,Germany,1985,indie,False,Europe
4855,Patriot Game Studio,Australia,1986,indie,False,Oceania
4856,Patryk Starzyński,Japan,1983,indie,False,Asia
4857,Paul Berne,Poland,2020,indie,False,Europe
4858,Paul Connor,Japan,1997,mid,False,Asia
4859,Paul Cooper,Sweden,1982,indie,False,Europe
4860,Paul Goddard,Canada,2019,indie,False,America
4861,Peace_Studio,Australia,1980,indie,False,Oceania
4862,Peaceful Life Games,Russia,2006,indie,False,Europe
4863,Peach Pie Productions,Japan,1984,indie,False,Asia
4864,Peach Rain,France,1989,indie,False,Europe
4865,Peacock Pie Productions,Poland,1986,indie,False,Europe
4866,Peaksel,USA,1994,indie,False,America
4867,Peanut Button,USA,1991,indie,False,America
4868,Peddler Games,Japan,1990,indie,False,Asia
4869,Pedro Castro Menezes,USA,1998,indie,False,America
4870,Pedro Henrique Baretta,Japan,2014,mid,False,Asia
4871,PeechVerse Studios,USA,1996,indie,False,America
4872,Pelikan,Poland,1996,indie,False,Europe
4873,Pelle Niklas Abrahamsson,USA,1996,indie,False,America
4874,Penguin Gamers,Poland,2016,indie,False,Europe
4875,"Penguin Pop Games, LLC",USA,2011,indie,False,America
4876,Penguin Tower Studios,Canada,2022,indie,False,America
4877,Penguin fly world,Japan,2013,indie,False,Asia
4878,Pent Panda,Canada,1989,indie,False,America
4879,Pepes Games,Canada,1986,indie,False,America
4880,PepoLab,Japan,1997,indie,False,Asia
4881,Pequi Hills Studio,USA,2021,indie,False,America
4882,Peremett-Studio,Japan,2018,indie,False,Asia
4883,Perfect Games,USA,2012,indie,False,America
4884,Perfect World Games,USA,1981,indie,False,America
4885,Performance Artist,Sweden,1979,indie,False,Europe
4886,Performance Artist Games,USA,1981,mid,True,America
4887,Perg Valley,UK,1998,indie,False,Europe
4888,PeriScope Game,Canada,1986,mid,False,America
4889,Perky Peach Games,UK,2011,indie,False,Europe
4890,PerpetualOOMM,Germany,1993,indie,False,Europe
4891,Person of Interests,Sweden,1985,indie,False,Europe
4892,Persona and Pixel studio,Poland,1983,indie,False,Europe
4893,Personal,Poland,1977,indie,False,Europe
4894,Persp3ctive,Russia,2008,indie,False,Europe
4895,Perspektik,Sweden,2005,indie,False,Europe
4896,Persuasion Game Studio,Russia,2021,indie,False,Europe
4897,Pesky Panthera,USA,1981,indie,False,America
4898,PestoForce,USA,2008,indie,False,America
4899,Petal Sakura,Germany,2003,indie,False,Europe
4900,Pete DeSimone,USA,2014,indie,False,America
4901,Peter Lee,USA,1982,indie,False,America
4902,Peter Manfreda,Australia,2010,indie,False,Oceania
4903,Peternauta,UK,1978,indie,False,Europe
4904,Petite Fleur Productions,France,2013,mid,False,Europe
4905,Petr Šimůnek,USA,1981,indie,False,America
4906,Petro Shoferystov,USA,2003,indie,False,America
4907,Petroglyph,UK,2020,mid,False,Europe
4908,Pex Entertainment,Germany,1990,indie,False,Europe
4909,Phantom Compass,USA,2015,indie,False,America
4910,Phantom Projekts,France,2022,indie,False,Europe
4911,Phantom's Wife,Germany,1981,indie,False,Europe
4912,PhantomCore PUBLISHING,USA,1978,indie,False,America
4913,Phantomisreal Ltd.,Germany,2000,indie,False,Europe
4914,Phat Phrog Studios,Poland,1995,indie,False,Europe
4915,Pheonise,Japan,2006,indie,False,Asia
4916,Philip Drobar,USA,1995,indie,False,America
4917,Philippe Schober,Sweden,1995,indie,False,Europe
4918,Phoebus76,Japan,1983,indie,False,Asia
4919,Phoenix Game,Sweden,2010,indie,False,Europe
4920,Phoenix Games,France,2007,indie,True,Europe
4921,Phoenix Online Publishing,Germany,1986,mid,False,Europe
4922,PhoenixFire Games,Russia,2008,indie,False,Europe
4923,Phoenixx Inc.,USA,1983,mid,False,America
4924,Phoenixxx Games,Germany,2006,mid,False,Europe
4925,Phone Software Ltd,Australia,1985,indie,False,Oceania
4926,Phung Games,Japan,2022,indie,False,Asia
4927,Physalis Media LLC,Japan,1998,indie,False,Asia
4928,Piaj,USA,1995,indie,False,America
4929,Pickle Drugs,Russia,1990,indie,False,Europe
4930,Pickle Games,USA,1976,indie,False,America
4931,Picopicowvo,UK,2006,indie,False,Europe
4932,Picorinne Soft,Sweden,2019,indie,False,Europe
4933,Picroma,Russia,1989,indie,False,Europe
4934,Pictopotamus,Germany,1979,indie,False,Europe
4935,Pidibidi Games,Canada,1981,indie,False,America
4936,Piece Of Voxel,Germany,1996,aaa,False,Europe
4937,Piko Interactive LLC,USA,1990,mid,False,America
4938,Pilbo Games,Canada,1987,indie,False,America
4939,Pillow Fight,USA,2006,indie,False,America
4940,Pinblend Studios,USA,2004,indie,True,America
4941,Pineapple Works,Australia,2006,indie,False,Oceania
4942,Pink Label Games,France,1976,indie,False,Europe
4943,Pink Tea,Poland,2012,indie,False,Europe
4944,PinkPeach,USA,1975,indie,False,America
4945,PinkPub18,Sweden,2008,indie,False,Europe
4946,Pinky Pads,Japan,1981,mid,False,Asia
4947,PinkySoul,Poland,2003,mid,False,Europe
4948,PinoPrime,USA,1994,indie,False,America
4949,Pionierwerk,USA,2005,indie,False,America
4950,Pipera Games,UK,1995,indie,False,Europe
4951,Pippin Games,Japan,1996,indie,False,Asia
4952,Pirates Bay Studio,Germany,2013,indie,True,Europe
4953,Pirates Of The Digital Sea,Canada,1989,indie,False,America
4954,Piston Media,Sweden,2003,indie,False,Europe
4955,Pitfall Studio,USA,1976,indie,False,America
4956,Pix Arts,Australia,2022,mid,False,Oceania
4957,Pixanna,France,2005,indie,False,Europe
4958,Pixart Games,France,2013,indie,True,Europe
4959,Pixbits,USA,2019,indie,False,America
4960,Pixcodream,UK,2009,indie,False,Europe
4961,Pixel,France,2001,indie,False,Europe
4962,Pixel Blight,Russia,2022,indie,False,Europe
4963,Pixel Cattle Games,UK,1995,indie,False,Europe
4964,"Pixel Constructor, LLC",Japan,2022,indie,False,Asia
4965,Pixel Forge Games,Germany,1980,indie,False,Europe
4966,Pixel Fun Games Production,Japan,1993,indie,False,Asia
4967,Pixel Games UK,USA,1995,mid,False,America
4968,Pixel Muffin Studios,Sweden,2015,indie,False,Europe
4969,Pixel Paradise,USA,1998,indie,False,America
4970,Pixel Peanuts,France,2001,indie,False,Europe
4971,Pixel Puzzles,Australia,1975,mid,False,Oceania
4972,Pixel Reef,USA,1982,indie,False,America
4973,Pixel Wrappers,France,1995,indie,False,Europe
4974,Pixel vs Pixel,Germany,1990,indie,True,Europe
4975,PixelArtGames,Australia,1979,mid,False,Oceania
4976,PixelBot Games,USA,2015,indie,False,America
4977,PixelCrown Games,Sweden,1997,indie,False,Europe
4978,PixelDol,Germany,1999,indie,False,Europe
4979,PixelGreeds,USA,1979,indie,False,America
4980,PixelHeart,Russia,1992,mid,False,Europe
4981,PixelMouse,UK,2008,indie,False,Europe
4982,PixelPulseGames,Australia,1975,indie,True,Oceania
4983,PixelSized,USA,1976,indie,False,America
4984,PixelWorkshop,UK,1997,indie,False,Europe
4985,PixelXYZ,Japan,2008,indie,False,Asia
4986,Pixelabor,USA,2009,indie,False,America
4987,Pixelatto,UK,1998,indie,False,Europe
4988,PixelfunGames,USA,2010,indie,False,America
4989,Pixelgon Games,USA,1993,indie,False,America
4990,Pixelity Inc.,USA,2003,indie,False,America
4991,Pixeljam,USA,1987,indie,False,America
4992,Pixelsplosion Studios,Canada,2013,indie,False,America
4993,Pixelz Games,USA,2007,indie,False,America
4994,PixiEditor Organization,France,1981,indie,False,Europe
4995,Pixleaves,UK,1986,indie,False,Europe
4996,Pixleon,UK,2010,indie,False,Europe
4997,Placeholder Studios,UK,1996,indie,False,Europe
4998,Plaidman Games,UK,1981,indie,False,Europe
4999,Planeshift Interactive,USA,1979,indie,False,America
5000,Planet Entertainment,USA,2015,indie,False,America
5001,PlanetStudios,USA,2005,indie,False,America
5002,Planets Nu,Australia,2017,indie,False,Oceania
5003,Plato Game Development,USA,1981,indie,False,America
5004,Platuro,Canada,1989,indie,False,America
5005,Play 2 Crush Gaming,USA,1990,indie,False,America
5006,Play Nimbus,Japan,2005,indie,False,Asia
5007,Play Wireless,UK,1999,indie,False,Europe
5008,Play2Chill S.A.,Japan,1993,indie,False,Asia
5009,"PlayDay Co., Ltd.",Germany,1993,indie,False,Europe
5010,PlayIndustry LLC Publishing,Australia,2007,indie,False,Oceania
5011,PlayPath experiences,Russia,1991,indie,False,Europe
5012,PlayStation Publishing LLC,USA,2017,mid,False,America
5013,PlayToday,USA,1979,indie,False,America
5014,PlayWay S.A.,Poland,1990,aaa,False,Europe
5015,PlayWrite Studios,France,1992,indie,False,Europe
5016,PlayZilla.tk,Canada,1992,indie,False,America
5017,"Playdek, Inc.",Sweden,2013,indie,False,Europe
5018,Played With Fire,USA,2012,indie,False,America
5019,"Player Of Music Technology Co.,Ltd",Canada,2011,indie,False,America
5020,Player Transform,Poland,1994,indie,False,Europe
5021,Playito.com,Sweden,2011,mid,False,Europe
5022,Playloop Studios S.R.L.,USA,1975,indie,False,America
5023,Playmeow,UK,1996,aaa,False,Europe
5024,Playmeow News,Poland,1991,aaa,False,Europe
5025,Playsaurus,USA,2012,indie,False,America
5026,Playsnak,Russia,2010,indie,False,Europe
5027,Playstack,Russia,2006,mid,False,Europe
5028,Playtonic Friends,France,2005,indie,False,Europe
5029,Playtouch,Japan,2017,indie,False,Asia
5030,Playworks,Russia,2001,indie,False,Europe
5031,PlazSoft,Poland,2005,indie,False,Europe
5032,Plug,Japan,1977,indie,False,Asia
5033,Plug In Digital,USA,1984,aaa,False,America
5034,Plush Productions LLC,Germany,2009,indie,False,Europe
5035,Pluto VR,Japan,2009,indie,False,Asia
5036,PoRovoz Studios,UK,2002,indie,False,Europe
5037,Poccade LLC,Japan,2019,indie,False,Asia
5038,Pogy Production,Russia,2019,indie,False,Europe
5039,Point8 Games Inc.,Germany,2013,indie,False,Europe
5040,Poisson Rouge Interactica ltd,UK,1999,indie,False,Europe
5041,Pokenomy,USA,2011,indie,False,America
5042,Pokies4fun,France,1982,mid,False,Europe
5043,Poking Water Games,Poland,2006,indie,False,Europe
5044,Polantronic,Poland,2008,indie,False,Europe
5045,PolarFantasyStudio,Japan,2003,indie,False,Asia
5046,PolarOwl Studio,USA,2015,indie,False,America
5047,PolincGames,France,2021,indie,False,Europe
5048,Political Games LLC,Russia,2021,indie,False,Europe
5049,Poliya's Studio,Canada,2001,indie,False,America
5050,Poly Poly Games,France,1992,indie,False,Europe
5051,PolyLS,Japan,2005,indie,False,Asia
5052,PolyPusher Studios,Australia,1992,indie,True,Oceania
5053,Polyarc,Russia,2004,indie,False,Europe
5054,Polyblock Studio,USA,1998,indie,False,America
5055,Polyburg Studio,Russia,2019,indie,False,Europe
5056,Polychroma Games,UK,1993,indie,False,Europe
5057,Polygon Art Publishing,USA,2015,indie,False,America
5058,Polygon Dust Entertainment Ltd.,France,2014,indie,False,Europe
5059,Polygon Matter,UK,1995,indie,False,Europe
5060,Polytale Games,UK,2015,indie,False,Europe
5061,Polyverse Studio,USA,1992,indie,False,America
5062,Pomshine Games,Germany,1997,indie,False,Europe
5063,"Ponywolf, LLC",UK,2017,indie,False,Europe
5064,Pooandplay,UK,2018,indie,False,Europe
5065,Poof,USA,1996,indie,False,America
5066,Pookie,Australia,1975,indie,False,Oceania
5067,Poopsy,Australia,1976,indie,False,Oceania
5068,Popcannibal,Sweden,1988,indie,False,Europe
5069,Popiicorn Game,Canada,1985,indie,False,America
5070,Poroto Studio LLC,Canada,1983,indie,False,America
5071,Portal Entertainment,Canada,1984,indie,False,America
5072,Portal Studios,Germany,2018,indie,False,Europe
5073,Posh Sloth Productions,Germany,1978,indie,False,Europe
5074,Posh Toffee Games,Germany,1992,indie,False,Europe
5075,"Poshen Co., Ltd.",Poland,2022,indie,False,Europe
5076,Possum House Games,Australia,2000,indie,True,Oceania
5077,Post Boredom Games,UK,2002,indie,False,Europe
5078,Postal Knight Games,Germany,2015,indie,False,Europe
5079,Postcursor Laboratories,Japan,2018,indie,False,Asia
5080,Pot-bellied Gnomes,USA,1986,indie,False,America
5081,PotS,Russia,1993,indie,False,Europe
5082,Potato Interactive,UK,1978,indie,False,Europe
5083,Potato10,France,2000,indie,False,Europe
5084,Powder Team,Japan,1989,indie,False,Asia
5085,Power Up Publishing,Sweden,2004,indie,False,Europe
5086,Power Up to Maximum,USA,1992,mid,False,America
5087,Poysky Productions,Japan,1993,indie,False,Asia
5088,PraetorGames,USA,1982,indie,False,America
5089,Pragmatix Ltd,Australia,2002,indie,False,Oceania
5090,Pranay Munda,USA,2018,indie,False,America
5091,Prapancha Studios,USA,2013,indie,False,America
5092,Precatio,USA,1999,indie,False,America
5093,"Precision Games, LLC",UK,2014,indie,False,Europe
5094,PredposledniyRubikon,USA,2014,indie,False,America
5095,President Studio,USA,2005,indie,False,America
5096,Pretty Fly Games,USA,1979,indie,False,America
5097,Primary cells studio,Russia,2022,indie,False,Europe
5098,Prime Games,Canada,1976,indie,False,America
5099,Prime Matter,Australia,2005,mid,False,Oceania
5100,Prime Time Studio,USA,2002,indie,False,America
5101,Prime VR Inc.,Canada,1992,indie,False,America
5102,Primordial Muse,USA,1975,indie,False,America
5103,ProYuga Advanced Technologies Ltd,UK,2011,indie,False,Europe
5104,Procedural Level,Sweden,2014,indie,False,Europe
5105,Procer,France,1986,indie,False,Europe
5106,Produzioni Varie e Casuali,UK,1991,indie,True,Europe
5107,Proeminent Code SRL,USA,1981,indie,False,America
5108,Professional Villains,Germany,2013,mid,False,Europe
5109,Professor Why,USA,1997,indie,False,America
5110,ProgenitorWorks,USA,1980,indie,False,America
5111,Progress Games,USA,1987,indie,False,America
5112,Project 172,Germany,2022,indie,False,Europe
5113,ProjectMoon,Australia,2013,indie,False,Oceania
5114,Prologue Games,Australia,2018,indie,False,Oceania
5115,"Prometheus Vision Technology Co., Ltd.",Germany,1984,indie,False,Europe
5116,Prop Logic,Australia,1993,indie,False,Oceania
5117,Propulsion Games,Germany,1988,indie,False,Europe
5118,ProteanDerg,UK,2018,indie,False,Europe
5119,Protomni Multimedia,Australia,1985,indie,False,Oceania
5120,Proton Studio Inc,USA,1990,indie,False,America
5121,Proxy Vision Projects,Japan,1994,indie,False,Asia
5122,PrueLightStudio,France,1995,indie,False,Europe
5123,Prutkova Anastasia,USA,2021,indie,False,America
5124,Pseudobug,Japan,1983,indie,False,Asia
5125,PsychoFlux Entertainment,USA,2004,aaa,False,America
5126,Psychor,Poland,2000,indie,False,Europe
5127,Psychotic Psoftware,USA,1996,indie,False,America
5128,Psyonx Studio,USA,2003,indie,False,America
5129,Pterosoft studio,USA,2016,indie,False,America
5130,Puck Games,Canada,2019,indie,False,America
5131,Puddleside,Canada,1984,indie,False,America
5132,Puffer Games,Germany,2004,indie,False,Europe
5133,Pufferfish Digital,Japan,1990,indie,False,Asia
5134,Pujia8 Studio,Sweden,2008,mid,False,Europe
5135,Pulsarnik Productions,USA,2013,indie,False,America
5136,"Pulse Check Games, LLC",USA,2008,indie,False,America
5137,Punkmice,Japan,2007,indie,False,Asia
5138,Pura Studio,USA,2009,indie,False,America
5139,Pure Heart Game Studio,France,1978,indie,False,Europe
5140,Purisic Games,Japan,2020,indie,False,Asia
5141,Purist Games,Russia,2013,indie,False,Europe
5142,Purple Game Arts,France,1999,indie,False,Europe
5143,Purple Nebula,Poland,1993,indie,False,Europe
5144,Purple Thunder Games,UK,1989,indie,False,Europe
5145,Purple Void,Japan,1984,indie,True,Asia
5146,Purring Campfire,USA,1979,indie,False,America
5147,Push Forward Media,USA,1981,indie,False,America
5148,PushStart Studio,USA,1992,indie,False,America
5149,Puuba,Canada,2004,indie,False,America
5150,Puzzle Game,Sweden,2002,indie,False,Europe
5151,PuzzleSpace,Germany,1981,indie,False,Europe
5152,Puzzler,UK,1997,indie,False,Europe
5153,Pyramid Games S.A.,USA,1988,mid,False,America
5154,PyrofrogStudos,Sweden,2017,indie,False,Europe
5155,Pyros263,Sweden,2021,indie,False,Europe
5156,"Q Switched Productions, LLC",UK,2000,indie,False,Europe
5157,QJ,USA,1980,indie,False,America
5158,QOVAQ,Japan,2019,indie,True,Asia
5159,QRA-CS,Canada,1979,indie,False,America
5160,QSN,Canada,1992,indie,False,America
5161,QUByte Interactive,USA,2003,indie,False,America
5162,QUIKIN Games,Australia,2006,indie,False,Oceania
5163,QZQ Studio,USA,1981,indie,False,America
5164,QguGame,Canada,2003,indie,False,America
5165,Qian Light  Network Technology,USA,2013,indie,False,America
5166,QingHe Studio,France,1977,indie,False,Europe
5167,Qingmu production team,Sweden,1975,indie,False,Europe
5168,QuadCom Interactive,Sweden,1993,indie,False,Europe
5169,Quadfix Games,UK,1979,indie,False,Europe
5170,Quadruple-Q,Australia,2014,indie,False,Oceania
5171,Quail Island Software,Sweden,1985,indie,False,Europe
5172,Quake Business,Canada,1991,indie,True,America
5173,Quantaze Interactive,USA,1979,indie,False,America
5174,Quantic Dream,UK,1992,mid,False,Europe
5175,Quantized Bit,Germany,2000,indie,False,Europe
5176,Quantum Gear Studios,Sweden,1995,indie,False,Europe
5177,Quantum Quiver Games,Australia,1992,indie,False,Oceania
5178,Quantum Sufficit,Germany,1977,indie,False,Europe
5179,QuantumCipher,Poland,1980,indie,False,Europe
5180,QuantumTechno Games,Germany,1976,indie,False,Europe
5181,Quark Game Studio,USA,1994,indie,False,America
5182,Quarlellle,USA,1995,mid,False,America
5183,Quasar Games,Sweden,2020,indie,False,Europe
5184,QubicGames,Australia,2014,mid,False,Oceania
5185,Queenfish Games,Sweden,2015,indie,False,Europe
5186,QuickBobber,Poland,1984,indie,False,Europe
5187,Quiet River,France,1987,indie,False,Europe
5188,Quiet Storm,Canada,1992,indie,False,America
5189,Quill Game Studios,Australia,2006,indie,False,Oceania
5190,Quirk Bit Limited,France,2001,indie,True,Europe
5191,Quite Quiet Games,UK,2007,indie,False,Europe
5192,Qumaron,UK,1984,mid,False,Europe
5193,Qwiboo Ltd,UK,1992,indie,False,Europe
5194,R. Güray Aslı,UK,1991,indie,False,Europe
5195,R3 Games,UK,1991,indie,False,Europe
5196,R8 Games Ltd,Canada,2001,indie,False,America
5197,RAWRLAB Games,Russia,2006,indie,False,Europe
5198,RB Entertainment,USA,1981,indie,False,America
5199,RD's Gaming Studio,USA,2006,indie,False,America
5200,RE Atelier,USA,2010,indie,False,America
5201,REDSEN GAME,Russia,1999,indie,False,Europe
5202,RETCON Games,Australia,1976,indie,False,Oceania
5203,REVVALUTION Studio,Germany,2017,indie,False,Europe
5204,RH POSITIVE,UK,2006,indie,True,Europe
5205,RIALAB,USA,2006,indie,False,America
5206,RIQPLAY,UK,1995,indie,False,Europe
5207,RIVERSIDE SPORTS,USA,2021,indie,False,America
5208,RMAsia,Sweden,1992,mid,False,Europe
5209,"RMM Studios, LLC",France,1991,indie,False,Europe
5210,ROOM 205,Russia,2006,indie,False,Europe
5211,ROSSCO Games,USA,2009,indie,False,America
5212,RP Game Design Pty Ltd,UK,1977,indie,False,Europe
5213,RPGGAME.,Poland,1989,indie,False,Europe
5214,RPGames,Japan,2001,mid,False,Asia
5215,RSoft Games,Sweden,2001,indie,False,Europe
5216,RYOT,Sweden,2003,indie,True,Europe
5217,Rabbit Bay Games,USA,1979,indie,False,America
5218,Rabbit Hole Studios,Germany,2007,indie,False,Europe
5219,Rabotiagi games,USA,1975,indie,False,America
5220,RaceRoom Entertainment AG,UK,2009,indie,False,Europe
5221,Raciebug,France,1977,indie,False,Europe
5222,Racs Studio,USA,1991,indie,False,America
5223,RadM,UK,2005,indie,False,Europe
5224,Radhood Publishing,Sweden,2013,mid,False,Europe
5225,Radiance Games,Russia,2000,indie,False,Europe
5226,Radiangames,USA,1978,indie,False,America
5227,Radical Piece,USA,2004,indie,False,America
5228,RadicalHyena,UK,1976,indie,False,Europe
5229,Radioactive-Software,Japan,1980,indie,False,Asia
5230,Radwog Games,Sweden,1997,indie,False,Europe
5231,Raed Abbas,USA,2022,indie,False,America
5232,Raf1Dev,USA,2003,indie,False,America
5233,Rage Bear Studios,Germany,1986,indie,False,Europe
5234,Ragehog Studios,Australia,1998,indie,False,Oceania
5235,Ragir,USA,2015,indie,False,America
5236,Ragnar,Japan,1977,mid,False,Asia
5237,Ragnarökr Project,Japan,2019,indie,False,Asia
5238,Raharabin Games,Canada,1986,indie,False,America
5239,Rain Drop Forest Studio,USA,2012,indie,False,America
5240,Rainbow Cat Studio,USA,1975,indie,False,America
5241,Rainbow Games,Germany,1984,indie,False,Europe
5242,RainbowStudio,USA,1986,indie,False,America
5243,Rainier Interactive,France,2009,indie,False,Europe
5244,Rainmade Games,Japan,2004,indie,False,Asia
5245,Rainy Frog Co. Ltd.,USA,2019,indie,False,America
5246,RainySquare Games,Germany,2011,indie,False,Europe
5247,Rake in Grass,Canada,1977,indie,False,America
5248,Ralien Studios,Germany,1992,indie,False,Europe
5249,Rambunny,Canada,2015,indie,False,America
5250,Ramify Games,UK,2022,indie,False,Europe
5251,Ramotion Inc.,Australia,2009,indie,True,Oceania
5252,Random,USA,1985,indie,False,America
5253,Random Theory Games,UK,1983,indie,False,Europe
5254,Randumb Studios,USA,1981,mid,False,America
5255,Ranger Game,Poland,2009,indie,True,Europe
5256,Rank17,UK,2017,indie,True,Europe
5257,Raphael Chaoui,USA,2000,indie,False,America
5258,Rappid Studios,USA,1978,indie,False,America
5259,Rapscallion,UK,1990,indie,False,Europe
5260,Rara Avis Interactive,USA,1998,indie,False,America
5261,RareFetishGamez,France,2014,indie,False,Europe
5262,Rarebyte,USA,2003,indie,False,America
5263,Rascal Devworks,Russia,2002,indie,False,Europe
5264,Ratalaika Games S.L.,USA,2011,mid,False,America
5265,Rattingham Studios,Russia,1997,indie,False,Europe
5266,Raum Digital Studio,UK,2022,indie,False,Europe
5267,Raven Games,Poland,1978,indie,False,Europe
5268,Raven Novels,UK,1999,indie,False,Europe
5269,RavenFist Studios LLC,USA,1984,indie,False,America
5270,Ravenage Games,France,1986,mid,False,Europe
5271,Ravenscourt,USA,1977,indie,False,America
5272,Ravinia,Australia,1976,indie,False,Oceania
5273,Raw Fury,USA,2014,mid,False,America
5274,Raw Lion Workshop,Russia,2004,mid,False,Europe
5275,Rawr x3 Games,Poland,2016,indie,False,Europe
5276,Ray Hsiao,Japan,1981,indie,False,Asia
5277,Rayll Studios,Germany,1987,indie,False,Europe
5278,Raymond Heaton,USA,1982,indie,False,America
5279,Re.Chao,Australia,2015,indie,True,Oceania
5280,ReHarmony Games,UK,2009,mid,False,Europe
5281,Read Play Code,USA,1990,indie,False,America
5282,Ready To Play,Russia,2011,mid,False,Europe
5283,RealFire Interactive,USA,1975,indie,False,America
5284,Reality Adrift Studio,USA,2019,indie,False,America
5285,Reality Gameware,Poland,2020,indie,False,Europe
5286,"Reality Smash, Inc.",Canada,2013,indie,False,America
5287,ReallyBadOldGamesSorry,Australia,2006,indie,False,Oceania
5288,Rear Admiral Games,UK,2011,indie,False,Europe
5289,Reb_Orn,Canada,2005,indie,False,America
5290,Rebel Phoenix Games,Russia,1993,indie,False,Europe
5291,Rebelião Studio,Sweden,1978,indie,False,Europe
5292,Rebellion,Australia,2022,indie,False,Oceania
5293,Rebellious Software,USA,1991,indie,False,America
5294,Reboot Arcade,USA,2016,indie,False,America
5295,Rebuilt Games,USA,2004,indie,False,America
5296,RecklessGames UG,UK,1987,indie,True,Europe
5297,Recotechnology S.L.,Australia,1978,indie,False,Oceania
5298,Red Bird Studios,France,1978,indie,False,Europe
5299,Red Fables,USA,2014,indie,False,America
5300,Red Frame Studios,Australia,2006,indie,False,Oceania
5301,Red Iron Labs,Japan,2009,indie,False,Asia
5302,Red Level Games,USA,1993,indie,False,America
5303,Red Light,UK,1999,indie,False,Europe
5304,Red Limb Studio,USA,1995,indie,False,America
5305,Red Panda Game Studio,Japan,1997,indie,False,Asia
5306,Red Six Publishing,USA,1998,indie,False,America
5307,Red Skald,Australia,1998,indie,False,Oceania
5308,Red twice potato,Poland,1978,mid,False,Europe
5309,Red13Indie,UK,1991,indie,False,Europe
5310,Red82Games,USA,2003,indie,False,America
5311,RedB94,Japan,1997,indie,True,Asia
5312,RedBrickStone Games,UK,1988,indie,False,Europe
5313,RedDeer.Games,France,2019,indie,False,Europe
5314,RedFox Games,Germany,1992,mid,False,Europe
5315,RedHorse Studio,USA,2022,indie,False,America
5316,RedLightsStudio,USA,1983,indie,True,America
5317,RedRockGameStudios,Canada,1975,indie,False,America
5318,RedRoulette9 Games,France,1977,indie,False,Europe
5319,RedRuins Softworks,Canada,1998,indie,False,America
5320,RedWhaleGames,Japan,2013,indie,False,Asia
5321,RedZone Studios LLC,USA,1984,indie,False,America
5322,Redbeak Games,Canada,1984,indie,False,America
5323,Redblack Spade,UK,2011,indie,False,Europe
5324,Redbrick Studios Ltd,Germany,2003,indie,False,Europe
5325,Redseed Game Studio,Japan,2014,indie,False,Asia
5326,RedshirtRich,Germany,1984,indie,False,Europe
5327,Redsroll,USA,1988,indie,False,America
5328,Redx9,UK,1978,indie,False,Europe
5329,Reece Geofroy,USA,1977,indie,False,America
5330,Refactor Games,USA,1982,indie,False,America
5331,Reflux Interactive,USA,1994,indie,False,America
5332,RegiGames,USA,1995,indie,False,America
5333,Regolith Interactive,Poland,2011,indie,False,Europe
5334,Regro Studio,Japan,2012,indie,False,Asia
5335,Reid Annin,USA,1994,indie,False,America
5336,Reido,Japan,2018,indie,False,Asia
5337,Reijo,USA,1994,mid,False,America
5338,Reiza Studios,Australia,2019,mid,False,Oceania
5339,Rekall Games,Australia,1992,indie,False,Oceania
5340,Rekijoki Games,Japan,1982,indie,False,Asia
5341,Relgigas,Russia,2012,indie,False,Europe
5342,Reloaded Studios,USA,1993,indie,False,America
5343,Remix Games,USA,2016,mid,False,America
5344,Remke Albrecht,USA,2003,indie,False,America
5345,Ren Production Sdn Bhd,Germany,2001,indie,False,Europe
5346,Renderise,USA,2018,indie,False,America
5347,Renegade Sector Games,USA,1975,mid,False,America
5348,Reno Games,Poland,1988,indie,False,Europe
5349,Repair Garage Japan,USA,2008,indie,False,America
5350,Repairer of Reputations,Russia,1981,indie,False,Europe
5351,Reroll Gaming,UK,1984,indie,False,Europe
5352,Respect Studios,France,2020,indie,False,Europe
5353,Respublica-Games,Japan,1991,indie,True,Asia
5354,Restock,Russia,1990,indie,False,Europe
5355,Restory Studio,Germany,2002,indie,False,Europe
5356,Retr0A,Japan,1994,indie,False,Asia
5357,Retro Gears,Poland,2016,indie,False,Europe
5358,Retro Twist Games,USA,1985,indie,False,America
5359,Retro Warp Gaming,Japan,2007,indie,False,Asia
5360,RetroGodz,Australia,1987,indie,False,Oceania
5361,RetroScope GM,USA,1988,mid,False,America
5362,Retroactive Fort,Japan,2008,indie,False,Asia
5363,Retrofied Games,Germany,2008,indie,False,Europe
5364,Retroism,USA,1987,indie,False,America
5365,Retrovibe,USA,2004,mid,True,America
5366,Retroware,France,2012,mid,False,Europe
5367,Retsu Teikoku,USA,2006,mid,False,America
5368,"Return To Adventure Mountain, LLC",Canada,1998,mid,False,America
5369,Return to Play,Canada,2000,indie,False,America
5370,ReversalWorks,USA,2007,indie,False,America
5371,Reverse Impact,Sweden,2016,indie,False,Europe
5372,ReverseGames,UK,1987,indie,False,Europe
5373,Revmatek,Germany,2018,indie,False,Europe
5374,Revolab,France,1979,indie,False,Europe
5375,Revolt Games,Germany,2011,indie,False,Europe
5376,RewindApp,USA,2000,aaa,False,America
5377,RewingAge,Japan,2008,indie,False,Asia
5378,RexBits,Sweden,2006,indie,False,Europe
5379,RexTo Studios,UK,1985,indie,False,Europe
5380,Rezzil,Germany,1992,indie,False,Europe
5381,RhinoGearz,Japan,1976,mid,False,Asia
5382,Rho Labyrinths GmbH,Russia,2018,indie,False,Europe
5383,Rhyton Solutions GmbH,USA,2015,indie,False,America
5384,Ribcat Games,France,2014,indie,False,Europe
5385,RiceCrab Studios,Australia,2003,indie,True,Oceania
5386,RiceyCode Studios,USA,2010,indie,False,America
5387,Richard Boeser,USA,2010,indie,False,America
5388,Richard Cheng,France,1997,indie,False,Europe
5389,Richard Cowgill,USA,2008,indie,False,America
5390,Richard Letran,Germany,1977,mid,False,Europe
5391,Richard Sherriff,Russia,1992,indie,False,Europe
5392,Richter Games,Germany,1987,indie,False,Europe
5393,Riddik,Sweden,1995,indie,False,Europe
5394,RideonJapan,Sweden,2004,indie,False,Europe
5395,RifRaf Games,France,1999,indie,False,Europe
5396,RiftBreak Software,USA,1979,indie,False,America
5397,RiftyGames,Japan,1976,indie,False,Asia
5398,Righteous Hammer Games,Japan,2021,indie,False,Asia
5399,Rikardo,USA,2015,indie,False,America
5400,RillyBoss Studios,Germany,2015,indie,False,Europe
5401,Rincho Games,USA,1976,indie,False,America
5402,Ringling College of Art and Design,Canada,1975,indie,False,America
5403,Ripknot Systems,USA,2008,mid,False,America
5404,Ripstone,Australia,1996,indie,False,Oceania
5405,Rising Fun Games,Poland,2003,indie,False,Europe
5406,Rising Star Games,UK,2008,indie,False,Europe
5407,Rivardus,USA,1980,indie,False,America
5408,River,Australia,2006,indie,False,Oceania
5409,River Hastings Carley,France,1990,indie,False,Europe
5410,River Studios,Japan,2020,indie,False,Asia
5411,Rixment,Poland,1982,indie,False,Europe
5412,Riyko Games,France,1999,indie,False,Europe
5413,Rmonak,USA,2013,indie,False,America
5414,RoBot,Australia,1991,indie,False,Oceania
5415,RoamingPoetXi,Poland,2006,indie,False,Europe
5416,Rob Ager,USA,1989,indie,False,America
5417,Rob Jinman,USA,2016,indie,False,America
5418,RobCrash,Japan,2002,indie,False,Asia
5419,RobProductions,Germany,1975,mid,False,Europe
5420,Roberto Sánchez,Japan,1992,indie,False,Asia
5421,Robo Pixel Games,UK,1975,indie,False,Europe
5422,RoboDev,UK,2003,indie,False,Europe
5423,RoboHuman Studios,Australia,1983,indie,False,Oceania
5424,Robogame Studios,France,2006,indie,False,Europe
5425,Robot Assembly,UK,2002,indie,False,Europe
5426,Robot Atomico,USA,1996,indie,False,America
5427,Robot Circus,UK,1991,indie,False,Europe
5428,Robot Entertainment,Russia,2000,indie,False,Europe
5429,Robot Future,France,2011,indie,False,Europe
5430,Robot Gentleman,Australia,1985,indie,False,Oceania
5431,Robot Legs Games,Canada,2005,indie,False,America
5432,Robot Riot UG (haftungsbeschränkt),USA,2017,indie,True,America
5433,Rock Candy Games,UK,1991,indie,False,Europe
5434,RockGame S.A.,Japan,2003,mid,False,Asia
5435,Rocket Production Game,Sweden,2010,indie,False,Europe
5436,Rocket Smash Games,Germany,1988,indie,False,Europe
5437,Rocket-in-Bottle,France,1987,indie,False,Europe
5438,RocketWerkz,France,2013,indie,False,Europe
5439,Rocketbeans Entertainment,USA,1997,indie,False,America
5440,"Rocketeer Games Studio, LLC",USA,2016,indie,False,America
5441,Rockstar Games,Japan,2011,indie,False,Asia
5442,Rockus Games,Japan,1980,indie,False,Asia
5443,RodentGames,UK,1998,indie,False,Europe
5444,Rodricoro,France,1978,indie,False,Europe
5445,Roenko Games,UK,2006,mid,False,Europe
5446,Roger Kaffer,USA,1994,indie,False,America
5447,Roger von Biersborn,Germany,2001,indie,False,Europe
5448,Rogue Brain Studios,USA,1998,indie,True,America
5449,Rogue Duck Interactive,UK,1978,indie,False,Europe
5450,"Rogue Games, Inc.",USA,2002,mid,False,America
5451,Rogue Star Games,USA,1999,indie,False,America
5452,Rokas,USA,2002,indie,False,America
5453,Roll Mops Interactive,France,1977,indie,False,Europe
5454,Rolling Cat Studio,Poland,1975,indie,True,Europe
5455,Rolling Crown,USA,2000,indie,False,America
5456,Romain Bourbon,France,1995,indie,False,Europe
5457,Roman Kozhukhov,Australia,2021,indie,False,Oceania
5458,Roman Shuvalov,USA,2005,mid,False,America
5459,Roman Stasyshyn,Poland,2000,indie,False,Europe
5460,Romantic Room,Canada,2006,indie,False,America
5461,Rome Renner,Poland,2016,mid,False,Europe
5462,Ronald Wang,Russia,1975,indie,False,Europe
5463,Ronik Games Group,UK,2020,indie,False,Europe
5464,Ronthelawn,France,2010,indie,False,Europe
5465,Rooftop Dog,Sweden,2004,indie,False,Europe
5466,RoomsForRockets,Poland,1978,indie,False,Europe
5467,Roots Games,Australia,1985,indie,False,Oceania
5468,Rootton Endeavours,Australia,1998,indie,False,Oceania
5469,Roppy Chop Studios,Sweden,2011,mid,False,Europe
5470,Rosa Special Studio,USA,2003,mid,False,America
5471,Rose Lane Games,Germany,2017,indie,False,Europe
5472,RoseWater Studios,Sweden,1982,indie,False,Europe
5473,Ross Joseph Gardner,USA,2017,indie,False,America
5474,Rough  Skin,USA,1984,indie,False,America
5475,Round Squares Studios LTD,Australia,2001,indie,False,Oceania
5476,Round2Games,USA,2004,indie,False,America
5477,"RoushTech, LLC",Sweden,1991,indie,False,Europe
5478,Route 66 Games,Poland,2016,indie,False,Europe
5479,Rowan Wood,Canada,1996,indie,False,America
5480,Roxer,Japan,2018,indie,False,Asia
5481,Roxiano Creations,USA,1995,indie,False,America
5482,Roxra,USA,2006,indie,False,America
5483,Royal Deal Games,USA,1980,indie,False,America
5484,Royal Middleton Entertainment,USA,2007,indie,False,America
5485,Royal Polygon,Germany,1997,indie,False,Europe
5486,Royex Technologies LLC,Poland,2010,indie,False,Europe
5487,Rozae Arts,Japan,1997,indie,False,Asia
5488,Rredbird Studios,Sweden,2006,indie,False,Europe
5489,Ru Games,Germany,2022,indie,False,Europe
5490,Ruairi,USA,1979,indie,False,America
5491,Ruben Pecellin,Sweden,1985,indie,False,Europe
5492,Ruben Ribes Gil,Australia,2022,indie,False,Oceania
5493,Rubika Supinfogame,Sweden,1989,indie,True,Europe
5494,Ruddy Garcia Heredia,Poland,2000,indie,False,Europe
5495,Rude Gnome Games,USA,1989,indie,True,America
5496,Rugbug Redfern,France,2015,indie,False,Europe
5497,RuiXiao,USA,2006,indie,False,America
5498,Rukerama Studio,USA,2016,indie,False,America
5499,RunServer,USA,2020,mid,False,America
5500,Rush At Games,Germany,1994,indie,False,Europe
5501,Rush Games,Japan,2002,indie,False,Asia
5502,Rushil Reddy,Sweden,2019,indie,False,Europe
5503,Rusimitu Games,USA,2020,mid,False,America
5504,Russian Implant Games,Australia,2005,indie,False,Oceania
5505,Rusty Bolt,USA,2015,indie,False,America
5506,Rusty Hinge,UK,1992,indie,False,Europe
5507,Rusty Lake,Japan,2022,mid,False,Asia
5508,Ryab Studios,USA,1993,indie,False,America
5509,Ryan McQuiston,Russia,2001,indie,False,Europe
5510,Ryan Stephen,Sweden,2017,indie,False,Europe
5511,Rylan Yancey,USA,2013,indie,False,America
5512,Ryo Suzuki,Germany,1993,indie,False,Europe
5513,Rückert Broductions,France,1985,indie,False,Europe
5514,S Games,USA,1999,indie,False,America
5515,S. Relaxing Games,USA,1983,indie,False,America
5516,S.C. 16 BIT NIGHTS S.R.L.,Japan,2007,indie,False,Asia
5517,S.Y. Games,France,1978,indie,False,Europe
5518,SA Industry,Poland,1986,aaa,False,Europe
5519,SAFING,Germany,1975,indie,False,Europe
5520,SANDBOX Games,UK,2011,mid,False,Europe
5521,SAT-BOX,USA,2008,aaa,False,America
5522,SATZKI SOFT,USA,2018,indie,False,America
5523,SAWRED,Sweden,1997,indie,False,Europe
5524,SC Jogos,France,1989,mid,False,Europe
5525,SCAD Games Studio,Sweden,1992,indie,False,Europe
5526,SCOOTER FILMS INC.,Poland,2019,indie,True,Europe
5527,SCRAWL Studio,Russia,2001,indie,False,Europe
5528,SCT,USA,2021,indie,False,America
5529,"SE Mobile and Online Co.,Ltd.",UK,2016,indie,False,Europe
5530,SEEC Inc.,UK,2003,indie,False,Europe
5531,SEEP,Russia,1992,mid,False,Europe
5532,SEGA,France,1979,aaa,False,Europe
5533,SEKTOR GAMES,Australia,2021,indie,False,Oceania
5534,SEO SOFT,USA,1985,indie,False,America
5535,SERIALGAMES Inc.,USA,1979,indie,False,America
5536,SFCO Games,UK,1984,indie,False,Europe
5537,SFVR,France,1980,indie,False,Europe
5538,SH Studio,USA,2006,indie,False,America
5539,SHE CHUANGFENG,Japan,1988,indie,False,Asia
5540,SHIBO GAMES,France,2004,mid,False,Europe
5541,SHOKIZM INTERACTIVE,USA,1976,indie,False,America
5542,SIG Publishing,France,2016,indie,False,Europe
5543,SIGONO INC.,France,1983,indie,False,Europe
5544,SINJEN Studios,USA,2003,indie,False,America
5545,SIXDOTS,Sweden,2020,indie,False,Europe
5546,SJ GAMES,Russia,1987,mid,False,Europe
5547,SJ Games,UK,1984,indie,True,Europe
5548,SKSK団,Russia,2013,indie,False,Europe
5549,SL,USA,2006,indie,True,America
5550,SLASH,Japan,2022,mid,False,Asia
5551,SLIDDES,USA,2013,indie,False,America
5552,SLM PRODUCTION,Japan,2017,indie,False,Asia
5553,SMB CLUB,Canada,2016,indie,False,America
5554,SMG Studio,Germany,2002,mid,False,Europe
5555,SMIRKSMILEGRIN GAMES,USA,2011,indie,False,America
5556,SMU Guildhall,Poland,1994,mid,False,Europe
5557,SNEG,USA,2018,aaa,False,America
5558,SNK CORPORATION,Germany,1989,indie,False,Europe
5559,SOEDESCO,Sweden,2003,indie,False,Europe
5560,SOFTSTAR ENTERTAINMENT,Sweden,1984,mid,False,Europe
5561,SOFTSTAR ENTERTAINMENT INC.,UK,1984,indie,False,Europe
5562,SOMMIT GAMES,USA,2001,indie,False,America
5563,SP GAMES,UK,1995,indie,False,Europe
5564,SP Possibilities,Germany,1985,indie,False,Europe
5565,SPIDERWORKS,USA,2009,mid,False,America
5566,SPRITE!,Australia,1981,indie,False,Oceania
5567,SRCS,UK,1989,indie,False,Europe
5568,SRİO,USA,2016,indie,False,America
5569,SSP Games,Australia,1989,indie,False,Oceania
5570,SSamBBas,France,2016,indie,False,Europe
5571,ST Studios,Japan,1999,indie,False,Asia
5572,STARxSTAR,France,2002,indie,False,Europe
5573,STUD1O,Poland,1999,indie,False,Europe
5574,"STUDIO 8LEGS Co., Ltd",USA,1982,indie,False,America
5575,STUDIO EORARI,Russia,1977,indie,False,Europe
5576,STuNT,Germany,1994,mid,False,Europe
5577,SUBLEVEL ONE STUDIOS,Russia,1997,indie,False,Europe
5578,SUKEBE NINJIN,Poland,2017,indie,False,Europe
5579,SUNSOFT,Poland,2004,mid,False,Europe
5580,SUPERHOT PRESENTS,USA,1982,mid,False,America
5581,"SURREALIST GAMES, LLC",Australia,1989,indie,False,Oceania
5582,SVGames,France,2016,indie,False,Europe
5583,SW-Winsoft,USA,2014,indie,False,America
5584,SZH,UK,1988,indie,False,Europe
5585,Saber Fight VR,Poland,1999,indie,False,Europe
5586,Sabiá Studios,USA,2021,indie,False,America
5587,Sable Game Studios,France,2018,indie,False,Europe
5588,Sabotage Studio,Sweden,2006,indie,False,Europe
5589,Sabrina Aridi,Poland,1999,mid,False,Europe
5590,Sacada,USA,2007,mid,False,America
5591,Sacred Star Team,Japan,1987,indie,False,Asia
5592,Saham Studio,Russia,1997,indie,False,Europe
5593,Sai Attack,USA,1988,indie,False,America
5594,Sai Saga,USA,2017,indie,True,America
5595,Saibot Studios,UK,2013,indie,False,Europe
5596,Saif Al-Ethawi,USA,2016,indie,False,America
5597,Saikey Studios,France,1992,mid,False,Europe
5598,Saikono,Russia,2012,indie,False,Europe
5599,Sailors Moon,UK,1992,indie,False,Europe
5600,SaintBunny,Canada,2016,indie,False,America
5601,Sakura River Interactive,France,2017,indie,False,Europe
5602,Sakura Studios,USA,2011,indie,False,America
5603,SakuraGame,Canada,1984,mid,False,America
5604,Salmi Games,Japan,2017,indie,False,Asia
5605,"Salmon Raws, LLC.",UK,1989,indie,False,Europe
5606,Salt Castle Studio,UK,1996,indie,True,Europe
5607,Salt Grain Studio,Japan,1995,indie,False,Asia
5608,Salty Sloth Studios L.L.C.,Sweden,1984,indie,False,Europe
5609,SaltyGames,France,1982,indie,False,Europe
5610,Samharia Studios,Sweden,1980,indie,False,Europe
5611,Sami Kilani,Japan,1983,indie,False,Asia
5612,Sample Text Studio,Japan,2012,indie,False,Asia
5613,Samuel Hawes,USA,2022,indie,False,America
5614,Samuel Leigh,Japan,1979,indie,False,Asia
5615,SandStormeStudio,Russia,2021,indie,False,Europe
5616,Sander Bos,UK,1975,indie,False,Europe
5617,Sanguine Studios,Canada,1978,indie,False,America
5618,"Sansar, Inc",USA,1975,indie,False,America
5619,Santa Ragione,USA,1986,indie,False,America
5620,Santiago Medina,UK,2004,indie,False,Europe
5621,Sanuk Inc.,UK,1998,mid,False,Europe
5622,Saona Studios,France,2000,indie,False,Europe
5623,SapStaR Games,Japan,1987,indie,False,Asia
5624,Sapphire Dragon Productions,Germany,2005,mid,False,Europe
5625,Sasha-Toi,UK,1978,mid,False,Europe
5626,Sati Bros,Japan,1995,indie,False,Asia
5627,Sato Fumiya,Russia,2021,mid,False,Europe
5628,"Saturn VR , NipsApp Gaming Software Pvt Ltd",USA,2014,indie,False,America
5629,Saucy Melon,Sweden,2002,indie,False,Europe
5630,Saurus Digital,USA,1994,indie,False,America
5631,Sautilus,France,2001,indie,False,Europe
5632,Savage Old Gamers,Poland,1996,indie,False,Europe
5633,Savanna Developments,Poland,2004,indie,False,Europe
5634,Savepoint Studios,Poland,1975,indie,False,Europe
5635,SavySoda,Russia,1993,indie,False,Europe
5636,SawaiwaGame,Germany,2006,indie,False,Europe
5637,"Scalable Graphics USA, INC",USA,2001,indie,False,America
5638,Scalding Soup Studios,USA,2011,indie,False,America
5639,ScapeGoat,UK,1997,indie,False,Europe
5640,Scarecrow Arts,Japan,1978,indie,False,Asia
5641,Scarlet Studio,USA,2013,indie,False,America
5642,Scary Bee LLC,Japan,2004,mid,False,Asia
5643,Schism,Germany,1992,indie,False,Europe
5644,SchizoID Games,Japan,2011,indie,False,Asia
5645,Schmidt Workshops,Canada,2003,mid,False,America
5646,School Fab Lab,Canada,1981,indie,False,America
5647,Schunkie Games,Australia,2001,indie,False,Oceania
5648,Schwan OG,Germany,2014,mid,False,Europe
5649,Scorching Summer,USA,2004,indie,False,America
5650,Scoria Studios,Japan,1979,indie,False,Asia
5651,Scott Garner,USA,2007,indie,False,America
5652,Scott H.F. Dunbar,Japan,2006,mid,False,Asia
5653,Scott Howie,UK,2005,indie,False,Europe
5654,Scout Game Studios,Germany,2007,indie,False,Europe
5655,Screambox Studio,USA,1988,indie,False,America
5656,Screaming Bee,France,2008,indie,False,Europe
5657,Screations,Germany,2002,indie,False,Europe
5658,Screen South,Japan,1991,indie,False,Asia
5659,Screwy Lightbulb,USA,2019,indie,False,America
5660,Scrunko Games,Sweden,1977,indie,False,Europe
5661,Sea Devil Raider Games,Japan,1995,indie,False,Asia
5662,Sea Lio,Poland,2012,indie,False,Europe
5663,SeaPhoenix,USA,1987,indie,False,America
5664,Seal the Deal Games,Russia,1988,indie,False,Europe
5665,Sean Mombourquette,Poland,2021,indie,False,Europe
5666,Sean N Richardson,USA,1995,indie,False,America
5667,Sean O'Connor,Russia,2008,indie,False,Europe
5668,Sean Piche,USA,2009,indie,False,America
5669,Seatribe,Germany,1993,indie,False,Europe
5670,Seaven Studio,UK,2013,indie,False,Europe
5671,SebDev,Poland,1982,indie,False,Europe
5672,Sebastian Kemper,Japan,2001,mid,False,Asia
5673,Sebastian Lind,USA,1992,indie,False,America
5674,Second Avenue Learning,USA,1988,mid,False,America
5675,Second Maze,UK,2011,indie,False,Europe
5676,Second Wind,USA,2009,indie,False,America
5677,SecreD,USA,2016,indie,False,America
5678,Secret Labo,USA,1981,mid,False,America
5679,Secret Mode,USA,1990,indie,False,America
5680,Sedoc LLC,Germany,1976,mid,True,Europe
5681,SeedWall,Sweden,2013,mid,True,Europe
5682,SeenKid,Japan,1994,indie,False,Asia
5683,Seinäjoki University of Applied Sciences,USA,1997,indie,False,America
5684,SeithCG,Germany,1996,indie,False,Europe
5685,Seito Games,Russia,2014,mid,False,Europe
5686,Sejadasi,USA,2010,indie,False,America
5687,Sejong ST Plan,USA,2020,indie,False,America
5688,Sekai Project,USA,2018,aaa,False,America
5689,SekaiFrieden,Russia,2009,indie,False,Europe
5690,Sektan,USA,2007,indie,False,America
5691,Selecta Play,Japan,2018,indie,True,Asia
5692,Self,Japan,2008,indie,False,Asia
5693,Self Published,Australia,1993,indie,False,Oceania
5694,Self-Published,USA,2015,indie,False,America
5695,Self-published,Canada,1981,indie,False,America
5696,SelfMadeGames,Russia,2018,indie,False,Europe
5697,SelianiDEV,France,1985,indie,False,Europe
5698,SeluGames,UK,2005,mid,False,Europe
5699,Semi Random Games,Australia,1996,indie,False,Oceania
5700,Semicolon,Russia,1997,indie,False,Europe
5701,Sen Games,USA,2018,indie,True,America
5702,Senerio,France,2005,indie,False,Europe
5703,Seniattus Studios,Canada,2019,indie,False,America
5704,Senpai Studios,Japan,1993,mid,False,Asia
5705,Sensation Games,USA,1978,indie,False,America
5706,Sensen Games,UK,2022,indie,False,Europe
5707,Senshi.Labs,Poland,1980,indie,False,Europe
5708,Sensible Brain,Germany,2013,indie,False,Europe
5709,Sentinel,Russia,2018,indie,False,Europe
5710,Sentinel Studios,UK,2004,indie,False,Europe
5711,Septime Studios,France,1981,indie,False,Europe
5712,Sepxikon,Germany,1997,indie,False,Europe
5713,Seraphall,Sweden,1986,indie,False,Europe
5714,Seraphim Creations,USA,2011,indie,True,America
5715,Serenity Forge,USA,2000,indie,False,America
5716,Serf100,USA,2014,indie,False,America
5717,Serge Kornew,Australia,2003,indie,False,Oceania
5718,Sergei Minin,Japan,2005,indie,False,Asia
5719,Sergey Domashenkin,UK,1994,indie,False,Europe
5720,Sergey Sevostyanov,USA,2007,indie,False,America
5721,SergeyDoes,France,2022,indie,False,Europe
5722,Serkan ÇINAR,UK,1987,indie,False,Europe
5723,Serpentine Arts Technologies,USA,1986,indie,False,America
5724,Session Seven Team,Germany,1975,indie,False,Europe
5725,Session Studios,UK,1996,indie,False,Europe
5726,Seth Johnson,France,1981,indie,False,Europe
5727,Seven Blue Pixels,UK,1981,indie,False,Europe
5728,Seven Games,Germany,1998,indie,False,Europe
5729,Seven Sails Games,Russia,1990,mid,False,Europe
5730,Seven Seas Software,Sweden,2005,indie,False,Europe
5731,Sevite byte studio,Japan,1988,indie,False,Asia
5732,Shadow Factory,USA,2004,mid,False,America
5733,Shadow Gengis,USA,1995,indie,False,America
5734,Shadowless Gaming,Australia,1989,indie,False,Oceania
5735,Shady Corner Games,USA,2019,mid,False,America
5736,Shaftesbury Sales Company Inc,Canada,2011,indie,False,America
5737,Shaggles,Russia,2011,indie,False,Europe
5738,ShallowStomach,UK,2002,indie,False,Europe
5739,Shaman Games Studio,USA,1987,indie,False,America
5740,Shaman Garage,UK,1975,indie,False,Europe
5741,Shambles Software,USA,2019,mid,False,America
5742,Shanbo Studio,UK,2008,indie,True,Europe
5743,Shandong Qianbei Technology Co. Ltd,Sweden,2008,indie,False,Europe
5744,ShaneGame,Sweden,1977,mid,False,Europe
5745,"Shanghai Niuka Network Technology Co.,Ltd.",Canada,1985,indie,False,America
5746,"Shanghai ThinkingBear Network Technology Co.,Ltd",USA,2022,indie,False,America
5747,Shanhai Entertainment,Japan,1986,indie,False,Asia
5748,Shapeshift Entertainment ApS,Poland,2022,indie,False,Europe
5749,SharF Co.,Russia,1985,mid,False,Europe
5750,Shark Punch,UK,2007,indie,False,Europe
5751,Shark Shark Game,Canada,1999,indie,True,America
5752,SharkFishFish,USA,1997,indie,False,America
5753,Sharkbowl Games,Poland,1983,indie,False,Europe
5754,Shattered Journal Games,Russia,2020,indie,False,Europe
5755,Shattered Mirror,Australia,2004,indie,False,Oceania
5756,Shatterproof Games,USA,1980,indie,False,America
5757,Shawn Huang Fernandes,Poland,2015,indie,False,Europe
5758,Shawn Kilian,Russia,1988,indie,False,Europe
5759,Shayride Studios,Russia,1993,indie,False,Europe
5760,Sheado.net,Japan,1996,indie,False,Asia
5761,Sheer Studios,Poland,2009,mid,False,Europe
5762,Shichifu,Canada,1988,indie,False,America
5763,Shift Now,USA,2003,indie,False,America
5764,ShiinaYashiro,Germany,2005,indie,True,Europe
5765,Shin Tomura,USA,2019,indie,False,America
5766,Shinypix,UK,2007,indie,False,Europe
5767,Shinyuden,Sweden,2010,mid,False,Europe
5768,Shipside Company,USA,1986,indie,False,America
5769,Shiravune,France,1989,mid,False,Europe
5770,Shitty Idle Studios,Poland,1999,indie,False,Europe
5771,Shmoops Games,UK,2019,indie,False,Europe
5772,Shockah,Poland,2016,mid,False,Europe
5773,Shooter,Russia,1992,indie,False,Europe
5774,Shorebound Studios,UK,1985,indie,False,Europe
5775,Short Circuit Studios,Sweden,1984,indie,False,Europe
5776,ShortStackStudio,USA,2009,indie,False,America
5777,Shoujo City Developer,France,1992,indie,False,Europe
5778,Shuffle Studio,Poland,2018,indie,False,Europe
5779,Shumkov Dmitriy,Australia,2012,indie,False,Oceania
5780,Shupernom LTD,Canada,1982,indie,False,America
5781,Sibcat Team,USA,1979,indie,False,America
5782,Siberius Studio,Sweden,1999,indie,True,Europe
5783,Siddharth Sivaraman,Canada,2011,indie,False,America
5784,Side B Gaming,France,2013,indie,False,Europe
5785,Sidekick Animation Studio Ltd.,UK,1977,indie,False,Europe
5786,Sidewalk Game Studios,France,2008,indie,False,Europe
5787,Sideways GameStudio,Canada,2014,indie,False,America
5788,SienceBoy,UK,2012,indie,False,Europe
5789,Sierra Lee,Canada,1975,indie,False,America
5790,SiggoGames,USA,2007,indie,False,America
5791,Siggraph VR Theater 2020,Japan,1981,indie,False,Asia
5792,Signal Space Lab,USA,2016,indie,False,America
5793,Sigyaad Team,USA,1999,indie,False,America
5794,Silent Daddio Studios,France,2016,indie,False,Europe
5795,Silent Legends,Sweden,1995,indie,False,Europe
5796,"Silent S Studios, LLC",Canada,1999,indie,False,America
5797,SilentFuture,USA,1988,indie,False,America
5798,Silesia Games,Germany,2009,indie,False,Europe
5799,Silhouette Valley Games,Canada,1975,indie,False,America
5800,Silhouette Wolf,Australia,2007,indie,False,Oceania
5801,Silken Dusk Games,Japan,1999,indie,False,Asia
5802,Silver,Germany,1980,indie,False,Europe
5803,Silver Cow Studio,USA,1981,indie,False,America
5804,Silver Ink Studios,Russia,1988,indie,False,Europe
5805,Silver Lining Interactive,USA,2001,mid,False,America
5806,SilverForge,Japan,1996,indie,False,Asia
5807,SilverSkill Games,France,1993,indie,False,Europe
5808,Silversoft,Russia,1988,indie,False,Europe
5809,SimBin,Japan,1982,indie,False,Asia
5810,SimProse Studios,USA,2020,indie,False,America
5811,Simernes,Australia,2001,indie,False,Oceania
5812,Similitude,Germany,1989,indie,False,Europe
5813,Simionescu Mihnea,USA,2012,indie,False,America
5814,Simm Games LLC,Sweden,1978,indie,False,Europe
5815,Simnetic Game,USA,1994,indie,False,America
5816,Simofun,USA,2012,indie,False,America
5817,Simon Eriksson,Germany,2006,indie,False,Europe
5818,SimonCreative,Russia,2007,indie,False,Europe
5819,Simone Del Signore,USA,1982,indie,False,America
5820,Simone Filippini,Germany,1977,indie,False,Europe
5821,Simple Gaming - JVJ,Germany,2022,indie,False,Europe
5822,SimpleDes,Japan,2013,indie,False,Asia
5823,SimplePlan Studio,Australia,1989,indie,False,Oceania
5824,Simulated Entertainment,USA,1999,indie,False,America
5825,SinSisters Studios,Canada,1994,indie,False,America
5826,SincArt Studio,USA,1983,indie,False,America
5827,Sinclair Gurny,USA,1979,indie,False,America
5828,Singer Studios,USA,1976,indie,False,America
5829,Single Cell Productions,Canada,1983,indie,False,America
5830,Single Geared Games,UK,2009,indie,False,Europe
5831,SingleDev,Sweden,2009,indie,False,Europe
5832,Singular Scheme,Poland,1976,indie,False,Europe
5833,Sinned Games,USA,1991,indie,False,America
5834,Sinner's Lotion,UK,2004,indie,False,Europe
5835,Sinnesloschen,UK,2010,indie,False,Europe
5836,Sir Arcanos,USA,2011,indie,False,America
5837,Sirius Games,USA,1977,indie,True,America
5838,Sirlin Games,Sweden,1979,mid,False,Europe
5839,SixGuys,France,1986,indie,False,Europe
5840,Sixteen Tons Entertainment,USA,2000,mid,False,America
5841,SkagoGames,USA,1987,indie,False,America
5842,Skald Software,USA,1988,indie,False,America
5843,Skarond,Australia,1986,indie,True,Oceania
5844,Skatanic Studios,Germany,2010,indie,False,Europe
5845,Skeletal Softworks LLC,USA,2013,indie,False,America
5846,Skeleton Crew Labs,USA,1992,indie,False,America
5847,Skermunkel,UK,2020,indie,False,Europe
5848,Sketchy Logic,UK,2004,indie,False,Europe
5849,Skmaestro,Sweden,1985,indie,True,Europe
5850,Skobbejak Games,Russia,1998,indie,True,Europe
5851,Skullcap Studios,Canada,2010,indie,True,America
5852,Skullfish Studios,Canada,1988,indie,False,America
5853,Skunkape Interactive,Sweden,1997,indie,False,Europe
5854,Skuxx Games,Australia,1998,indie,True,Oceania
5855,Sky Nite,Australia,2020,indie,False,Oceania
5856,SkyCat Games,USA,1979,indie,True,America
5857,SkyGoblin,Poland,2011,indie,False,Europe
5858,Skydome Studios,Sweden,2006,indie,False,Europe
5859,Skyline Games,Sweden,1998,indie,False,Europe
5860,Skylor Beck,Poland,1996,indie,False,Europe
5861,Skyward Games,USA,1983,indie,True,America
5862,Slapunas and Jakayaki,UK,1987,indie,False,Europe
5863,Slavic Balls,Poland,2012,indie,False,Europe
5864,SleekTiki Interactive LLC,Poland,1984,indie,False,Europe
5865,Sleeping Eight Studio,USA,1994,indie,False,America
5866,Sleepless Studio,Poland,1996,indie,False,Europe
5867,Sleepy Siren Studios LLC,Canada,2001,indie,False,America
5868,Slendykray,USA,1978,indie,False,America
5869,Slight Super Powers,UK,2017,indie,False,Europe
5870,Slightly Ambitious Games,Australia,1998,indie,False,Oceania
5871,SlimeNot,USA,2013,indie,False,America
5872,Slippy Floor,UK,2007,mid,True,Europe
5873,Slitherine LTD.,USA,2010,mid,False,America
5874,Slitherine Ltd.,UK,2018,aaa,False,Europe
5875,Sloppy Joe Studios,UK,1980,indie,False,Europe
5876,Slug Disco,Japan,1990,indie,False,Asia
5877,SlugShot Games,USA,1998,indie,True,America
5878,Small Room Games,Poland,1976,indie,False,Europe
5879,Small Screen Studios,USA,2015,indie,False,America
5880,Small is Beautiful Studio inc.,UK,1998,indie,False,Europe
5881,SmallMill,Canada,2020,indie,False,America
5882,SmallRiverStudio,UK,2022,indie,False,Europe
5883,Smart AI Games,USA,1981,indie,False,America
5884,Smart Gamma,Russia,2013,indie,True,Europe
5885,SmartGames,USA,1975,indie,False,America
5886,Smartmove,Australia,1981,indie,False,Oceania
5887,SmoochGM,Germany,2013,indie,True,Europe
5888,Snail Games,Russia,2013,indie,False,Europe
5889,Snail-Ninja Studio,Japan,1997,indie,True,Asia
5890,Snails Animation,Australia,1982,indie,False,Oceania
5891,Snap Finger Click,Russia,1985,indie,False,Europe
5892,Snapbreak,Sweden,2005,indie,False,Europe
5893,Snkl Studio,Russia,1992,aaa,False,Europe
5894,Snob Entertainment UG,Sweden,2016,indie,False,Europe
5895,Snotwurm,USA,2015,indie,False,America
5896,SnoutUp,France,1993,mid,False,Europe
5897,Snow Cannon Games,Canada,2018,indie,False,America
5898,Snow Run Games,Japan,2022,indie,False,Asia
5899,Snowbird Games,Germany,2015,mid,False,Europe
5900,Snowdrop,Australia,1975,indie,False,Oceania
5901,Snowly Games,USA,2010,indie,False,America
5902,Snowman,USA,1976,indie,False,America
5903,Snowski,UK,2018,indie,False,Europe
5904,Snubber,USA,1999,indie,False,America
5905,Snuggle bug,USA,1993,indie,False,America
5906,"So It Appears, INC.",Canada,2020,indie,False,America
5907,SoG,Japan,2018,indie,False,Asia
5908,SocksandGoats Studios,Sweden,1993,indie,False,Europe
5909,Sockware,USA,1993,indie,False,America
5910,Soda Game Studio,UK,1975,indie,False,Europe
5911,"Sodan ja rauhan keskus Muisti, Päämajamuseo",Australia,1978,indie,False,Oceania
5912,Soft Mountain,France,1976,indie,False,Europe
5913,Soft Source Pte Ltd,Canada,1997,indie,False,America
5914,Softlock Interactive,USA,1995,indie,False,America
5915,Software Development Headquarters,Sweden,1983,indie,False,Europe
5916,Soined,Canada,2012,indie,False,America
5917,Soju and Ink,UK,1980,indie,True,Europe
5918,Sokaikan ltd,Russia,1976,indie,False,Europe
5919,Sokpop Collective,Australia,1991,aaa,False,Oceania
5920,Sol Bot Studios,France,1982,indie,False,Europe
5921,SolarLance,Japan,1994,indie,False,Asia
5922,Soldak Entertainment,USA,1987,indie,False,America
5923,Solder Spark Studios,Japan,1982,indie,False,Asia
5924,Soldier Girl Interactive,Russia,1975,indie,False,Europe
5925,Solistic Studios,UK,1996,indie,False,Europe
5926,SoloGameDevBlog,Sweden,2017,indie,False,Europe
5927,SoloProduction,USA,2022,indie,False,America
5928,SoloQ,Japan,1986,indie,False,Asia
5929,Solohack3r Studios,Sweden,1997,mid,False,Europe
5930,Soloweb Studios,USA,1998,indie,False,America
5931,SolsLuminous,USA,1999,indie,False,America
5932,Solsgames,Australia,2014,indie,True,Oceania
5933,SomSmolGeims,Russia,1992,mid,False,Europe
5934,Some Sugar Studio,Germany,2003,indie,False,Europe
5935,SomeGuyGames,USA,2014,indie,False,America
5936,Sometimes You,France,1981,aaa,True,Europe
5937,Somnambulist Games,Sweden,2009,indie,False,Europe
5938,Soner Çakır,Germany,2016,indie,False,Europe
5939,Song,UK,1981,indie,False,Europe
5940,Song Qiang Sheng,USA,1999,indie,False,America
5941,Song of Songs,USA,2001,indie,False,America
5942,Sonorous Games,Australia,1999,indie,False,Oceania
5943,Sony,Germany,1997,indie,False,Europe
5944,Sony Music Entertainment (Japan) Inc. / UNTIES,UK,1978,mid,False,Europe
5945,Sony Pictures Virtual Reality,Sweden,1978,indie,False,Europe
5946,Sonzai Games,USA,1994,indie,False,America
5947,Soomi Games,Australia,2011,indie,False,Oceania
5948,Sophisticated keppana enjoyers,USA,2004,indie,False,America
5949,Sora,Sweden,2012,indie,False,Europe
5950,"Sorairo, Inc.",Japan,1982,indie,True,Asia
5951,Sorcerer on the Rocks,Germany,2015,indie,False,Europe
5952,SorceressGameLab,Poland,1991,indie,False,Europe
5953,SoteroApps,Canada,1984,mid,False,America
5954,SoulBlade Studio LLC,UK,1975,indie,False,Europe
5955,Soultek Studio,Sweden,2018,indie,False,Europe
5956,Soulwarmers Games,Germany,2001,indie,False,Europe
5957,Sounding Stone / 老奉毊,Germany,2009,indie,False,Europe
5958,Sour Lemon Studios,USA,2011,indie,False,America
5959,Source Byte Sp z o.o.,Germany,1997,indie,False,Europe
5960,South Blue Moon,Poland,2013,indie,False,Europe
5961,Southfish Studio,Sweden,1996,indie,False,Europe
5962,Soy Boy Games,Australia,2006,indie,False,Oceania
5963,Space Alpha,USA,2017,indie,False,America
5964,Space Banana Studio,Poland,1989,indie,False,Europe
5965,Space Boat Studios,Germany,1976,indie,False,Europe
5966,SpaceGames,Japan,2005,indie,False,Asia
5967,SpaceOrca,UK,1984,indie,False,Europe
5968,Spacefarer R&D Ltd.,Sweden,2012,indie,False,Europe
5969,Spaceive,USA,1976,indie,False,America
5970,Spacezero Interactive,Poland,1981,indie,False,Europe
5971,Spanking Machine,USA,1997,indie,False,America
5972,Spark Plug Games,USA,1994,indie,False,America
5973,SparrowGameStudio,Canada,1976,indie,False,America
5974,Spawn Digital,Germany,1982,indie,False,Europe
5975,Spawn of Typhon Games,USA,2004,indie,False,America
5976,Spearhead Games,Japan,2010,mid,False,Asia
5977,Specialbit Studio,USA,2019,indie,False,America
5978,Specspel,UK,1998,indie,False,Europe
5979,SpectraCoder,Japan,1995,indie,False,Asia
5980,Specular Theory,Japan,1985,indie,False,Asia
5981,Speedrobo Games,USA,2001,indie,False,America
5982,Speedtrap Studios,Canada,1988,indie,False,America
5983,Spelkollektivet,USA,1989,indie,False,America
5984,Spellman Studios,USA,2018,indie,False,America
5985,Spellweaver,France,2011,indie,False,Europe
5986,SpherianGames,USA,2001,indie,False,America
5987,Spherum LLP,UK,1981,indie,False,Europe
5988,Spider Lily Studios LLC,USA,2018,indie,False,America
5989,Spiderweb Software,USA,2003,mid,False,America
5990,"Spike Chunsoft Co., Ltd.",France,1989,mid,False,Europe
5991,Spike Studio,Germany,2007,indie,False,Europe
5992,Spikkeee,Poland,2010,indie,False,Europe
5993,Spilt Milk Studios Ltd,France,2002,indie,True,Europe
5994,Spin City,UK,2021,indie,False,Europe
5995,Spiral Summit Games,Germany,2005,indie,False,Europe
5996,Spiral Up Games,USA,1992,mid,False,America
5997,Spirit Games,USA,2022,indie,False,America
5998,Spirulena,USA,2017,indie,False,America
5999,SplashPunk Studios,USA,1977,indie,False,America
6000,Splashworks Studio,Australia,2008,indie,False,Oceania
6001,Splendortek,USA,1979,indie,False,America
6002,Spliced Games,Poland,2005,indie,False,Europe
6003,Spongey Kitty,Russia,2022,indie,False,Europe
6004,SpoocleMacBoogle,UK,1979,mid,False,Europe
6005,Spookulele Games,Australia,2004,indie,False,Oceania
6006,Spooky Doughnut Games,Sweden,1976,indie,False,Europe
6007,Spooky House,USA,2009,indie,False,America
6008,Spooky Squid Games Inc.,Russia,1989,mid,False,Europe
6009,Spoonful Games,UK,1992,indie,False,Europe
6010,Spoony Bard Productions,UK,1997,indie,False,Europe
6011,Sport1 GmbH,UK,1994,indie,False,Europe
6012,Spotted Kiwi Interactive,Sweden,1987,indie,False,Europe
6013,Sprakelsoft GmbH,USA,2000,indie,False,America
6014,Springloaded,UK,1986,indie,False,Europe
6015,Spritewrench,USA,2015,indie,False,America
6016,Sprouting Potato,USA,2016,indie,False,America
6017,Sprovieri Games,France,1989,indie,False,Europe
6018,Spy On The Wall,USA,1994,indie,False,America
6019,Spyridon Thalassinos,UK,2007,indie,False,Europe
6020,Squadroni Cacciatori,Sweden,2000,mid,False,Europe
6021,"Squanch Games, Inc.",Japan,2008,indie,False,Asia
6022,Square Enix,USA,2018,aaa,False,America
6023,Squidpunch Studios,USA,1979,indie,False,America
6024,Stache Studios,France,2017,indie,False,Europe
6025,Stack Interactive,USA,2000,indie,False,America
6026,Stacks:Engine,USA,2008,indie,False,America
6027,Stagees,Japan,2004,indie,False,Asia
6028,Stairs Productions,Canada,1977,indie,False,America
6029,Stand Off Software,Poland,2004,indie,False,Europe
6030,Standable,Russia,1987,indie,False,Europe
6031,StaplesVR,Germany,2019,indie,False,Europe
6032,Star & Moon Romance,USA,2003,indie,False,America
6033,Star Losvice,Russia,2012,indie,False,Europe
6034,Star Mill B.V.,Germany,1975,indie,False,Europe
6035,Star Shell,USA,1989,indie,True,America
6036,Star Vault AB,Sweden,2008,mid,False,Europe
6037,StarSystemStudios,USA,2011,mid,False,America
6038,StarTroop LLC,USA,1993,indie,False,America
6039,Starbreeze Entertainment,USA,1986,indie,False,America
6040,Starcade Arcade,USA,2019,indie,False,America
6041,Stardock,Germany,1981,mid,False,Europe
6042,Stardock Entertainment,USA,2021,mid,False,America
6043,Stardust Collective,USA,2019,indie,False,America
6044,Stargazer Studio,Japan,2019,indie,False,Asia
6045,Starlights Team,USA,1979,indie,False,America
6046,Starmage,Sweden,2017,indie,False,Europe
6047,Starmops,UK,2007,indie,False,Europe
6048,Starmyth,USA,1986,mid,False,America
6049,Starni Games,UK,1979,indie,False,Europe
6050,Starship Studio,France,1990,mid,False,Europe
6051,Starside Studios LLC,USA,2021,indie,False,America
6052,Start Warp,Germany,2000,indie,True,Europe
6053,StartDev Studios,Japan,1994,indie,False,Asia
6054,Startreming Games,USA,1985,indie,False,America
6055,StarworkGC,Canada,1991,indie,False,America
6056,Stas Shostak,USA,1996,indie,False,America
6057,Stasis Booth Games,USA,1980,indie,False,America
6058,Station437,Germany,1986,mid,False,Europe
6059,Statto Software,France,2003,indie,False,Europe
6060,Status Void Interactive,USA,2016,indie,False,America
6061,Ste's Project,Sweden,2011,indie,False,Europe
6062,Steampunk,Russia,1978,indie,False,Europe
6063,Steel Thunder,Sweden,1986,indie,False,Europe
6064,Steelehouse VR Studios,France,2008,indie,False,Europe
6065,Stefan Preuss,Japan,1997,indie,False,Asia
6066,Stefano_Gaming,UK,2001,indie,False,Europe
6067,Stegalosaurus Game Development,Canada,1990,aaa,False,America
6068,Stelex Software,Russia,1977,indie,False,Europe
6069,Stephen Ciuca,France,2007,indie,False,Europe
6070,Stequer,Poland,1980,indie,False,Europe
6071,Steth Games,Russia,2018,indie,False,Europe
6072,Steve Jarman,Russia,1985,indie,False,Europe
6073,Steven Peregrine,USA,2019,indie,False,America
6074,Steven Silverstein,Germany,1979,indie,False,Europe
6075,StevenKollarSoftware,USA,2006,indie,True,America
6076,Stick Productions,USA,2020,indie,False,America
6077,Sticky Platypus,Poland,2010,indie,False,Europe
6078,Sticky Rice,USA,1993,indie,False,America
6079,Stingbot Games,Australia,1985,indie,True,Oceania
6080,Stir-fried Pineapple Games,Germany,2001,indie,False,Europe
6081,Stirling Games,Germany,1994,indie,False,Europe
6082,Stolen Couch Games,UK,1988,indie,False,Europe
6083,StoneBlade,Germany,2010,indie,False,Europe
6084,Stonebrick Studios UG,USA,1989,indie,False,America
6085,Stonehill Games,USA,2003,indie,False,America
6086,Storm Isle Productions,UK,2020,indie,False,Europe
6087,StormZ Entertainement,Russia,2014,indie,False,Europe
6088,Storming Tech,Canada,2015,indie,False,America
6089,Story Fort LLC,USA,2010,indie,False,America
6090,Storytaco,Germany,2002,indie,False,Europe
6091,Straight Back Games,Japan,1979,indie,False,Asia
6092,Strange Cascade,Germany,1991,indie,False,Europe
6093,Strange Games Studios,Australia,2001,mid,False,Oceania
6094,Strange Girl Studios,Canada,2018,indie,False,America
6095,Strangest.io,Russia,1998,indie,False,Europe
6096,Strategy First,USA,2007,aaa,False,America
6097,Stratera Games,USA,2005,indie,False,America
6098,Strawberry Games,Canada,2008,indie,False,America
6099,Streum On Studio,USA,2014,indie,False,America
6100,Striped Panda Studios,UK,1989,indie,False,Europe
6101,Strobs Canardly,Germany,2018,indie,False,Europe
6102,Strok applications,Japan,2019,indie,False,Asia
6103,Struggle Bus Games LLC,USA,2009,indie,False,America
6104,Strummer Games,Sweden,1987,indie,False,Europe
6105,Stubborn Horse Studios,Sweden,1999,indie,True,Europe
6106,Stuck In Attic,USA,1992,indie,False,America
6107,Studio Esagames,USA,1999,indie,False,America
6108,Studio F#,USA,1982,indie,False,America
6109,Studio GPBeta,Poland,1986,mid,False,Europe
6110,Studio Gamaii,Russia,2012,indie,False,Europe
6111,Studio Ganzheit,Sweden,2000,indie,False,Europe
6112,Studio Gimbap,Canada,1989,indie,False,America
6113,Studio Gravenoire,UK,1985,indie,False,Europe
6114,Studio Guirdy,USA,2007,indie,False,America
6115,"Studio Hatch Co., Ltd.",Canada,1976,indie,False,America
6116,Studio LEF,Japan,1980,indie,False,Asia
6117,Studio Mechka,Japan,2010,indie,False,Asia
6118,Studio Merkas,Japan,1999,indie,False,Asia
6119,Studio Night,Poland,1975,indie,False,Europe
6120,Studio Oleomingus,Russia,1981,indie,False,Europe
6121,Studio P.23,Germany,1975,indie,False,Europe
6122,Studio Pakira,Poland,2022,indie,False,Europe
6123,"Studio Roqovan, Inc.",France,1988,indie,False,Europe
6124,Studio Seeck,USA,2014,indie,False,America
6125,Studio Seven,USA,2005,indie,False,America
6126,Studio Six,Germany,1986,mid,False,Europe
6127,Studio SoulAres,USA,2000,indie,False,America
6128,Studio Squid Inc,UK,1995,indie,False,Europe
6129,Studio TAPAS,Germany,1988,indie,False,Europe
6130,Studio TeamShuriken,Germany,1975,indie,False,Europe
6131,Studio WhatHunts,France,2017,indie,False,Europe
6132,Studio Whip,USA,1996,indie,False,America
6133,Studio Z,Sweden,1996,indie,False,Europe
6134,Studio215,Japan,2008,indie,False,Asia
6135,StudioDisrupt,Russia,1993,indie,False,Europe
6136,"Studiobside Co.,Ltd",Germany,1975,indie,False,Europe
6137,StudyFun,Russia,1999,indie,False,Europe
6138,Sub Orbital Software,UK,2018,indie,False,Europe
6139,Sub:06,France,1987,indie,False,Europe
6140,Subcreation Studio,Japan,2000,indie,True,Asia
6141,Subpixel Studios,Canada,1993,indie,False,America
6142,Subsun LLC,UK,2013,indie,False,Europe
6143,Succubella Games,Germany,2007,indie,False,Europe
6144,Sudan Minami,USA,2019,indie,False,America
6145,Sudden Frog,Poland,2014,indie,False,Europe
6146,Sugar Rush Studios,UK,1996,indie,False,Europe
6147,Sugarpunch Games,UK,2000,indie,False,Europe
6148,SukoyakaMeteor,UK,1987,indie,False,Europe
6149,Sum Co.,Australia,2001,indie,True,Oceania
6150,SumFell,USA,2008,indie,False,America
6151,Sun Haitao,Poland,1994,indie,False,Europe
6152,Sun Labyrinth LLC,Germany,2002,indie,False,Europe
6153,Sunamii,UK,1978,indie,False,Europe
6154,Sunflower Ocean,Russia,2021,indie,False,Europe
6155,Sungame Studio,USA,2004,indie,False,America
6156,Sungazer Software LLC,Japan,1977,indie,False,Asia
6157,Sunlight Games,USA,1976,indie,False,America
6158,Sunny Blaze,Australia,1994,indie,False,Oceania
6159,SunnyCitrus,USA,1981,indie,False,America
6160,Sunrealm Studios,Russia,1982,indie,False,Europe
6161,Sunrise9,Sweden,2003,indie,False,Europe
6162,Sunset Dreamland,Poland,1985,indie,False,Europe
6163,Sunset Sugar Studios,Sweden,1988,indie,False,Europe
6164,SunshineOvercast,France,2019,indie,False,Europe
6165,Sunstar Gaming Productions,USA,1979,indie,False,America
6166,Super Games Studio,USA,1987,indie,False,America
6167,Super God,Poland,1995,indie,False,Europe
6168,Super PowerUp Games,Japan,2014,aaa,False,Asia
6169,Super Punch Games,Sweden,2005,indie,False,Europe
6170,Super Rare Originals,UK,2010,indie,False,Europe
6171,Super Retro Duck,Sweden,1978,indie,False,Europe
6172,Super X Studios LLC,USA,2001,indie,False,America
6173,Super16bits,Poland,1987,indie,False,Europe
6174,SuperGG.com,USA,2018,indie,False,America
6175,SuperLoki,Australia,1978,indie,False,Oceania
6176,SuperbSusGamez,USA,2006,indie,False,America
6177,Superboss Games,Australia,2006,indie,False,Oceania
6178,Supergiant Games,Russia,2017,indie,False,Europe
6179,Superstring,USA,1983,indie,False,America
6180,SureAI,USA,2013,indie,False,America
6181,Surefire.Games,USA,1980,aaa,False,America
6182,Surf Monster Studio,Japan,1996,indie,False,Asia
6183,SurvivalMyths,Germany,1982,mid,False,Europe
6184,SusaDeBeast,USA,2013,indie,False,America
6185,Susan,USA,1976,indie,False,America
6186,Sven Möhring,Germany,2014,indie,False,Europe
6187,SvetaSky,USA,1994,indie,False,America
6188,Sviatoslav Solianyk,Sweden,2008,indie,False,Europe
6189,Swan Software,Poland,2003,indie,False,Europe
6190,Swarm Creations,USA,1982,indie,False,America
6191,Sweepy Games,UK,2006,indie,False,Europe
6192,Sweet Dog Studios,Germany,2002,indie,False,Europe
6193,Sweet Games,France,2012,indie,False,Europe
6194,SweetGamez,Sweden,2008,indie,False,Europe
6195,Swell Games LLC,Japan,1989,indie,False,Asia
6196,Swift Limit Games,USA,1994,indie,False,America
6197,Swinfjord-Games,Canada,1995,indie,False,America
6198,Switchblade Monkeys Entertainment,Russia,2014,indie,False,Europe
6199,Sylvia Sharpe,USA,1993,indie,False,America
6200,Symbol Games,USA,1992,indie,False,America
6201,Symphonic Games,USA,1983,indie,False,America
6202,Syndicate Atomic LLC.,USA,2021,indie,False,America
6203,Synectix Games,Germany,1979,indie,False,Europe
6204,Synector Games,UK,2004,indie,False,Europe
6205,Synnergy Circle Games,USA,2005,mid,False,America
6206,Synthetic Forms,USA,1995,indie,False,America
6207,SypherZent,Sweden,1990,indie,False,Europe
6208,Sysreb Games,Sweden,1999,indie,False,Europe
6209,System 3,USA,2009,indie,False,America
6210,System Era Softworks,Germany,1976,indie,False,Europe
6211,Szatkowsky,UK,2013,indie,False,Europe
6212,T Cubed Software,USA,1976,indie,False,America
6213,T-Bull,France,2009,indie,False,Europe
6214,"T-Time Technology CO., LTD.",Japan,2021,indie,False,Asia
6215,T. T. Hew Games,USA,1987,indie,False,America
6216,T.AdVance,Canada,1988,indie,False,America
6217,T.E.S.B.,France,1986,indie,False,Europe
6218,T.F.A.N.C.S.,UK,2003,indie,False,Europe
6219,T0 STUDIO,Sweden,2005,indie,False,Europe
6220,TABLE ELEVEN INC.,UK,2018,indie,False,Europe
6221,TADVGames Studio,Poland,1980,indie,False,Europe
6222,TAITO CORP.,Japan,2005,mid,False,Asia
6223,"TALESSHOP Co., Ltd.",UK,2001,mid,False,Europe
6224,TAO,Japan,2008,indie,False,Asia
6225,TAP OK G,UK,1989,indie,False,Europe
6226,TBD,Russia,2000,mid,False,Europe
6227,TBDTS Games,Germany,1990,indie,True,Europe
6228,TBF,USA,2022,indie,False,America
6229,TEAM Black Hat Robot,USA,2018,indie,False,America
6230,TEAM SHINZA,Japan,1994,indie,True,Asia
6231,TENSTACK,USA,2000,indie,False,America
6232,TERARIN GAMES,Poland,2011,indie,False,Europe
6233,TFK Studios,USA,1995,indie,False,America
6234,TGM,USA,1990,indie,False,America
6235,THE BROTHERHOOD,Australia,2016,indie,False,Oceania
6236,THE MARCH OF KWF,USA,1981,indie,False,America
6237,THQ Nordic,UK,1978,aaa,False,Europe
6238,THstudio,France,1979,indie,False,Europe
6239,TIFON STUDIO,Poland,2014,indie,False,Europe
6240,TIFON STUDIO EIROS,USA,2007,indie,False,America
6241,TIKVA VR,USA,1976,indie,False,America
6242,TJIS Record,Germany,1976,indie,False,Europe
6243,TKG Inc,Poland,1995,indie,True,Europe
6244,TLR Games,France,2000,indie,False,Europe
6245,TLS,France,2013,indie,True,Europe
6246,TMFX Studios,Sweden,2013,indie,False,Europe
6247,TMIN,USA,1980,indie,False,America
6248,TNT studio,UK,1994,indie,True,Europe
6249,TOG,USA,1982,indie,False,America
6250,"TOM CREATE CO.,LTD.",France,1995,indie,False,Europe
6251,TOPCO INTERNATIONAL INC,USA,1984,indie,False,America
6252,TOUCHFLOW GAMES,Japan,1980,indie,False,Asia
6253,TRC DMI,USA,2003,indie,False,America
6254,TREE Industries,Canada,2011,indie,False,America
6255,TROLL STUDIOS,USA,1990,indie,False,America
6256,TRP no studio,Poland,2002,indie,False,Europe
6257,TRYWARE,France,1984,indie,True,Europe
6258,TSB,Germany,1991,indie,False,Europe
6259,TSW,Japan,1999,indie,False,Asia
6260,TTeokLeaf,Poland,2020,indie,False,Europe
6261,TWEN,USA,2011,indie,False,America
6262,TZ,Sweden,1998,indie,False,Europe
6263,T_T Games,UK,1979,indie,True,Europe
6264,TaaroBravo,USA,1994,indie,False,America
6265,Tabby Cat,France,2006,indie,False,Europe
6266,Taboo Tales 💘,France,2015,mid,False,Europe
6267,Taco Truck Games,Poland,1988,indie,False,Europe
6268,Tactic Forge,Australia,1998,indie,False,Oceania
6269,Tagunda LLC,Sweden,1993,indie,False,Europe
6270,Taho,USA,2017,indie,False,America
6271,Taiga,USA,2009,indie,False,America
6272,Tainted Games,Australia,2004,mid,False,Oceania
6273,Takain,Japan,1994,indie,False,Asia
6274,Take Aim Games,USA,2013,indie,False,America
6275,Take IT Studio!,Russia,2014,indie,False,Europe
6276,Takeover Studios,Australia,2013,indie,False,Oceania
6277,TakuyaMiyazaki,UK,1988,indie,False,Europe
6278,Talanta Net Games,Australia,1996,indie,False,Oceania
6279,Tale of Fortune Studio,France,1986,indie,False,Europe
6280,Tale of Tales,Canada,2002,indie,False,America
6281,Talentless Person Games,Australia,2017,mid,False,Oceania
6282,Talgin Studio,Russia,2016,indie,True,Europe
6283,Talking About Media,Canada,2007,indie,False,America
6284,TalkingEEL,Russia,2007,indie,False,Europe
6285,Tall Story Games Ltd,Canada,1996,indie,False,America
6286,Tall Tale Games Ltd,USA,1991,indie,False,America
6287,TallShrimp,Japan,1992,indie,False,Asia
6288,Tamer Gölgesiz,Japan,2022,indie,False,Asia
6289,Tanagen South,UK,2009,indie,False,Europe
6290,Tank Commander Team,USA,1991,indie,False,America
6291,Tanny Tran,UK,1995,indie,False,Europe
6292,TaoJeruen,UK,1997,indie,False,Europe
6293,Taotie Industries,USA,2014,indie,True,America
6294,Taranau Aliaksei,France,2002,mid,False,Europe
6295,TarasB,France,2021,indie,False,Europe
6296,Tarba Paul Cornel,Germany,1988,indie,False,Europe
6297,Targem Games,USA,1990,mid,False,America
6298,Task Force Gaming LLC,USA,1995,indie,False,America
6299,Taskaev Iurii,UK,1989,indie,False,Europe
6300,"Tastee Beverage Studios, LLC",Germany,1991,indie,False,Europe
6301,Tasty Stewdios LLC,Poland,1983,indie,False,Europe
6302,Tate Multimedia,Canada,1991,indie,False,America
6303,TaterTLK,USA,1985,indie,False,America
6304,Taueon,Canada,1988,indie,False,America
6305,Tauron Glyph,UK,1978,indie,False,Europe
6306,Tazhel,Germany,1990,indie,True,Europe
6307,Tea Monster Games,Poland,2018,indie,False,Europe
6308,Tea-Powered Games,USA,1977,indie,False,America
6309,Team 2,USA,2021,indie,False,America
6310,Team 4U,USA,1986,indie,False,America
6311,Team B.R.O.S.,USA,1999,indie,False,America
6312,Team Carnal Instinct,Sweden,2018,indie,False,Europe
6313,Team Coconut,Canada,2020,indie,False,America
6314,Team D.F.S.C,Sweden,1999,indie,False,Europe
6315,Team DOCAAY,Sweden,1994,indie,False,Europe
6316,Team EdgeCase,UK,1997,indie,False,Europe
6317,Team Emergin,Japan,2019,indie,False,Asia
6318,Team Emily,Australia,1989,indie,False,Oceania
6319,Team Fractal Alligator,France,1993,indie,False,Europe
6320,Team Fuve,USA,2018,indie,False,America
6321,Team Jolly Roger,Australia,2007,indie,False,Oceania
6322,Team KL Studio,Russia,2010,indie,False,Europe
6323,Team LAZERZ,Sweden,2008,indie,False,Europe
6324,Team Monumental,USA,2011,indie,False,America
6325,Team Nassanttion,USA,2007,indie,False,America
6326,Team ParaLily,Japan,1987,indie,True,Asia
6327,Team Paw,Poland,2010,indie,False,Europe
6328,Team Pengdustry,Japan,1998,indie,False,Asia
6329,Team R.P,Germany,2018,indie,False,Europe
6330,Team RUN,UK,2015,mid,False,Europe
6331,Team SNEED,USA,2003,mid,False,America
6332,Team SolEtude,UK,2001,indie,False,Europe
6333,Team Sometimes Y,UK,2022,indie,False,Europe
6334,Team Spicy Bubble,Japan,1988,indie,False,Asia
6335,Team Syukino,Japan,2009,indie,False,Asia
6336,Team Terrible,Japan,1997,indie,False,Asia
6337,Team Vivat,Poland,1978,indie,False,Europe
6338,Team Waifu,Germany,1977,indie,False,Europe
6339,Team Woodsalt,USA,1996,indie,False,America
6340,Team Wulinshu,France,1983,indie,True,Europe
6341,Team Yokkyufuman,UK,2012,indie,False,Europe
6342,Team17,Sweden,1993,mid,False,Europe
6343,Team17 Digital,USA,2000,mid,False,America
6344,Team17 Digital Ltd,Sweden,1991,mid,False,Europe
6345,Team2Bit,Japan,2014,indie,False,Asia
6346,TeamNPC,USA,2015,indie,False,America
6347,TeamNova,Poland,1992,indie,True,Europe
6348,Teatime Research Ltd.,Japan,2015,indie,False,Asia
6349,Teawork Dev,Japan,2009,indie,False,Asia
6350,Tech Dream,Russia,1975,indie,False,Europe
6351,Tech Skull Studios,USA,1987,indie,False,America
6352,TechRoar,Japan,1986,indie,False,Asia
6353,"TechVillage Co., Ltd.",Australia,1979,indie,False,Oceania
6354,Techie,France,2015,indie,False,Europe
6355,TechieMay,USA,2002,indie,False,America
6356,Techland Publishing,France,2000,mid,False,Europe
6357,Technology and Creativity Limited,Japan,2005,indie,False,Asia
6358,Teddy Baker,USA,2019,indie,False,America
6359,Teebowah Games,UK,2003,indie,False,Europe
6360,Tegridy Made Games,UK,2019,mid,False,Europe
6361,Tehawar,Germany,1981,mid,False,Europe
6362,"Telophase Studios, LLC",Sweden,1987,indie,True,Europe
6363,Teltamo,USA,2022,indie,False,America
6364,Temel KIRCI,France,2008,indie,False,Europe
6365,Ten Percent Red,USA,1985,indie,False,America
6366,Tender Troupe,Sweden,1978,indie,False,Europe
6367,Teneke Kafalar Spotlight,Japan,1979,indie,False,Asia
6368,TenkaiGames,UK,1999,indie,False,Europe
6369,Tensei Games,USA,1977,mid,False,America
6370,Tenshisjv,USA,1993,indie,False,America
6371,Tensori,Poland,1990,indie,False,Europe
6372,Teradile,Japan,1988,indie,False,Asia
6373,Terapoly,Australia,1999,indie,False,Oceania
6374,Terek Gaming,USA,1992,indie,False,America
6375,Terfilis,USA,1978,indie,False,America
6376,"Termeno, s.r.o.",USA,2004,indie,False,America
6377,Tero Lunkka,USA,2004,aaa,False,America
6378,Terror Dog Studio,Sweden,1985,indie,False,Europe
6379,Terror Works,USA,1982,indie,True,America
6380,Terry Brash,Japan,2013,indie,True,Asia
6381,Teveru,France,2005,indie,False,Europe
6382,That's Nice Games,Australia,2009,indie,False,Oceania
6383,ThatSonicGamer,Canada,2016,indie,False,America
6384,Thatcher Productions,USA,1997,mid,False,America
6385,The  Spoon Solutions,USA,2015,indie,False,America
6386,The Behemoth,Japan,1996,mid,False,Asia
6387,The Black Sea Pirates,UK,1998,indie,False,Europe
6388,The Bueno Interactive,USA,1989,indie,False,America
6389,The CETERIS Paribus Project,USA,2015,indie,False,America
6390,The Dark Climb Team,Canada,2015,indie,False,America
6391,The Deepening Studios,Canada,1992,indie,False,America
6392,The Elsewhere Company,Sweden,1980,indie,False,Europe
6393,The Fake World VR Band,USA,2012,indie,False,America
6394,The Farm 51,Canada,2012,indie,False,America
6395,The Feature Creep,USA,2005,mid,False,America
6396,The Game Production Company,Germany,2000,indie,False,Europe
6397,The Generalists,USA,1977,indie,False,America
6398,The Gmath,USA,1988,indie,False,America
6399,The Grand Street Studios,Sweden,1976,indie,False,Europe
6400,The I love Company,Poland,1986,indie,True,Europe
6401,The Idea Software,Japan,1977,indie,True,Asia
6402,The Indie Forge,USA,2004,indie,False,America
6403,The Iterative Collective,USA,1997,mid,False,America
6404,The Jaywalk CEO,Canada,2014,indie,False,America
6405,The Last Anatolians Studio,USA,2020,indie,False,America
6406,The Local Group,Japan,2008,indie,False,Asia
6407,The Lonely Dane,USA,2005,indie,False,America
6408,The Lonely Developer,USA,2015,indie,False,America
6409,The Lost Condor Dev,USA,1997,indie,False,America
6410,The MIX Games,USA,1986,indie,False,America
6411,The Mad Cete,Australia,2018,indie,False,Oceania
6412,The Mars Society,USA,1978,indie,False,America
6413,The Mojo Collective,Russia,1991,indie,False,Europe
6414,The Naughty Captain,Australia,2015,indie,False,Oceania
6415,The Necklace of Blood,USA,2019,indie,False,America
6416,The Original Jöges & Affiliates,Japan,2019,indie,False,Asia
6417,The Periodic Group,USA,1998,indie,False,America
6418,The Planar Danse,UK,2019,indie,False,Europe
6419,The Pleasure Warlock,USA,1995,indie,False,America
6420,The Quantum Astrophysicists Guild,Russia,2005,indie,False,Europe
6421,The Reef Production Co.,USA,2003,mid,False,America
6422,The Revills Games,UK,1981,indie,True,Europe
6423,The Sexy Chinaman,Germany,1981,indie,False,Europe
6424,The Shoebox Diorama,Poland,2004,mid,False,Europe
6425,The Singh Studios,Sweden,1989,indie,False,Europe
6426,The Streets Network,USA,1996,indie,False,America
6427,The Sun Will Rise Team,UK,1987,indie,False,Europe
6428,The Two Killer,Japan,1979,indie,True,Asia
6429,The Upper Deck Company,Russia,2000,indie,False,Europe
6430,The Voices Games,Germany,2002,indie,False,Europe
6431,The Wall Productions Inc.,Australia,1994,indie,False,Oceania
6432,The Worst Man Ever,Japan,1990,indie,False,Asia
6433,TheFifthWaffle,France,1994,indie,False,Europe
6434,TheGamePublisher.com,Germany,1987,mid,False,Europe
6435,TheGamesFortress,USA,1986,mid,False,America
6436,TheGreenSquier,UK,2003,indie,False,Europe
6437,TheGrungeStudios,Germany,2011,indie,False,Europe
6438,TheMasterGames,Japan,2005,mid,False,Asia
6439,ThePopBox Inc,USA,2011,indie,False,America
6440,TheRealBigMushroom,UK,1999,indie,True,Europe
6441,TheShortAndTheTall,Canada,2017,indie,False,America
6442,TheSirFM,France,2022,indie,False,Europe
6443,The_NerdyBirdy,USA,2018,indie,False,America
6444,Theera,Sweden,1997,indie,False,Europe
6445,Themes_Daly,Australia,2018,indie,False,Oceania
6446,Theodor Niklas,France,1979,indie,False,Europe
6447,Theory Studios,Australia,1981,indie,False,Oceania
6448,Therefore Games,Australia,2021,indie,False,Oceania
6449,Thermite Games,Canada,1984,mid,False,America
6450,Therris Studios,France,2006,indie,False,Europe
6451,Thiago Cesário Machado,USA,2020,mid,False,America
6452,"Thiemo Bolder, ONEMANGAMES",USA,1980,indie,False,America
6453,Think Ten Media Group,Australia,2013,indie,False,Oceania
6454,ThinkFast Studio,UK,2018,indie,False,Europe
6455,Thinking of Cremation?,USA,2007,indie,False,America
6456,Third Sphere Game Studios,USA,1983,indie,False,America
6457,Thomas Dhaussy,Australia,2012,indie,False,Oceania
6458,Thomas K. Young,Sweden,1976,indie,False,Europe
6459,Thomas Waterzooi,Germany,2007,indie,False,Europe
6460,Thomas Weaver Games,Canada,2021,indie,False,America
6461,"Thoughtquake Studios, LLC",USA,1987,indie,True,America
6462,Thousand Games,Sweden,2009,indie,False,Europe
6463,Threax Software,Australia,2015,indie,False,Oceania
6464,Three Flip Studios,USA,1987,indie,False,America
6465,Three Guys Game Studio,Germany,2001,indie,False,Europe
6466,Three Spot Games,Japan,1978,indie,False,Asia
6467,Threear.Vision,Sweden,2006,indie,False,Europe
6468,Threehaw Company Ranch,France,1990,indie,False,Europe
6469,Thricefold Studios,USA,2019,indie,False,America
6470,ThroneLab,Canada,2004,indie,False,America
6471,Throwback Entertainment,USA,2009,mid,False,America
6472,Thulfekar Issam Alshreese,USA,1976,indie,False,America
6473,Thulu Games,USA,1994,indie,False,America
6474,Thumbsucker Studio,France,1983,indie,False,Europe
6475,ThunderFeet Productions,USA,1994,indie,False,America
6476,Thunderbox Entertainment,USA,2021,indie,False,America
6477,Thunderful Publishing,USA,1996,indie,False,America
6478,Thylacine Studios LLC,Canada,2010,indie,False,America
6479,TiMi Studio Group,USA,1994,indie,False,America
6480,Tiam Games,Germany,1984,indie,False,Europe
6481,Tian Jagodic,Japan,1988,indie,False,Asia
6482,Ticking Candle LLC,Poland,1986,indie,False,Europe
6483,Tickinteractive Technology,USA,2017,indie,False,America
6484,Ticklersoft,Poland,2004,indie,False,Europe
6485,Tiger Collins,UK,1992,indie,True,Europe
6486,TigerQiuQiu,Russia,2014,indie,False,Europe
6487,Tigerish Games,Poland,1991,indie,False,Europe
6488,Tim Veletta,Australia,2002,indie,False,Oceania
6489,TimberFilms,USA,1983,indie,False,America
6490,Time To Kill,Poland,2000,indie,False,Europe
6491,TimeMachine,UK,1982,indie,False,Europe
6492,TimeTravel_1,USA,2005,indie,False,America
6493,Timebat Studio,Japan,1990,indie,False,Asia
6494,Timecode DS Ltd.,France,2015,indie,False,Europe
6495,Timon Herzog,UK,2016,indie,False,Europe
6496,Timothy Findling,Canada,1995,indie,True,America
6497,Timothy Horton,USA,2003,indie,False,America
6498,Timothy Vincent,UK,2008,indie,False,Europe
6499,Tin Man Games,Japan,2001,indie,False,Asia
6500,Tindie Game Studio,Japan,1994,indie,False,Asia
6501,Tiny Battle Publishing,Germany,1990,indie,False,Europe
6502,Tiny Castle Games,Japan,1977,indie,False,Asia
6503,Tiny Colossus,Russia,1987,indie,False,Europe
6504,Tiny Magicians,USA,1986,indie,False,America
6505,Tiny Roar,Sweden,1983,indie,False,Europe
6506,Tiny Tiger Games,UK,1993,indie,False,Europe
6507,Tiny Token Games Inc,Russia,2009,indie,False,Europe
6508,Tiny Utopia,UK,1975,indie,False,Europe
6509,TinyHat Studios,Sweden,1990,indie,False,Europe
6510,TinyMindz,Japan,2019,indie,False,Asia
6511,Tinymoon,UK,1981,indie,False,Europe
6512,Tired Tortoise Tribe,USA,2016,indie,False,America
6513,Titanium Game Studios,France,1977,indie,False,Europe
6514,Titanomachy Studios,USA,2004,indie,False,America
6515,Tizona Interactive,Germany,2017,indie,False,Europe
6516,Tkotori,USA,1985,indie,False,America
6517,Tlakali Game Studio,Japan,2016,indie,False,Asia
6518,Tlön Industries,Russia,2008,indie,False,Europe
6519,Toasted Games,Germany,2020,indie,True,Europe
6520,Tobacom,USA,2004,indie,False,America
6521,Tobop Productions,USA,2003,indie,False,America
6522,Toby Holloway,Canada,1995,indie,False,America
6523,ToddFeimanGames,Japan,1996,indie,False,Asia
6524,Todist,Poland,1975,indie,False,Europe
6525,Tofu Interactive,USA,2003,indie,False,America
6526,Toge Productions,Japan,1991,mid,True,Asia
6527,Tolga Yurtsev,Germany,2017,indie,False,Europe
6528,Tom Ellström Johansson,Russia,2009,indie,False,Europe
6529,Tom's Feral Cat Games,USA,2011,indie,False,America
6530,TomCGames,Poland,1991,indie,False,Europe
6531,TomasJPereyra,France,1999,indie,False,Europe
6532,Tomasz Banaś,Russia,1977,indie,False,Europe
6533,Tomislav Kadežabek,Germany,2004,indie,False,Europe
6534,Tomoki,UK,2001,indie,False,Europe
6535,Tomorrow Corporation,Germany,1983,indie,False,Europe
6536,Tonado Games,Sweden,1990,indie,False,Europe
6537,Tong Li Publishing Co.,UK,2001,indie,False,Europe
6538,Tonguç Bodur,UK,1975,mid,False,Europe
6539,Tonye Amienyo,UK,2009,indie,True,Europe
6540,Too Moose Games,Poland,2008,indie,False,Europe
6541,TooIzzi Games,Japan,1975,mid,False,Asia
6542,ToolGame,USA,1996,indie,False,America
6543,Toolkitz Games,Japan,1984,indie,False,Asia
6544,TootSuite Games,UK,2008,indie,False,Europe
6545,Top Games,France,2021,indie,False,Europe
6546,Top Hat Curios & Oddities,France,1978,mid,False,Europe
6547,"Top Hat Studios, Inc.",Australia,1975,indie,False,Oceania
6548,TopHouse Publishing,USA,2009,indie,False,America
6549,TopView Studio,Russia,2011,indie,False,Europe
6550,TopWare Interactive ACE,Sweden,1988,indie,False,Europe
6551,TopazShrine,Germany,1999,indie,False,Europe
6552,Toplitz Productions,UK,1982,indie,False,Europe
6553,Topware Interactive,USA,2019,indie,False,America
6554,Torress Studios,Germany,2010,indie,False,Europe
6555,Tortuga Team,USA,2018,indie,False,America
6556,Toster12D3,Japan,1983,indie,False,Asia
6557,Total Eclipse,USA,2019,indie,False,America
6558,Touhou neko mini,Poland,1984,indie,False,Europe
6559,Touz,UK,1996,indie,False,Europe
6560,Towel Game Studio,Poland,1994,indie,False,Europe
6561,Tower Studio,Canada,1999,indie,False,America
6562,Tower Up Studios,Germany,2015,indie,False,Europe
6563,TowerOneGames,Japan,2016,indie,False,Asia
6564,Towndarktales,UK,2013,indie,False,Europe
6565,Tranquility games,France,2022,mid,False,Europe
6566,Transfusion Group,USA,1998,indie,False,America
6567,Transient Games,Japan,2004,indie,False,Asia
6568,Transolar Games,USA,2007,indie,False,America
6569,Traptics,USA,2016,indie,False,America
6570,Trash Vomit Studios,Japan,2013,mid,False,Asia
6571,Travellin Cats,Japan,2017,indie,False,Asia
6572,TraxxGames,UK,2010,indie,False,Europe
6573,Treasure Boy,USA,2019,indie,False,America
6574,Treasure Coast Games,Germany,1980,indie,False,Europe
6575,TreeNutsGames,Germany,2017,indie,False,Europe
6576,Treexy,Australia,2018,indie,False,Oceania
6577,Trevor Sorensen,Sweden,1994,indie,False,Europe
6578,Triadne,Japan,1995,indie,False,Asia
6579,Tribal-Storm,USA,1977,indie,False,America
6580,Tribus Games Indie,Germany,2007,mid,False,Europe
6581,Trick27 Studios Limited,Canada,1981,indie,False,America
6582,Triggerfish Studios,Poland,2009,indie,False,Europe
6583,Triiodide Studios,USA,2014,indie,False,America
6584,Trion Worlds,Japan,1985,indie,False,Asia
6585,Triority Interactive Novels,UK,2008,indie,False,Europe
6586,TripleBrick,Canada,1992,indie,False,America
6587,TripleRam Games,USA,1977,indie,False,America
6588,TripleSky,USA,1986,indie,False,America
6589,Tripleducks studio,Russia,2000,indie,False,Europe
6590,"Tripp, LLC",Germany,1976,indie,False,Europe
6591,Triskell Interactive,Japan,1986,indie,False,Asia
6592,Trite Games,Poland,2010,indie,False,Europe
6593,Triverske,USA,2004,indie,False,America
6594,Troglobytes Games,USA,2006,indie,False,America
6595,Trophy Games,USA,2017,mid,False,America
6596,Tropical Games,UK,1995,indie,False,Europe
6597,Troyd Games,France,2014,indie,False,Europe
6598,True Ant Games,UK,2019,indie,False,Europe
6599,True Nightmare,Sweden,2001,mid,False,Europe
6600,True Seria,Canada,2010,indie,False,America
6601,Trueyuna Technology Co. Ltd.,Poland,2021,indie,True,Europe
6602,Tryzna83,USA,2019,indie,False,America
6603,Tsadriu Games,USA,1988,indie,False,America
6604,Tsu-ki,USA,2020,indie,False,America
6605,Tsukuyomi,France,2018,mid,False,Europe
6606,TuanisApps,Japan,1977,indie,True,Asia
6607,Tubby Turtle Studios,Australia,1997,indie,False,Oceania
6608,Tuckfard Games,Canada,2000,indie,False,America
6609,Tunermaxx Media GmbH,Japan,1983,indie,False,Asia
6610,Tupãpo Games,USA,2002,indie,False,America
6611,Turbo Button,Sweden,2005,indie,False,Europe
6612,TurnVex,Sweden,1993,mid,False,Europe
6613,Turntable Games,Japan,2004,indie,False,Asia
6614,Turtle game,Australia,1978,indie,False,Oceania
6615,TurtleFox Games,Germany,1996,indie,False,Europe
6616,Tuwaiq Studio,France,2013,indie,True,Europe
6617,Twelve Tiles,France,2018,indie,False,Europe
6618,Twin Sails Interactive,Canada,2001,indie,False,America
6619,Twin Software Studio,France,1994,indie,False,Europe
6620,Twin Squid Ltd,Canada,2007,indie,True,America
6621,Twin Vault Games,USA,1983,indie,True,America
6622,Twin-Stick,USA,1987,indie,True,America
6623,TwinDrills,Russia,2011,indie,False,Europe
6624,Twisted Jenius,UK,1990,indie,False,Europe
6625,Twisted Ramble Games UG (haftungsbeschränkt),Russia,2002,indie,False,Europe
6626,Twisted Shell Games,Russia,1986,indie,False,Europe
6627,Two Brain Games,Poland,1999,indie,False,Europe
6628,Two Clusters,Japan,2021,indie,False,Asia
6629,Two Desperados,USA,2007,indie,False,America
6630,Two Parks,UK,1999,indie,False,Europe
6631,Two Slash Nine Games,UK,2021,indie,False,Europe
6632,Two Star Games,Russia,1992,indie,False,Europe
6633,Two Tribes,Japan,2008,indie,False,Asia
6634,Two friends,UK,2007,indie,False,Europe
6635,Two tangerine slices,USA,1978,indie,False,America
6636,TwoBros,UK,1991,indie,False,Europe
6637,TwoGen Software,USA,1990,indie,False,America
6638,TwoShoedGames,Japan,2007,indie,False,Asia
6639,TwoSoulFox Studios,Germany,2015,indie,False,Europe
6640,TwoWizards,Japan,1993,indie,False,Asia
6641,Tydecon Games,USA,1982,indie,False,America
6642,Tygrak,UK,1977,indie,False,Europe
6643,Tyler C.,Russia,1988,indie,False,Europe
6644,Tyler M Richardson,Japan,2002,mid,False,Asia
6645,Tyler McDermott,UK,1981,indie,False,Europe
6646,Tymedust Games,Germany,2012,indie,False,Europe
6647,TypeEh Studios,USA,2009,indie,False,America
6648,Tyrannical Studios,Poland,1998,indie,False,Europe
6649,Tyrant Games,UK,2011,indie,False,Europe
6650,Tyre Bytes LLC,USA,2008,indie,False,America
6651,U-TAD,France,1990,indie,False,Europe
6652,U24 Solutions,France,1993,indie,False,Europe
6653,UCMGames,France,2004,indie,False,Europe
6654,UCSC Games,Sweden,2021,indie,False,Europe
6655,UD,Japan,1981,indie,False,Asia
6656,UDAGameLab,UK,2019,indie,False,Europe
6657,UF Games,USA,1987,indie,False,America
6658,UFO Interactive Games,Poland,2009,indie,False,Europe
6659,UI-Games,USA,2012,indie,False,America
6660,ULLUCUS HEAVEN Inc.,France,2003,indie,False,Europe
6661,ULTRA ULTRA,USA,2018,indie,False,America
6662,ULTRANOVA Entertainment,Russia,2005,indie,False,Europe
6663,UMKA Games,France,2015,indie,False,Europe
6664,UNAmedia,Japan,2019,indie,False,Asia
6665,UNIKAT Label,Germany,1988,indie,False,Europe
6666,UNIOCS,UK,2000,indie,False,Europe
6667,UNITED COMMAND INTERNATIONAL,USA,2008,indie,False,America
6668,UPCELL TELEKOMUNIKASYON LIMITED SIRKETI,Russia,1999,mid,False,Europe
6669,UPLAY Online,Canada,2008,indie,False,America
6670,UPandQ,Germany,1987,mid,False,Europe
6671,UQAT - Création et nouveaux médias,France,2015,indie,False,Europe
6672,URUS GAMES,Canada,2019,mid,False,America
6673,USC Games,Germany,1977,mid,False,Europe
6674,"USERJOY Technology Co.,Ltd.",USA,1995,indie,False,America
6675,UTW Team,USA,2001,indie,True,America
6676,UZURA STUDIO,UK,2006,indie,False,Europe
6677,Uberbax Gaming,USA,2015,indie,False,America
6678,Ubisoft,Germany,1994,aaa,False,Europe
6679,Ubisoft Entertainment,France,2009,mid,False,Europe
6680,Ugamehome,Australia,2002,indie,False,Oceania
6681,Ugly Unicorn,UK,1981,indie,False,Europe
6682,Ugly Zebra Interactive,UK,1980,indie,False,Europe
6683,UglyBaby Games,Japan,1990,indie,False,Asia
6684,Ui.e,USA,2008,indie,False,America
6685,Uki Uki Lab,USA,2012,indie,False,America
6686,Ulimworks,USA,2022,indie,False,America
6687,UltimaMaxima,Russia,1991,indie,False,Europe
6688,Ultimate Games,Canada,1987,indie,False,America
6689,Ultimate Games S.A.,UK,2008,mid,False,Europe
6690,Ultimo Ratio Games,Russia,1993,indie,False,Europe
6691,Ultra Runaway Games,Poland,1979,indie,False,Europe
6692,Ultraviolet Design,Russia,1986,indie,False,Europe
6693,Umami Games,Japan,1988,indie,False,Asia
6694,Umbrelloid,Sweden,1993,indie,False,Europe
6695,Umix Studios,Japan,2001,indie,False,Asia
6696,Unbound Creations,Japan,1978,indie,False,Asia
6697,Uncasual Games,USA,1991,indie,False,America
6698,UncleScrooge,Australia,1983,indie,False,Oceania
6699,Undead Turtle,USA,1999,indie,True,America
6700,Underdog Games,France,2006,indie,False,Europe
6701,Underdogz,Poland,1992,indie,False,Europe
6702,Undermog Games,USA,2001,indie,True,America
6703,Undervolta,France,2022,indie,False,Europe
6704,Undying Joy,Australia,1990,indie,False,Oceania
6705,Unhexigon,UK,1979,indie,False,Europe
6706,UnholY CreatioN,France,2012,mid,False,Europe
6707,UniTemp恒温,France,2006,indie,True,Europe
6708,Unified_Kings,USA,1984,indie,False,America
6709,Unight LLC,Canada,1980,indie,False,America
6710,Unigine Corp.,France,2021,indie,False,Europe
6711,Unikware,UK,1981,indie,False,Europe
6712,Unique Records,France,2017,indie,False,Europe
6713,UniqueGames Publishing GmbH,Japan,1977,mid,False,Asia
6714,United Independent Entertainment,Russia,2017,aaa,False,Europe
6715,UnitedIndie,UK,1999,indie,False,Europe
6716,Universidad de Almería,Sweden,1984,indie,False,Europe
6717,Unk games,Australia,1996,indie,False,Oceania
6718,Unknown Worlds Entertainment,Japan,1985,indie,False,Asia
6719,Unnulltor Studio,Sweden,2021,indie,False,Europe
6720,Unphysical Machinery,Russia,1990,indie,True,Europe
6721,Unreal Life Project,UK,1979,indie,False,Europe
6722,Unseen Interactive,Australia,2014,indie,True,Oceania
6723,Unstoppable Studio,USA,2016,indie,False,America
6724,Untold Backrooms Stories,France,2005,indie,False,Europe
6725,Untold Games,France,1987,indie,False,Europe
6726,Untold Tales,Japan,1977,mid,False,Asia
6727,Unusualsoft,UK,2017,mid,False,Europe
6728,Up Down Play Studio,UK,1997,indie,False,Europe
6729,Uplifting Goat LLC.,Japan,2012,indie,False,Asia
6730,Upturn Games,Germany,1984,indie,False,Europe
6731,Urban Isotope,Sweden,2014,mid,False,Europe
6732,Urban Wolf Games Inc.,Japan,2008,indie,False,Asia
6733,Uridium,Germany,1977,indie,True,Europe
6734,Useless Arts,UK,1998,indie,False,Europe
6735,UtatoraDeveloper,Australia,1987,indie,False,Oceania
6736,Utopia Dream Entertainment Alliance (Pty) Ltd - South Africa,USA,2014,indie,False,America
6737,Utopian World of Sandwiches,Australia,2000,indie,False,Oceania
6738,Utopos Games,USA,2018,indie,False,America
6739,Utsukushii Games,UK,2004,mid,False,Europe
6740,Uzura Studio,UK,1981,mid,False,Europe
6741,Uğur ÇELİK,UK,1996,indie,False,Europe
6742,V-Nova Studios,Poland,1997,indie,False,Europe
6743,V. Chuvilin,Japan,2014,mid,False,Asia
6744,VALOFE,Russia,2016,mid,False,Europe
6745,VASYL LIUBEZHANIN,Germany,2000,indie,False,Europe
6746,VD Games,Japan,2022,indie,False,Asia
6747,VDO Games,USA,1987,indie,False,America
6748,VESALII COMPUTER SYSTEMS & COMMUNICATION EQUIPMENT SOFTWARE TRADING,USA,1991,mid,False,America
6749,VEWO Interactive Inc.,USA,1990,indie,False,America
6750,VILQ,Germany,1977,indie,False,Europe
6751,"VIRTUA WORLDS, LLC",Poland,2005,indie,False,Europe
6752,VIRTUAL REALITY LABORATORY DV,USA,1990,indie,False,America
6753,VISON STUDIOS,USA,2012,indie,False,America
6754,VITALII HOLIEV,Canada,1980,indie,False,America
6755,VIWESA GAMES,Australia,1984,indie,False,Oceania
6756,VR Factory,Australia,1984,indie,False,Oceania
6757,VR IMAGINATORS.inc,USA,1984,indie,False,America
6758,VR-EXODUS,Germany,2018,mid,False,Europe
6759,VRA-Games,Australia,1982,indie,False,Oceania
6760,VRAL Games,Canada,1983,indie,False,America
6761,VRANI inc.,Sweden,1994,indie,False,Europe
6762,VRKiwi,USA,2013,mid,False,America
6763,VRLive,USA,1976,indie,False,America
6764,VRXtreme Games,Canada,2019,indie,False,America
6765,VRillAR,USA,1987,mid,False,America
6766,VTDevelopers,Germany,2013,indie,False,Europe
6767,Vacation Game Studio,France,1985,indie,False,Europe
6768,VactoR,USA,1978,indie,False,America
6769,Vadjra,Poland,2011,indie,False,Europe
6770,Vagabond Dog,Sweden,1996,mid,False,Europe
6771,Vaka Game Magazine,USA,1995,mid,False,America
6772,Valentware Games LTD,USA,2006,indie,False,America
6773,Valiant Game Studio,USA,1992,indie,False,America
6774,Valkeala Software,Canada,1992,mid,False,America
6775,Valkyria Games,Japan,1999,indie,False,Asia
6776,Valkyrie 27,Sweden,2009,indie,False,Europe
6777,Valkyrie Games,Sweden,2013,indie,False,Europe
6778,Valkyrie Initiative,Japan,1998,indie,False,Asia
6779,Valorware,USA,1992,indie,True,America
6780,Valsidalv N,USA,2016,indie,False,America
6781,Van Veen Productions,Germany,2000,indie,False,Europe
6782,Van der Veer Games,Sweden,1999,indie,False,Europe
6783,Vanilla Cookys,Japan,1987,indie,False,Asia
6784,Vanimals,Canada,1996,indie,False,America
6785,Vantan Game Academy,Poland,1985,indie,False,Europe
6786,VarStudio,Japan,1987,indie,False,Asia
6787,VaragtP,Germany,1993,indie,False,Europe
6788,Various Tuesdays,Germany,2009,indie,False,Europe
6789,Varstep Studios,Canada,2004,indie,False,America
6790,Varvarik,Canada,1986,indie,False,America
6791,Vast Network,USA,2007,indie,False,America
6792,Vault Interactive,USA,1985,indie,False,America
6793,"Vblank Entertainment, Inc.",USA,1985,indie,False,America
6794,Vector Code,Poland,1987,indie,False,Europe
6795,Vector Game,Russia,1987,indie,False,Europe
6796,Vector Games,Sweden,1986,indie,False,Europe
6797,Vector Unit,USA,2013,indie,False,America
6798,Vector bundle,UK,2006,indie,False,Europe
6799,Vectorush,Russia,2020,indie,False,Europe
6800,Velaris Studio,Australia,1977,indie,False,Oceania
6801,Velocious Technologies,Canada,1992,indie,False,America
6802,Velocirifters,USA,1996,indie,False,America
6803,Velocity Lynx,USA,1984,indie,False,America
6804,Velocity Visions,UK,2003,indie,False,Europe
6805,Velvet Paradise Games,Germany,2016,indie,False,Europe
6806,Veratrum,Germany,1989,indie,False,Europe
6807,Verde,Canada,1997,indie,True,America
6808,Vergiu,UK,1985,mid,False,Europe
6809,Veriluxa,France,1987,indie,False,Europe
6810,Vernacular Games,Australia,1992,indie,False,Oceania
6811,Verona Interactive,Sweden,1996,indie,False,Europe
6812,Versus Evil,Poland,1989,mid,False,Europe
6813,Vertex Space,Germany,2007,indie,False,Europe
6814,Vertigo Games,Germany,2014,indie,False,Europe
6815,Vertigo Gaming Inc.,Sweden,2014,indie,True,Europe
6816,Verto Studio LLC,USA,1977,indie,False,America
6817,Very Very LITTLE Studio,Russia,1996,mid,False,Europe
6818,Vesite,UK,1997,indie,False,Europe
6819,Vetus Corvum,Canada,1986,indie,False,America
6820,Vezir Games,Sweden,1983,indie,False,Europe
6821,ViArt Studio,Russia,2018,indie,False,Europe
6822,ViNovella Games,USA,1975,indie,False,America
6823,ViRa Games,Sweden,1979,indie,False,Europe
6824,ViWo Games,France,1994,indie,False,Europe
6825,Vialgames.com,USA,2018,indie,False,America
6826,Vice Inc.,Japan,2015,indie,False,Asia
6827,Victor,USA,2014,indie,False,America
6828,Victor Guilherme,Germany,2022,indie,False,Europe
6829,Victor Martinelli,France,1998,indie,True,Europe
6830,VictoryXR,France,1999,mid,False,Europe
6831,Vidas Salavejus,France,1983,mid,False,Europe
6832,Viggo Stromvall,Sweden,2017,indie,True,Europe
6833,Vikintor,USA,1983,indie,False,America
6834,Viktor Vachalek,UK,2015,indie,False,Europe
6835,Viktor Yurchuk,USA,2015,indie,False,America
6836,Villain Role,USA,2017,indie,False,America
6837,Vimes Entertainment,Russia,1998,indie,False,Europe
6838,"Vintage Digital Revival, LLC",UK,2016,indie,False,Europe
6839,Vintro Studios,USA,2002,indie,False,America
6840,Violet Angel Interactive,Japan,2016,indie,False,Asia
6841,Violet Horizons Productions,Russia,2011,indie,False,Europe
6842,Vionsoft,Australia,2022,indie,False,Oceania
6843,Viper Interactive,UK,2005,mid,True,Europe
6844,Viridino Studios,USA,1992,indie,False,America
6845,"Viriver Network Technology Co., Ltd.",USA,1995,indie,False,America
6846,VirtexUniverse,Australia,1984,indie,True,Oceania
6847,Virtuactions,UK,2021,indie,False,Europe
6848,Virtual Earth Online,USA,2001,indie,False,America
6849,Virtual Grape,USA,1989,indie,False,America
6850,Virtual Human Interaction Lab,USA,2017,indie,False,America
6851,Virtual World Interactive LLC,Poland,1988,mid,False,Europe
6852,VirtualAge,UK,2020,indie,False,Europe
6853,VirtualRehabART4Health,Russia,1977,indie,False,Europe
6854,Virtually Invincible LLC,UK,2001,indie,False,Europe
6855,Visage Games Studio,France,1976,indie,False,Europe
6856,Visai Games,Sweden,1998,indie,False,Europe
6857,VisionWerx Inc,Australia,1979,indie,False,Oceania
6858,Vismaya,USA,1998,indie,False,America
6859,Visual Floss KONATA,Poland,2000,mid,False,Europe
6860,Visual Interactive,Japan,2003,indie,False,Asia
6861,Visual Light,USA,2003,indie,False,America
6862,Visual Wordplay,France,1993,indie,False,Europe
6863,VisualArts,Japan,2015,mid,False,Asia
6864,Visumeca Games,USA,2004,indie,False,America
6865,Vito Devs,Canada,2004,indie,False,America
6866,Vitok,Canada,2021,indie,False,America
6867,Vittorio Giorgi (SbargiSoft),USA,1983,indie,False,America
6868,Viva Media,Poland,1993,mid,False,Europe
6869,Viva Media Inc,USA,2000,indie,False,America
6870,Vive Studios,USA,1983,mid,False,America
6871,Vivid Foundry Corp.,Canada,2005,indie,False,America
6872,Vivid Helix,Germany,1976,indie,True,Europe
6873,Vivid Visions Studios,USA,1979,indie,False,America
6874,Vivo Games Studios,France,2021,indie,False,Europe
6875,Vixa Games,USA,1987,indie,False,America
6876,Vlad Buculei,Canada,1993,indie,False,America
6877,VladEv1L,USA,1976,indie,False,America
6878,Vladimir Maslov,France,1976,indie,False,Europe
6879,Vladimir Soldatov,UK,1978,indie,False,Europe
6880,Vladislav Graty,USA,1979,indie,False,America
6881,Voge_Games,USA,1992,indie,False,America
6882,Void Descent,USA,1976,indie,False,America
6883,Void Knight Games,UK,1975,indie,False,Europe
6884,Void Night,UK,2008,indie,False,Europe
6885,VoidStudio,Germany,1977,indie,False,Europe
6886,Voided,USA,2002,indie,False,America
6887,Voidless Studios,Russia,2016,indie,False,Europe
6888,Volcanic Giraffe,USA,2008,indie,False,America
6889,Volcanoid,Sweden,1996,indie,False,Europe
6890,VolcanolordGames,Germany,1982,indie,False,Europe
6891,Volens Nolens Games,USA,2004,aaa,False,America
6892,Volfson Inc.,Canada,1979,indie,False,America
6893,Volt Force Studio,USA,1999,indie,False,America
6894,Voltage Inc.,Australia,1982,mid,False,Oceania
6895,Volutian Design,Sweden,2002,indie,False,Europe
6896,VortexRingGame,Canada,1981,indie,False,America
6897,Voyager Softworks,Russia,2014,indie,False,Europe
6898,Voyder Rozann,USA,2000,indie,False,America
6899,Vrai,Poland,1995,indie,True,Europe
6900,"Vrideo, Inc.",USA,2019,indie,False,America
6901,Vu,USA,1995,indie,False,America
6902,Vulkanoid,USA,2019,indie,True,America
6903,Vutune,USA,1979,indie,False,America
6904,Vyndictus,USA,1984,indie,False,America
6905,Víctor Córcoles,USA,2016,indie,False,America
6906,W. T. B.,UK,2021,indie,False,Europe
6907,W.R.K.S Games,UK,1976,indie,False,Europe
6908,W.T.B.,Japan,1977,mid,False,Asia
6909,W3 Studios,Japan,2012,indie,False,Asia
6910,W77Games,Russia,1989,indie,False,Europe
6911,WANDERING WITCH PROIECTUM,UK,1981,indie,False,Europe
6912,WANG,Sweden,2012,indie,False,Europe
6913,WASABI entertainment,France,1990,aaa,False,Europe
6914,WASEKU,Poland,2012,indie,False,Europe
6915,WE2 Studios,Australia,2020,indie,False,Oceania
6916,WEB Gaming Entertainment,Russia,1976,indie,False,Europe
6917,"WELOVEBOT CO., LTD.",France,2007,indie,False,Europe
6918,WF,Poland,2014,indie,False,Europe
6919,WGAMES,Canada,2012,indie,False,America
6920,WGI GAMING,Canada,2016,indie,False,America
6921,WHITE TIGER,Germany,1994,indie,False,Europe
6922,WHYSURFSWIM,UK,2012,indie,False,Europe
6923,WIG Publishing,USA,1984,mid,False,America
6924,WIMO Games,USA,1987,indie,False,America
6925,WINE WITH DISCOUNT GAMES,UK,1977,indie,False,Europe
6926,WINGLAY,Japan,2016,mid,False,Asia
6927,WIREGAMES,USA,2020,indie,False,America
6928,WISECAT,Germany,2000,indie,False,Europe
6929,WJLEGAME,Sweden,2010,mid,False,Europe
6930,WOBBL3 Entertainment LLC,USA,1996,indie,False,America
6931,WOMBEX Games,Russia,2011,indie,False,Europe
6932,WRF Studios,USA,2004,mid,False,America
6933,WS net,USA,1976,indie,False,America
6934,WSG Entertainment,Japan,2006,indie,False,Asia
6935,WU HAN SHI JIE YOU YUAN DIAN ZI SHANG WU YOU XIAN GONG SI,USA,1999,indie,False,America
6936,WURIK,Japan,1975,indie,False,Asia
6937,WVV-Games.com,Japan,1983,indie,False,Asia
6938,"WXP Games, LLC",USA,2014,indie,False,America
6939,WYLDERZONE,France,1980,indie,False,Europe
6940,Wadjet Eye Games,Poland,1989,mid,False,Europe
6941,Wafflecat Developments,Russia,1997,indie,False,Europe
6942,Waifu Games,USA,2010,indie,False,America
6943,Waily Waily,USA,2002,indie,False,America
6944,Wainstop James,Poland,1999,mid,False,Europe
6945,Waku Waku Games,USA,2003,indie,False,America
6946,Walaber Entertainment LLC,Sweden,2012,indie,False,Europe
6947,Waldschrat Studios GbR,UK,1982,indie,False,Europe
6948,Wales Interactive,UK,2000,mid,False,Europe
6949,Walk Thru Walls Studios,Canada,2001,indie,False,America
6950,Wallace Lovecraft,Japan,1982,indie,False,Asia
6951,Walleyed Games,Poland,1976,indie,False,Europe
6952,Wallpaper Engine Team,USA,1990,indie,False,America
6953,Walrus Games,Russia,1986,indie,False,Europe
6954,Walter Machado,Canada,2005,mid,False,America
6955,Walternate Realities,Japan,2001,indie,True,Asia
6956,Walugus Grudenburg,Germany,1989,indie,False,Europe
6957,Wampee,USA,2012,indie,False,America
6958,WanderLab,Australia,1977,indie,False,Oceania
6959,WanderLux Games,Canada,2016,indie,False,America
6960,Wanderful Interactive Storybooks,Japan,2020,indie,False,Asia
6961,Wang Wenxi,USA,2016,indie,True,America
6962,WangCai,USA,1978,indie,False,America
6963,Waqudoo,USA,1988,mid,True,America
6964,War Child Gaming,France,1986,mid,False,Europe
6965,WarAndCheese,Canada,2012,indie,False,America
6966,WarPI Games,Poland,1997,indie,False,Europe
6967,Warehouse Studios,Australia,2002,indie,False,Oceania
6968,Warfare Studios,UK,1979,mid,False,Europe
6969,Wargaming Group Limited,Russia,1979,indie,False,Europe
6970,Wargaming Labs,USA,2001,indie,False,America
6971,Wargaming.net,USA,1975,indie,False,America
6972,Warhorse Studios,Germany,2012,indie,False,Europe
6973,Warner Bros. Games,USA,2000,mid,False,America
6974,Warner Bros. Interactive Entertainment,USA,2015,mid,False,America
6975,Watakusoft,Russia,1994,indie,False,Europe
6976,Watercress,Germany,2001,indie,False,Europe
6977,WaveBox Labs,USA,1975,indie,False,America
6978,Way Down Deep,Poland,1980,mid,False,Europe
6979,WayForward,USA,2019,mid,False,America
6980,Wayward Prophet,USA,2005,indie,False,America
6981,We Are Cats,UK,1976,indie,False,Europe
6982,We Create Stuff,Australia,1977,indie,False,Oceania
6983,We Dig Games,Poland,1996,indie,False,Europe
6984,WeRVR Studio,USA,1981,indie,False,America
6985,Weasel Games,Japan,2016,mid,False,Asia
6986,Weather Factory,Poland,1986,indie,False,Europe
6987,Webcore Games,USA,2009,indie,False,America
6988,Wei,Germany,1977,indie,False,Europe
6989,"Weihai Fantasy Color Computer Software Development Co.,Ltd",Australia,1978,indie,False,Oceania
6990,Weiqiang Ou,Japan,2010,indie,False,Asia
6991,Weird Penguin Games,Poland,2000,indie,False,Europe
6992,Weird and Wry,UK,1988,indie,False,Europe
6993,WeissGarden,UK,1979,indie,False,Europe
6994,Well Played Studios,USA,2017,indie,False,America
6995,Wendigo Games,Australia,1993,indie,False,Oceania
6996,Went2Play LLC,Sweden,2006,indie,True,Europe
6997,Werewolf Moon Studios,USA,1978,indie,False,America
6998,WesWare Games,USA,2020,indie,True,America
6999,West Forest Games,Japan,1980,indie,False,Asia
7000,Westernleaves,USA,1990,indie,False,America
7001,Wet Noob,Russia,1975,indie,False,Europe
7002,Wevery,Poland,1991,indie,False,Europe
7003,"Wevr, Inc",Poland,2000,indie,True,Europe
7004,Weyrdworks,Canada,1976,mid,False,America
7005,Wglxy.com,UK,2020,indie,False,Europe
7006,Whale Rock Games,Russia,1997,mid,False,Europe
7007,Whamgames,UK,1980,indie,False,Europe
7008,Whatboy Games,Japan,2000,indie,False,Asia
7009,Wheat Muffin Games,USA,2013,indie,True,America
7010,Whim Independent Studios,USA,2012,indie,False,America
7011,Whimsical Universes,Canada,2000,indie,False,America
7012,WhiskerFjords,Japan,2016,indie,False,Asia
7013,Whisper Games,Canada,2004,indie,False,America
7014,WhisperGames,Sweden,1983,aaa,False,Europe
7015,White Door Games,USA,1992,indie,False,America
7016,White Giant RPG Studios,Russia,1977,indie,False,Europe
7017,White Vortex Games,UK,2022,indie,False,Europe
7018,White tail,Germany,1994,indie,False,Europe
7019,WhiteCute,UK,2021,indie,False,Europe
7020,WhiteLakeStudio,USA,1980,mid,False,America
7021,"WhiteMoon Dreams, Inc.",Germany,1999,indie,False,Europe
7022,WhiteOrange,Russia,1991,indie,False,Europe
7023,WhitePeach,France,1988,indie,False,Europe
7024,WhiteSponge,France,2003,indie,False,Europe
7025,Who Am I Studio,UK,2013,indie,False,Europe
7026,Wholetone Games,Germany,1986,mid,False,Europe
7027,Why Not Fail Again?,USA,2003,indie,False,America
7028,Wibert,Russia,1994,indie,False,Europe
7029,Wicked Rooster,USA,2020,indie,False,America
7030,WideLuke,France,2003,indie,False,Europe
7031,Wild Banana,UK,2016,indie,False,Europe
7032,Wild River Games GmbH,France,1978,indie,False,Europe
7033,Wild Tirki Fiction,Japan,1989,indie,False,Asia
7034,WildSphere,Japan,1994,indie,False,Asia
7035,WildTangent,Russia,1981,mid,False,Europe
7036,Wildseed Games,USA,1991,indie,False,America
7037,Wiley Softworks,Germany,1975,indie,False,Europe
7038,Will Petillo,Sweden,1985,indie,False,Europe
7039,William Florez,Germany,1996,indie,False,Europe
7040,William Sigurdsson,USA,2000,indie,False,America
7041,William Skou Heidemann,France,1995,indie,False,Europe
7042,William at Oxford,Australia,1985,mid,False,Oceania
7043,Wills Blackett,Poland,2006,indie,False,Europe
7044,Willy Games,USA,2008,indie,False,America
7045,Wind Chimes Games Limited,UK,1980,indie,True,Europe
7046,WindField Games,Australia,2002,mid,False,Oceania
7047,WindLimit Studios,Japan,2014,mid,False,Asia
7048,Windmill,Canada,2020,indie,False,America
7049,Windybeard,Canada,2001,indie,False,America
7050,Winer Mustang,USA,2011,indie,False,America
7051,Winged Cloud,Poland,1991,aaa,False,Europe
7052,Winged Imagination,Sweden,2015,indie,False,Europe
7053,Wingjoy Games,Canada,2015,indie,False,America
7054,Winning Streak Entertainment,Canada,2011,indie,False,America
7055,Winordz FRA,USA,1987,indie,False,America
7056,Winordz inc,UK,1999,mid,False,Europe
7057,Winter Wolves,USA,1982,mid,False,America
7058,WinterSpring Games,USA,2008,indie,False,America
7059,WireWARE,USA,2013,indie,False,America
7060,Wired Productions,Russia,1989,mid,False,Europe
7061,Wise Box Studios,Germany,1989,mid,False,Europe
7062,Wise Games,UK,1987,indie,True,Europe
7063,"Wise Wizard Games, LLC",USA,2013,indie,False,America
7064,Witching Hour Entertainment LLC,USA,1977,mid,False,America
7065,Wizard Shrimp Games,Canada,2019,indie,False,America
7066,Wizards of the Coast LLC,Japan,1976,indie,False,Asia
7067,Woah_maaan,USA,2020,indie,False,America
7068,Wokoha LLC,Russia,1990,indie,False,Europe
7069,Wolf Games,USA,1995,indie,False,America
7070,Wolf Of War Studio,France,1984,indie,False,Europe
7071,"WolfShipGames Co., Ltd.",France,1991,indie,False,Europe
7072,WolfWare Studios,Russia,2007,indie,False,Europe
7073,Wolfgun,Russia,2010,indie,False,Europe
7074,Wolfiesoft,UK,2006,indie,False,Europe
7075,Wolfpit Games,Canada,1984,indie,False,America
7076,Wolfs Moon Studios,USA,1994,indie,False,America
7077,Wolverine Studios,Poland,1977,mid,False,Europe
7078,WolverineSoft,Germany,2018,mid,False,Europe
7079,Wolves Interactive,Canada,1978,indie,False,America
7080,Wolvik Studios,Japan,2003,indie,False,Asia
7081,WonTak Games,UK,1977,indie,False,Europe
7082,Wondering Fox,USA,2022,indie,False,America
7083,Wontonic Games,Russia,2015,indie,False,Europe
7084,Wood Needed,Poland,2020,indie,False,Europe
7085,Woodpecker,USA,2003,indie,False,America
7086,Woodsy Studio,Australia,1979,indie,False,Oceania
7087,Wool Tyranny,Australia,2005,indie,False,Oceania
7088,Work Shift Play Inc.,Australia,1980,indie,False,Oceania
7089,World Makers,Canada,1984,indie,False,America
7090,Worlds To Play,Japan,2020,indie,False,Asia
7091,Woziva,USA,2019,indie,False,America
7092,WraithStudio,Canada,2016,indie,False,America
7093,Wtech,UK,1996,indie,False,Europe
7094,Wu Zhang,Germany,2019,indie,False,Europe
7095,WuGuanyu Productions,UK,2006,indie,False,Europe
7096,WubsGames,USA,1999,mid,False,America
7097,"Wuhan Firegame Co.,Ltd.",Sweden,2000,indie,True,Europe
7098,Wysiwyg Interactive,Japan,1991,indie,False,Asia
7099,WyvernWare,Germany,1994,indie,True,Europe
7100,"X-MiGuPLAY, LLC",Canada,1978,indie,False,America
7101,X-Space,Germany,1995,indie,False,Europe
7102,XCC,Japan,1987,indie,False,Asia
7103,XD,Canada,2013,indie,False,America
7104,XDEVS LTD,Japan,1983,mid,False,Asia
7105,XDG GAME STUDIO,USA,2010,indie,False,America
7106,XDesktopSoft,Japan,1996,indie,False,Asia
7107,XENOpz,USA,1994,indie,False,America
7108,XIAOWUWEI,Japan,1982,indie,False,Asia
7109,XMINutesGames,USA,1987,indie,False,America
7110,XMR,France,1975,indie,False,Europe
7111,XNKLV,Germany,1985,mid,False,Europe
7112,XO Cat,UK,2016,indie,False,Europe
7113,XP Liu,Australia,1986,indie,False,Oceania
7114,XPlayer Team,Sweden,1999,indie,False,Europe
7115,XR Studio LLC,UK,2004,indie,False,Europe
7116,XRBASE,USA,2018,indie,False,America
7117,XRLab,USA,1994,indie,False,America
7118,XSEED Games,Australia,2011,aaa,False,Oceania
7119,XSGames,Japan,2014,indie,False,Asia
7120,XSlayerXStudios,USA,2017,indie,False,America
7121,XTeam Software Solutions srls,Sweden,1986,indie,False,Europe
7122,XXII GROUP,Poland,1991,indie,False,Europe
7123,XXL,UK,1991,indie,False,Europe
7124,XXX Dev CIRCLE,UK,2007,indie,False,Europe
7125,XXXplosion,Canada,2014,indie,False,America
7126,XYZStudio,Russia,1975,indie,False,Europe
7127,Xagu Studios,Germany,2016,indie,False,Europe
7128,Xander's Corgi Arcade,Russia,2013,indie,False,Europe
7129,Xbox Game Studios,Japan,1992,aaa,False,Asia
7130,XcryptGames,Japan,1996,indie,False,Asia
7131,Xeaker,USA,2008,indie,False,America
7132,Xelphyre Games,Poland,1997,indie,False,Europe
7133,Xennial Digital,Japan,1992,indie,False,Asia
7134,Xenoaisam Studio,France,1992,mid,False,Europe
7135,Xenture Games,USA,2012,indie,False,America
7136,Xenturion,France,2020,indie,False,Europe
7137,Xetrys Studio,UK,1992,indie,False,Europe
7138,XiGeHong,USA,1992,indie,False,America
7139,XiaoDongMa,France,1991,indie,False,Europe
7140,XiaogengXu,Germany,1975,indie,False,Europe
7141,Xilosopher,Japan,2008,indie,False,Asia
7142,Xio-Fret Games,Canada,2015,indie,False,America
7143,Xitilon,Australia,2015,mid,False,Oceania
7144,Xitol,Germany,2003,indie,False,Europe
7145,Xlab Digital,Sweden,1991,indie,False,Europe
7146,XlashGames,USA,1985,indie,False,America
7147,Xoron GmbH,Russia,1981,indie,False,Europe
7148,Xoullion,Japan,2004,indie,False,Asia
7149,Xufactor,Russia,2009,indie,False,Europe
7150,Xyak-Xyak,Sweden,1982,indie,False,Europe
7151,Y Press Games,UK,1979,mid,False,Europe
7152,Y Press Otomes,USA,2005,indie,False,America
7153,Y-Square Games G.K.,USA,2008,indie,False,America
7154,Y.Kageyama,USA,1993,indie,True,America
7155,Y.L.Legion,France,1988,indie,False,Europe
7156,YASUDA GAMES,Germany,1982,indie,False,Europe
7157,YCJY Games,UK,2020,mid,False,Europe
7158,YD Soft,USA,2022,indie,False,America
7159,YDKR,UK,2021,mid,False,Europe
7160,YEMA GAME,Canada,2016,indie,False,America
7161,YGB Studio,Japan,2000,indie,False,Asia
7162,"YGGDRAZIL GROUP CO.,LTD",Canada,2007,indie,False,America
7163,YJM GAMES,UK,2011,mid,False,Europe
7164,YLO GAME.,France,1983,indie,False,Europe
7165,YMQWORKS,UK,2010,indie,False,Europe
7166,YOX-Project,USA,2018,mid,False,America
7167,YSY Softworks,UK,2003,indie,False,Europe
7168,YU-CHU-BU!,USA,2017,indie,False,America
7169,YUGIKOBO,Japan,1984,indie,False,Asia
7170,YUSEI NAKAMURA,Germany,2019,indie,False,Europe
7171,Yaeko,Australia,1984,mid,False,Oceania
7172,Yahaha Studios,USA,1976,indie,False,America
7173,Yai Gameworks,USA,1979,indie,False,America
7174,Yamamoto App.,Japan,1991,indie,False,Asia
7175,Yamate,USA,1993,indie,False,America
7176,Yamir,Sweden,1981,indie,False,Europe
7177,Yamoto,UK,1995,indie,False,Europe
7178,Yanako RPGs,USA,1986,indie,False,America
7179,Yang Li,Germany,2011,indie,False,Europe
7180,YangTianTech,Japan,2013,indie,False,Asia
7181,Yann GEFFROTIN,Japan,1976,mid,False,Asia
7182,Yaroslav Kosyk,Japan,2002,indie,False,Asia
7183,Yash Future Tech Solutions Pvt Ltd,France,1982,mid,False,Europe
7184,Yasha,Russia,2000,indie,False,Europe
7185,Yasho Salamander,USA,1990,indie,False,America
7186,Yasmina Surfside LLC,USA,1993,indie,False,America
7187,Yatch Studios,UK,1975,indie,False,Europe
7188,Yeehaw Games,Australia,1990,indie,False,Oceania
7189,Yeli Orog Games,Sweden,2022,indie,False,Europe
7190,Yellow Brick Games,USA,2021,indie,False,America
7191,YellowDuckWorks,USA,1996,indie,False,America
7192,Yes Productions,Canada,2003,indie,False,America
7193,Yeti Mouth Games LLC,Poland,1979,indie,False,Europe
7194,Yiming,Germany,2013,indie,False,Europe
7195,Yle Sandbox,Germany,2003,indie,False,Europe
7196,Ynor,USA,2019,indie,False,America
7197,Yoa Games,USA,2002,indie,False,America
7198,Yobob Games,Canada,1998,indie,False,America
7199,Yobowargames,USA,1979,indie,False,America
7200,Yogscast Games,Russia,1988,indie,False,Europe
7201,YongHo Joo,UK,1987,indie,False,Europe
7202,YoonLim,Sweden,2014,indie,False,Europe
7203,Yorblesnoot,Canada,1989,indie,False,America
7204,Yorick Postema,Japan,2001,indie,False,Asia
7205,YorochiGames,Poland,2017,indie,False,Europe
7206,"You42, Inc.",UK,2012,indie,False,Europe
7207,YouJing,USA,2017,indie,False,America
7208,Youai Xiongdi Information Technology,Australia,1983,indie,False,Oceania
7209,Young Horses,Poland,1987,indie,False,Europe
7210,Young Studio,France,1999,indie,False,Europe
7211,Your Waifu Factory,Russia,1992,indie,False,Europe
7212,YourAverageOtter,Australia,1993,indie,False,Oceania
7213,Yprac Studio,France,1983,indie,False,Europe
7214,YuBui Studios,USA,1986,indie,False,America
7215,Yuer,USA,1988,indie,False,America
7216,Yuiami Games,Russia,1996,indie,False,Europe
7217,Yukinoshin,France,2005,indie,False,Europe
7218,Yume Creations,USA,2011,indie,False,America
7219,YuriNekoMaid,USA,2005,indie,False,America
7220,Yutopia Arts,USA,1983,indie,False,America
7221,Yuuki Tsuji,USA,1984,indie,False,America
7222,Yuzuru Sitra,France,1987,indie,False,Europe
7223,Yxtopia Studios,Poland,2013,indie,False,Europe
7224,Z & K Games,Sweden,1981,indie,False,Europe
7225,Z&K Games,USA,2017,indie,False,America
7226,Z-Challenger,Canada,1998,indie,False,America
7227,ZELENIUK,Australia,2006,indie,False,Oceania
7228,ZGGame,USA,2010,indie,False,America
7229,ZHR,USA,2015,indie,False,America
7230,"ZHUYUAN Co.,Ltd",Japan,1990,indie,True,Asia
7231,ZLM Crafter - Game Team,Canada,1976,indie,True,America
7232,ZNT Productions,Australia,2018,indie,False,Oceania
7233,ZOLTARR,USA,2001,indie,False,America
7234,ZONK Studios,USA,2019,indie,False,America
7235,ZOOM Platform Media,USA,1992,indie,False,America
7236,ZOV GAME STUDIO,USA,1975,indie,False,America
7237,ZSJ工作室,Japan,1987,indie,False,Asia
7238,ZUGALU ENTERTAINMENT,Canada,1981,indie,False,America
7239,ZZ,Australia,1992,indie,False,Oceania
7240,Zabbo Games,France,2022,indie,False,Europe
7241,Zabuza Labs,France,2011,indie,False,Europe
7242,Zach Gage,Canada,2013,indie,False,America
7243,Zachary Sullivan,USA,1999,indie,False,America
7244,Zachtronics,Australia,2014,indie,False,Oceania
7245,Zakroutil,USA,1979,indie,False,America
7246,Zane Antosh,USA,2006,indie,False,America
7247,Zane Gittins,UK,2019,indie,False,Europe
7248,ZangGames,USA,1998,mid,False,America
7249,ZapHop Games,UK,2015,indie,False,Europe
7250,Zarkan Entertainment,UK,2011,indie,False,Europe
7251,Zashiko,Sweden,1979,indie,False,Europe
7252,Zaxiquej,Japan,1981,indie,False,Asia
7253,Zaxis Games,UK,2017,indie,False,Europe
7254,ZaxtorGameS,Russia,1976,indie,False,Europe
7255,Zealer,USA,2013,indie,False,America
7256,Zealwind,France,1987,indie,False,Europe
7257,Zebra Zine,Sweden,2006,indie,False,Europe
7258,Zee Vital,USA,2012,indie,False,America
7259,Zeekerss,Australia,1998,indie,False,Oceania
7260,Zeiva Inc,USA,2015,indie,False,America
7261,Zeke Virant,Russia,1997,indie,False,Europe
7262,Zen GM Games,Russia,1997,indie,False,Europe
7263,Zen Studios,Russia,1994,mid,False,Europe
7264,Zeno Rogue,Australia,2009,indie,False,Oceania
7265,ZephyrNest Creations,Germany,2019,indie,False,Europe
7266,"Zero Brain, LLC",Germany,1994,indie,False,Europe
7267,"Zero Mass Energy, Inc",Japan,1991,indie,False,Asia
7268,Zero One,Germany,2019,indie,False,Europe
7269,Zero Point Software,UK,1981,indie,False,Europe
7270,Zero Rock Entertainment,Germany,1988,indie,False,Europe
7271,ZeroBitCode,USA,1996,indie,False,America
7272,ZeroXilo,France,2003,indie,False,Europe
7273,Zerone Studios,Canada,1993,indie,False,America
7274,Zerouno Games,Sweden,2011,mid,False,Europe
7275,ZerovHao,USA,1981,indie,False,America
7276,Zertuk,USA,2016,indie,False,America
7277,Zeta bit,USA,2000,indie,False,America
7278,Zeuta Caffe,UK,2003,indie,False,Europe
7279,Zhang Huiqin,France,2018,mid,False,Europe
7280,Zhi Wong,USA,2007,indie,False,America
7281,Zhongshan Xinglong Animation Technology Co. Ltd.,UK,2007,indie,False,Europe
7282,Zhou Yu Cheng,UK,2020,indie,True,Europe
7283,Zhou Yuan,Canada,1987,indie,False,America
7284,ZiU Game,USA,1975,indie,True,America
7285,ZigZagJazz LLC,Russia,2018,indie,False,Europe
7286,Ziggurat,Germany,1984,aaa,False,Europe
7287,Zin Games LLC,Sweden,2009,indie,False,Europe
7288,Zoka Bros.,UK,2007,indie,False,Europe
7289,Zombie Developer,France,2009,mid,True,Europe
7290,Zombie's Delight Studio,Japan,1988,indie,False,Asia
7291,Zona Arqueologica Caral,USA,1980,indie,False,America
7292,Zoo Corporation,UK,2010,aaa,False,Europe
7293,Zotnip,UK,2016,indie,False,Europe
7294,Zudenan Digital,Japan,1988,indie,False,Asia
7295,Zuko Media LLC,Japan,2008,indie,False,Asia
7296,Zulubo Productions,Germany,1987,indie,False,Europe
7297,Zurey,USA,2012,indie,False,America
7298,Zygobot Studios,France,1992,indie,True,Europe
7299,Zylos Games LLC,USA,1979,indie,False,America
7300,[2.21],USA,2020,indie,False,America
7301,_badger,Japan,1977,indie,True,Asia
7302,_if_N,Australia,2007,indie,False,Oceania
7303,_trackC Interactive LLC,UK,2017,indie,False,Europe
7304,a1esska,Poland,2022,indie,False,Europe
7305,aNCHOR Inc.,USA,1991,indie,False,America
7306,aPriori Digital,USA,2021,indie,False,America
7307,aQuadiun,Canada,1985,indie,False,America
7308,aarthificial,Sweden,2019,indie,False,Europe
7309,abdullah aldosari,USA,1998,indie,False,America
7310,abooxlove,USA,1981,indie,False,America
7311,actpng,France,2020,indie,False,Europe
7312,adDICKtive games,Russia,2011,indie,False,Europe
7313,adamgryu,USA,1978,indie,False,America
7314,agapiOS,France,1982,indie,False,Europe
7315,aiiaiiiyo,Germany,1981,indie,False,Europe
7316,alextrof94,Japan,1982,indie,False,Asia
7317,alreti circle,Poland,2007,indie,False,Europe
7318,amberlimshin,USA,2020,indie,True,America
7319,angelrot games,UK,1996,indie,False,Europe
7320,ant_games,USA,2018,indie,False,America
7321,aptk,USA,1982,indie,False,America
7322,aresarx,Russia,2020,indie,False,Europe
7323,art-0,Japan,2019,indie,False,Asia
7324,artoonu,USA,1979,aaa,False,America
7325,ashipi,Canada,1989,indie,False,America
7326,ashleyypox,USA,2001,indie,False,America
7327,astragon Entertainment,Poland,1996,mid,False,Europe
7328,astragon Entertainment GmbH,France,1999,indie,False,Europe
7329,axilirate,Sweden,1986,indie,False,Europe
7330,azimut team,Canada,1987,indie,False,America
7331,azimuth team,UK,1993,mid,False,Europe
7332,azucat,USA,1985,indie,False,America
7333,b-alive gmbh,Japan,2022,indie,False,Asia
7334,baKno Games,France,2016,indie,False,Europe
7335,bad monkee,Australia,2007,indie,False,Oceania
7336,bair games,Poland,2011,indie,False,Europe
7337,base0,USA,2021,indie,False,America
7338,basement queuing game studio,USA,2021,indie,False,America
7339,bdme,USA,2016,indie,False,America
7340,benmakesgames.com,Germany,2000,indie,False,Europe
7341,bernie wick,Australia,2006,indie,False,Oceania
7342,betaVR,USA,2007,indie,False,America
7343,bhungry,Japan,1982,mid,False,Asia
7344,bibimbapstudio,Poland,1998,indie,False,Europe
7345,binary.games,Sweden,1997,indie,False,Europe
7346,bitComposer Games,Sweden,2011,mid,False,Europe
7347,bitSmith Games,Poland,1980,indie,False,Europe
7348,bitchunk,UK,2010,indie,False,Europe
7349,bitshift,UK,1998,indie,False,Europe
7350,bitshift.studio,Japan,1990,indie,False,Asia
7351,bmrec,USA,1981,indie,False,America
7352,buster4,USA,1994,indie,False,America
7353,by AUSTIN JAMES,Russia,2005,indie,False,Europe
7354,byMixNez,France,2011,indie,False,Europe
7355,c l o t h i n g h a n g e r,France,1976,indie,False,Europe
7356,cBlck,France,2016,indie,False,Europe
7357,cGh ONE,Australia,1999,mid,False,Oceania
7358,cJoy Games,USA,2016,indie,False,America
7359,callenshaw indiegames,USA,1977,indie,False,America
7360,carb,UK,2006,indie,False,Europe
7361,catchdevelop,USA,1990,indie,False,America
7362,cbinfosystems,UK,1999,indie,False,Europe
7363,cd-doma production,UK,1978,indie,False,Europe
7364,cdhy interactive,Sweden,1992,indie,False,Europe
7365,cg-imagine,USA,1975,indie,False,America
7366,chengcong,USA,1993,mid,False,America
7367,chenjd,Poland,1986,indie,False,Europe
7368,cheshewstudio,USA,2016,indie,False,America
7369,chgames,Canada,2018,indie,True,America
7370,chi,Poland,1996,indie,False,Europe
7371,chickeninthecornstudio,France,2022,indie,False,Europe
7372,cip,Japan,2005,indie,True,Asia
7373,cnsgames,France,2002,mid,False,Europe
7374,codeArts K.K.,UK,2004,indie,False,Europe
7375,computer-knopf,Sweden,2005,indie,False,Europe
7376,copperwaif,Canada,2008,indie,False,America
7377,corrox,Canada,1997,indie,False,America
7378,cyberworks,Germany,2016,indie,False,Europe
7379,cyphen inc.,USA,1988,indie,False,America
7380,d3arts.cz,Poland,2019,indie,False,Europe
7381,d4rkd0s,USA,2014,indie,False,America
7382,daminggede,USA,2003,indie,False,America
7383,daniel coady.,USA,2011,indie,False,America
7384,darkly,USA,1977,indie,False,America
7385,deadworld games,Sweden,2014,indie,False,Europe
7386,desunoya,Japan,1978,indie,False,Asia
7387,devGONG,Russia,2015,indie,False,Europe
7388,dev_k5aa,USA,1979,indie,False,America
7389,diedemor studio,Poland,2005,indie,False,Europe
7390,dietzribi,Australia,2021,indie,False,Oceania
7391,dig,USA,2019,indie,False,America
7392,digimoss,Germany,1989,indie,False,Europe
7393,diman production,Canada,1983,indie,False,America
7394,dimbdev,Germany,1994,indie,False,Europe
7395,div,USA,1979,indie,False,America
7396,dramatic create,UK,2014,mid,False,Europe
7397,dreamboat,Japan,2018,indie,False,Asia
7398,droqen,Sweden,2012,indie,False,Europe
7399,dsquare,Japan,1982,indie,False,Asia
7400,dustinaux,Germany,2020,indie,False,Europe
7401,duzhening,Sweden,1982,indie,False,Europe
7402,dvdvideomedia,Japan,2004,indie,False,Asia
7403,e-Jade,Germany,1987,indie,False,Europe
7404,e-door,UK,1998,indie,False,Europe
7405,eGames.com,Japan,1975,indie,False,Asia
7406,eMedia Music,UK,1988,mid,False,Europe
7407,eStudio NooN,USA,1994,indie,False,America
7408,eTIRUe,Japan,2021,mid,False,Asia
7409,eVR,Canada,2022,indie,False,America
7410,eXplore Studio,USA,1979,indie,False,America
7411,ebi-hime,Japan,2010,aaa,False,Asia
7412,egor dorogov,Poland,2008,indie,False,Europe
7413,eiNpictures,UK,2019,indie,False,Europe
7414,ektomarch,USA,2006,indie,False,America
7415,"elvismd, ivangarcia",France,1992,indie,True,Europe
7416,endingn,USA,2006,indie,False,America
7417,enzi,Russia,2013,indie,False,Europe
7418,erm...,USA,1989,indie,False,America
7419,evlavv_studio,Poland,2000,indie,False,Europe
7420,exaQuark,Australia,1993,indie,False,Oceania
7421,exosyphen studios,Russia,2022,mid,False,Europe
7422,fShark Games,USA,2008,indie,False,America
7423,fabolous_lux,USA,1985,mid,False,America
7424,familyplay,Canada,2016,aaa,False,America
7425,fap girls,Poland,2004,mid,False,Europe
7426,fenchen9hd,UK,2008,indie,False,Europe
7427,final blue game studio,UK,1983,indie,False,Europe
7428,flapper3 inc.,USA,1990,indie,False,America
7429,flashdim,France,2015,indie,False,Europe
7430,fnnbrr,Russia,2008,indie,False,Europe
7431,forefinger,UK,1995,indie,False,Europe
7432,fourth motion llc,USA,1988,indie,False,America
7433,framelocker GmbH,USA,2015,indie,False,America
7434,friendsoflittleyus,France,2013,indie,False,Europe
7435,frozenlab,Russia,2021,indie,False,Europe
7436,funktiondreizehn studio,Russia,1978,indie,False,Europe
7437,gMarks,Japan,1978,indie,False,Asia
7438,games by lum,France,1998,indie,False,Europe
7439,gamevial,USA,1976,indie,False,America
7440,gareththegeek,USA,1991,indie,False,America
7441,gelten,Japan,1997,indie,False,Asia
7442,gitcare,USA,1986,indie,False,America
7443,gnomearc,Germany,1999,indie,False,Europe
7444,greasefiregames,USA,1978,indie,False,America
7445,grin robot,UK,2016,mid,False,Europe
7446,guilemus,USA,1981,indie,False,America
7447,guizhi0011,USA,2009,indie,False,America
7448,guselect,UK,2016,indie,False,Europe
7449,halvardo13,Sweden,2022,indie,False,Europe
7450,handMadeGames,Japan,1984,indie,False,Asia
7451,happypandagames,USA,1984,indie,True,America
7452,hcnone,USA,1992,indie,False,America
7453,healthy game,UK,2011,indie,False,Europe
7454,hellydev,Japan,1999,indie,False,Asia
7455,hikarumiwa.,Canada,2018,indie,False,America
7456,hna,USA,2004,indie,False,America
7457,htaidisgust,France,2003,indie,False,Europe
7458,hublab,Japan,1998,indie,True,Asia
7459,hurakan,Germany,1985,indie,False,Europe
7460,i273 LLC,Canada,1996,indie,False,America
7461,iGame,Poland,2014,indie,False,Europe
7462,iLand Studios,USA,1998,indie,False,America
7463,iMel,Japan,1997,mid,True,Asia
7464,iRacing,Sweden,1999,indie,False,Europe
7465,iRacing.com Motorsport Simulations,USA,2021,indie,False,America
7466,iXsign,UK,2009,indie,False,Europe
7467,iYou,USA,1997,indie,False,America
7468,ianw.io,UK,2012,indie,False,Europe
7469,idris Celik,USA,2022,indie,True,America
7470,igelanium games,USA,2018,indie,False,America
7471,ihanbyol,Germany,1999,indie,False,Europe
7472,illegaldogs,Russia,1994,indie,False,Europe
7473,ilzard,Russia,1984,indie,False,Europe
7474,ima shouganai,USA,1998,indie,False,America
7475,imbananacrazy,Australia,2004,indie,False,Oceania
7476,in Principle Inc,France,2005,mid,False,Europe
7477,inXile Entertainment,USA,2011,mid,False,America
7478,indie.io,UK,2002,aaa,False,Europe
7479,indie_games_studio,USA,1992,mid,False,America
7480,indiegames3000,USA,1986,mid,False,America
7481,indiegamesjapan,Japan,1977,mid,False,Asia
7482,indienova,USA,2018,indie,True,America
7483,indigo game production,Japan,1985,indie,False,Asia
7484,infinitevile,Germany,1991,indie,False,Europe
7485,int22Creates,Australia,1996,indie,False,Oceania
7486,inveshemin,Germany,2021,indie,False,Europe
7487,iolo,Sweden,1985,indie,False,Europe
7488,ipei_retland,UK,1980,indie,False,Europe
7489,iraisynn attinom,UK,2019,indie,False,Europe
7490,irisGameDev,France,2008,indie,False,Europe
7491,itandfeel,USA,2007,indie,False,America
7492,itsBoats,Japan,1982,indie,False,Asia
7493,jackSTAR,Russia,1977,indie,False,Europe
7494,jackgame,USA,2012,indie,False,America
7495,jaffrelot alain,USA,1989,indie,False,America
7496,jewelry,Australia,1984,indie,False,Oceania
7497,jitensyasougyou,Japan,1977,indie,False,Asia
7498,jjpokey,Russia,1976,indie,False,Europe
7499,jorgen games Ltd,USA,1986,indie,False,America
7500,joversound,Germany,2014,indie,False,Europe
7501,juhbeedesigns,USA,1977,indie,False,America
7502,kChamp Games,USA,2020,indie,False,America
7503,kamti,USA,2021,indie,False,America
7504,kan.kikuchi,UK,1994,indie,False,Europe
7505,kangawallapuss,Germany,1987,indie,False,Europe
7506,kantal collective,Germany,1978,indie,False,Europe
7507,karl brown,Sweden,1994,indie,False,Europe
7508,kazakovstudios,USA,1999,indie,False,America
7509,kc6067,Russia,1977,indie,False,Europe
7510,kdcompany,France,1979,indie,False,Europe
7511,kg games,Australia,2002,indie,False,Oceania
7512,kgsensei,France,1998,indie,False,Europe
7513,khukhrovr,USA,2022,mid,True,America
7514,kingna studio,Russia,1987,indie,False,Europe
7515,kiukiu,Poland,1985,indie,False,Europe
7516,koinoroi,UK,1977,indie,False,Europe
7517,kovalevviktor,USA,2001,mid,False,America
7518,kurigamedev,Poland,1990,indie,False,Europe
7519,kutugi kaoru,Poland,1992,indie,False,Europe
7520,l0wpoly,USA,1995,indie,False,America
7521,lamb of game,Russia,1975,mid,False,Europe
7522,lapys games,Russia,1997,indie,False,Europe
7523,lastgame,USA,2012,indie,True,America
7524,late summer studio,UK,2000,indie,False,Europe
7525,lazygun,USA,1986,indie,False,America
7526,lemorion_1224,Japan,1979,indie,False,Asia
7527,lightUP,USA,2006,mid,False,America
7528,lilleBror,USA,1997,indie,False,America
7529,liluoailuoli,USA,2004,indie,False,America
7530,lineindevs,Australia,1979,indie,False,Oceania
7531,liugao,USA,1983,indie,False,America
7532,liuliu,USA,2013,indie,False,America
7533,ln404,UK,2009,indie,False,Europe
7534,"logicalbeat Co., Ltd.",Germany,1996,indie,False,Europe
7535,loongjinlong,Japan,1999,indie,False,Asia
7536,looook.me,UK,2018,indie,False,Europe
7537,louis morel,USA,1991,indie,False,America
7538,ludobloom,Sweden,2008,indie,False,Europe
7539,m07games,Germany,1990,indie,False,Europe
7540,mCoCoA,USA,2012,indie,False,America
7541,mNosGaming,USA,2017,indie,False,America
7542,magnussoft,Japan,2021,mid,False,Asia
7543,manadream,USA,2007,indie,False,America
7544,mannered.monster,Poland,1982,indie,False,Europe
7545,maou,France,1986,indie,False,Europe
7546,mars,UK,2000,indie,False,Europe
7547,marumellon,Japan,2009,indie,False,Asia
7548,mashumafi,Japan,1998,indie,False,Asia
7549,matchdev23,USA,1976,indie,True,America
7550,mc2games,Poland,2006,indie,False,Europe
7551,me,USA,1987,mid,False,America
7552,mebius.,France,1976,mid,False,Europe
7553,meokigame,Sweden,2014,indie,False,Europe
7554,mikolus,USA,1989,indie,False,America
7555,milhostudio,USA,1984,indie,False,America
7556,mindhelix.pl,USA,2005,indie,False,America
7557,mindmeld.io Inc.,Poland,2006,indie,False,Europe
7558,mirai works,USA,1986,mid,False,America
7559,mizu,Canada,2021,indie,False,America
7560,mkaatr,France,2011,indie,False,Europe
7561,moesoft,USA,2001,indie,False,America
7562,monoclelord,USA,1990,indie,False,America
7563,motsuhouse,Russia,2000,indie,False,Europe
7564,mouse,Sweden,2007,indie,False,Europe
7565,mungbungo,Russia,1976,indie,False,Europe
7566,murase,USA,2007,indie,False,America
7567,nStarcube,Australia,1997,indie,False,Oceania
7568,napkinGames,USA,2017,indie,False,America
7569,naro,USA,2007,indie,True,America
7570,natamigame,Russia,1976,indie,False,Europe
7571,navin prithvi,Germany,1978,indie,False,Europe
7572,neostasunny,France,1989,indie,False,Europe
7573,neozoid.games,USA,1984,indie,False,America
7574,new dev,Russia,1996,indie,False,Europe
7575,nextReality Games,USA,1998,indie,False,America
7576,nibblenibble123,USA,2006,indie,False,America
7577,niomiautemn,USA,2020,indie,False,America
7578,nobodyshot,Japan,1986,indie,False,Asia
7579,nonPareil Institute,USA,1995,indie,False,America
7580,none,USA,1995,mid,False,America
7581,noowanda,USA,2014,indie,False,America
7582,norazuma,USA,1986,mid,False,America
7583,npckc,Sweden,1991,indie,False,Europe
7584,nullius,USA,2017,indie,False,America
7585,nuru games,Poland,1979,indie,False,Europe
7586,nyewks,Germany,1986,indie,False,Europe
7587,oaksweetz,USA,2012,indie,False,America
7588,oates,Sweden,1989,indie,False,Europe
7589,obece,Japan,2021,indie,True,Asia
7590,ogsoftgames,Canada,1996,indie,False,America
7591,okyakusama,UK,1984,mid,False,Europe
7592,onebraverobot,UK,2022,indie,False,Europe
7593,onegames,Australia,1979,indie,False,Oceania
7594,oophok,USA,1980,indie,False,America
7595,orange,Sweden,2017,indie,True,Europe
7596,origamihero games,USA,2022,indie,False,America
7597,owlyboi,Germany,1980,mid,False,Europe
7598,peanutbutterandjuggler,Australia,1996,indie,False,Oceania
7599,pengjianNiu,Poland,2001,indie,False,Europe
7600,pheenix93,Japan,2019,indie,False,Asia
7601,photographer,Japan,1979,mid,False,Asia
7602,pieDevs,Japan,2022,indie,False,Asia
7603,pixepob,France,1998,indie,False,Europe
7604,playuntrusted.com,France,2012,indie,False,Europe
7605,polynation games ltd,Australia,1999,indie,False,Oceania
7606,polyperfect,UK,2003,indie,False,Europe
7607,polytanQ,Russia,1983,indie,False,Europe
7608,prettysmart games,USA,1994,indie,False,America
7609,qimiaogame,Germany,1997,indie,False,Europe
7610,qiutaixu studio,Poland,1990,indie,False,Europe
7611,quicktequila,USA,1992,indie,False,America
7612,qureate,Canada,1984,mid,False,America
7613,rDev,USA,2001,indie,False,America
7614,raccoon,USA,2006,indie,False,America
7615,radmatt,Russia,2020,indie,False,Europe
7616,rainstory.games,USA,1984,mid,False,America
7617,raptor lab,USA,1994,indie,False,America
7618,red small workshop,France,2020,indie,False,Europe
7619,redratic,Poland,1987,indie,False,Europe
7620,reiti.net,USA,2021,indie,False,America
7621,resnijars,Canada,1976,mid,False,America
7622,richard,USA,1988,indie,False,America
7623,riolucci,UK,1977,indie,False,Europe
7624,rittzler,Germany,1998,indie,False,Europe
7625,robinz,Canada,1995,indie,True,America
7626,roflinka games,Canada,1990,indie,False,America
7627,rokaplay,USA,1994,indie,False,America
7628,rondomedia GmbH,Canada,1995,indie,False,America
7629,rpglord69,USA,2016,indie,False,America
7630,rulewrite,USA,2018,indie,False,America
7631,russpuppy,Australia,1979,indie,False,Oceania
7632,sad_gandalf,Australia,2013,indie,False,Oceania
7633,samuel crevier,France,1979,indie,False,Europe
7634,scopatgames,UK,1987,indie,False,Europe
7635,sebagamesdev,USA,2015,indie,False,America
7636,seekmindstudio,UK,1991,indie,False,Europe
7637,sevin.games,USA,2015,indie,False,America
7638,sewohayami,Australia,1985,indie,False,Oceania
7639,shinon,USA,2001,indie,False,America
7640,shipscaptainindie,Australia,2019,indie,False,Oceania
7641,shru,USA,2009,indie,False,America
7642,shunYing,Australia,2012,indie,False,Oceania
7643,simplecakestudio,USA,2010,indie,False,America
7644,skR1me,USA,2007,indie,False,America
7645,sky-coding,UK,1982,indie,False,Europe
7646,slimefriend,UK,2018,indie,False,Europe
7647,slizer88,Russia,2017,indie,False,Europe
7648,socah,Australia,2002,indie,False,Oceania
7649,solarsuit.games,UK,1993,indie,False,Europe
7650,somdy age,USA,1994,indie,False,America
7651,spider,Canada,1996,indie,False,America
7652,splenbit,USA,2008,indie,False,America
7653,sprise,USA,1989,indie,False,America
7654,ssma,Canada,1999,indie,False,America
7655,stabbystab,USA,1975,indie,False,America
7656,starknow,USA,2003,indie,False,America
7657,stormnebulae,Japan,2017,indie,False,Asia
7658,straka.studio,Poland,1999,indie,False,Europe
7659,studeii.us,USA,2019,indie,False,America
7660,sudologic,USA,2013,indie,False,America
7661,swfranlou88,Poland,1990,indie,False,Europe
7662,takayakata,USA,2004,indie,False,America
7663,takk,Poland,2013,indie,False,Europe
7664,tamanegi7,USA,2018,indie,False,America
7665,team bluem,Russia,1983,indie,False,Europe
7666,team tsoto,Japan,1984,indie,False,Asia
7667,temma.uesugi,USA,2010,indie,False,America
7668,testtheblade,France,1979,indie,False,Europe
7669,the Bratans,Australia,2016,indie,False,Oceania
7670,the NineLust Studios,Japan,2015,indie,False,Asia
7671,theNeko,Russia,2010,mid,False,Europe
7672,thedevvdude,USA,1991,indie,True,America
7673,theepiccoder,Russia,1982,indie,False,Europe
7674,thumbcramp,USA,1998,indie,False,America
7675,tinyBuild,Sweden,2003,aaa,False,Europe
7676,tiplay studio,UK,1975,indie,False,Europe
7677,tjern,Poland,2002,mid,False,Europe
7678,toR Studio,Canada,2009,indie,False,America
7679,tobspr Games,Sweden,1992,mid,True,Europe
7680,tree,France,2004,indie,False,Europe
7681,turbolento games,UK,1996,indie,False,Europe
7682,uehara create,Japan,2012,indie,False,Asia
7683,uloongsoft,Germany,1980,indie,False,Europe
7684,umbrella11,UK,2017,indie,False,Europe
7685,unbeGames,France,2000,indie,False,Europe
7686,undownsidable,Canada,1978,indie,False,America
7687,uneyu,UK,1995,indie,False,Europe
7688,unitedvirtualassets,Russia,1986,indie,False,Europe
7689,unniex,Australia,1984,indie,False,Oceania
7690,upjers,Australia,2006,indie,False,Oceania
7691,upmupm420,Sweden,1994,indie,False,Europe
7692,ustwo games,UK,2019,mid,False,Europe
7693,velkomin,UK,2012,indie,False,Europe
7694,virtual dream,France,2004,indie,False,Europe
7695,wVw_cat,Japan,2007,indie,False,Asia
7696,wacha.ru,Canada,2017,indie,False,America
7697,"wefiends, Inc.",USA,2020,indie,False,America
7698,weyha.com,Australia,1989,indie,False,Oceania
7699,windfallsoft,UK,2001,indie,False,Europe
7700,worm club,Japan,1981,indie,False,Asia
7701,wosabi,Poland,2002,indie,False,Europe
7702,wwesoly games,USA,2015,indie,False,America
7703,www.Spellbook.com,Russia,1997,indie,False,Europe
7704,www.VolkGam.ru,France,1998,indie,False,Europe
7705,wywl,Japan,2011,indie,False,Asia
7706,xDenny,UK,2017,indie,False,Europe
7707,xHARDHeMPuS,USA,2001,indie,False,America
7708,xPathfinder Games,Russia,2013,indie,False,Europe
7709,xTyler73,Japan,1984,indie,False,Asia
7710,xXx_Skipper_xXx,UK,2015,indie,False,Europe
7711,xenoargh,Japan,1988,indie,False,Asia
7712,xinoro,Russia,1994,indie,False,Europe
7713,yangyiming,USA,2011,indie,False,America
7714,yaogame,USA,1979,indie,False,America
7715,yokaze,UK,1977,mid,False,Europe
7716,youdoyou.motto,Japan,1999,indie,False,Asia
7717,younes beroughani,Sweden,2010,indie,False,Europe
7718,yugamesplay,UK,1991,indie,True,Europe
7719,yukitama,USA,1998,indie,False,America
7720,yun,France,2006,indie,False,Europe
7721,yunbei,Japan,1976,indie,False,Asia
7722,yyrGames,USA,2004,indie,False,America
7723,zFhresh,Sweden,1989,indie,True,Europe
7724,zao_mesherskoe,Japan,2017,indie,False,Asia
7725,zhangwenlu,Germany,2013,indie,False,Europe
7726,zhangzhaogong,USA,2016,indie,True,America
7727,zhongjiayi,USA,2020,indie,False,America
7728,zilchdear,Russia,1981,indie,False,Europe
7729,zzong,USA,2006,indie,False,America
7730,~Nutty~,Russia,1989,indie,False,Europe
7731,Özura,Russia,1981,indie,False,Europe
7732,КиКо,USA,1982,indie,False,America
7733,ЛД: Новости визуальных новелл,USA,1978,mid,False,America
7734,Носков Сергей,Germany,1983,mid,False,Europe
7735,الاستوديو العربي لتطوير الألعاب,USA,1995,indie,False,America
7736,あうとさいど,Canada,2014,indie,True,America
7737,おまど,USA,2019,indie,False,America
7738,かべろくん,USA,2022,indie,False,America
7739,ぶんぶくず,Japan,2018,indie,False,Asia
7740,ほんわかふわふわ,Japan,2014,mid,False,Asia
7741,やぶから堂,Canada,1998,indie,False,America
7742,やまひ,USA,2007,indie,False,America
7743,アメミキノスケ,France,1991,indie,False,Europe
7744,オートリ電子,Sweden,1997,indie,False,Europe
7745,ケイエル,Russia,1995,indie,False,Europe
7746,フェリバード,Germany,1993,indie,False,Europe
7747,一个小目标工作室,UK,1987,indie,False,Europe
7748,一只猴头工作室,Australia,2015,indie,False,Oceania
7749,一心社,Sweden,2021,indie,False,Europe
7750,一朵大帽子,UK,2011,indie,False,Europe
7751,七彩绘色游戏,USA,1993,indie,False,America
7752,三月精的旧树屋,Russia,2010,indie,False,Europe
7753,上海刃贤网络科技有限公司,USA,1977,indie,False,America
7754,上海润梦网络科技有限公司,Russia,2000,indie,False,Europe
7755,不语游戏工作室,Russia,2017,indie,False,Europe
7756,东方幻域,USA,2012,indie,True,America
7757,个人,UK,2022,indie,False,Europe
7758,个人工作室（Two friends ）,Sweden,1993,indie,False,Europe
7759,个人开发者-Yykai,USA,2006,indie,False,America
7760,临雪制作组,Canada,2015,indie,False,America
7761,乌鸦大仙,USA,2020,indie,False,America
7762,乐谷游戏,USA,2020,indie,False,America
7763,九头龙工作室,Australia,2020,indie,False,Oceania
7764,五条虾仁(5 shrimps),Sweden,1982,indie,False,Europe
7765,亘游,Poland,1981,indie,False,Europe
7766,人型ですカオス,Germany,1980,indie,False,Europe
7767,人格面具工作室,Canada,2002,indie,False,America
7768,人鱼工作室,Germany,1989,indie,False,Europe
7769,亿美元商城,Sweden,2004,indie,False,Europe
7770,伍达忠,France,1982,indie,False,Europe
7771,众妙之门工作室,France,1976,indie,False,Europe
7772,佳哥RPG工作室,Australia,1978,indie,False,Oceania
7773,倔强牛牛,Sweden,2009,indie,False,Europe
7774,六二柒工作室,Sweden,2011,indie,False,Europe
7775,养蛋人 Egg Hatcher,Sweden,2018,indie,False,Europe
7776,冻星游戏,Poland,1997,indie,False,Europe
7777,凌梦工作室,Sweden,1990,indie,False,Europe
7778,北京网元圣唐娱乐科技有限公司,Japan,1992,indie,False,Asia
7779,危途旅行团TravellersOnHazard,Sweden,2013,indie,False,Europe
7780,可能变不可能,USA,1993,indie,False,America
7781,台灣響雨互娛,Japan,1986,indie,False,Asia
7782,史图馆,USA,2011,indie,False,America
7783,吃了就睡工作室,USA,1976,mid,False,America
7784,咕咕制作组,USA,2019,indie,False,America
7785,咕咕工作室,France,1978,indie,False,Europe
7786,喵法自然,Japan,1997,indie,False,Asia
7787,嗨森數位文創,USA,1975,indie,False,America
7788,埋月山枯,France,1976,indie,False,Europe
7789,境界游戏股份有限公司,France,1998,indie,False,Europe
7790,夏日旧风工作室,USA,1999,indie,False,America
7791,夕輝ひかり,France,1990,indie,False,Europe
7792,多尔芬,France,1980,indie,True,Europe
7793,大きくて強い,Poland,2005,indie,False,Europe
7794,天天玩工作室,USA,2008,indie,False,America
7795,太阳的后羿,UK,1995,indie,False,Europe
7796,奇正游戏,Australia,1993,indie,False,Oceania
7797,奇迹Man,USA,1986,indie,False,America
7798,好几万个脑洞,Germany,2000,mid,False,Europe
7799,好好回去读书,Germany,1985,indie,False,Europe
7800,客服QQ:【969613426】,Germany,2010,indie,False,Europe
7801,寂静四周,UK,1986,mid,True,Europe
7802,小十一的老大,USA,1982,indie,False,America
7803,小正哥,Canada,2019,indie,False,America
7804,小猎犬游戏工作室,Canada,2018,indie,False,America
7805,崔资坦独立游戏Triztan IndieGame,Russia,2010,indie,False,Europe
7806,布衣个人工作室,Japan,1984,indie,True,Asia
7807,帝国烽烟,USA,1998,indie,False,America
7808,幻想理戈游戏开发工作室,Canada,2019,indie,False,America
7809,废材炼金术士,Australia,1975,indie,False,Oceania
7810,张宇芳,Canada,1985,indie,False,America
7811,弦语蝶梦,France,2004,indie,False,Europe
7812,心之初,France,1983,indie,False,Europe
7813,念如饺,USA,2015,indie,False,America
7814,愛上補習班,Australia,1990,mid,False,Oceania
7815,成都小微云联 LittleV,USA,1988,indie,False,America
7816,拉可欧蒂,Canada,1981,indie,False,America
7817,拔剑者,USA,2006,indie,False,America
7818,摇光,Russia,1978,indie,False,Europe
7819,文刀山宗,Sweden,2013,mid,False,Europe
7820,斜塔ソンブレロ,Germany,2003,indie,False,Europe
7821,斜王真眼,UK,1982,indie,False,Europe
7822,方块游戏(CubeGame),USA,1978,mid,False,America
7823,无锡上宸信息科技有限公司,Japan,2013,indie,False,Asia
7824,时光咖啡机,Sweden,2016,indie,False,Europe
7825,明枭网络,USA,1976,indie,False,America
7826,星九猫,USA,1981,indie,False,America
7827,星火燎猎,Japan,2009,indie,False,Asia
7828,曲线工作室,USA,1985,indie,False,America
7829,李园园,UK,1981,indie,False,Europe
7830,東京なおみ／Tokyo Naomi,USA,1998,indie,False,America
7831,株式会社3goo,Canada,2010,indie,False,America
7832,株式会社スタジオトリガー,France,1998,indie,False,Europe
7833,株式会社ワンコネクト,Sweden,2000,indie,False,Europe
7834,桃園市政府文化局,Germany,1985,indie,False,Europe
7835,梦影幻忆,Canada,2013,indie,True,America
7836,極楽阿鼻,Sweden,2011,indie,False,Europe
7837,構想コード：D,USA,1994,indie,False,America
7838,樂磚Joy Brick,Sweden,2003,indie,False,Europe
7839,橙光游戏,USA,2003,mid,False,America
7840,次世代ゲーム研究所,Sweden,1986,indie,False,Europe
7841,歐津津教團,UK,1993,indie,False,Europe
7842,正人君子杨某人,UK,2002,indie,False,Europe
7843,正经游戏开发组,Australia,2002,indie,False,Oceania
7844,武器铺工作室,UK,2017,indie,False,Europe
7845,每天睡了大麦特麦工作室,Japan,2021,indie,True,Asia
7846,汐留姉妹,USA,2001,indie,False,America
7847,法螺会,Australia,1978,indie,False,Oceania
7848,浮鲼工作室,Germany,2012,indie,False,Europe
7849,海貓,USA,1996,mid,False,America
7850,深圳墨麟科技股份有限公司,UK,2016,indie,True,Europe
7851,清友工作室,France,1996,indie,False,Europe
7852,清回,Japan,1994,mid,False,Asia
7853,清风,Japan,1999,indie,False,Asia
7854,游戏养家工作室,Japan,1997,indie,True,Asia
7855,漾夕制作组,Canada,1978,indie,False,America
7856,灌庄青曦石,USA,2000,indie,False,America
7857,灵虚之幽,USA,2015,indie,False,America
7858,炎帝归乡,Japan,1986,indie,False,Asia
7859,炎黄工作室,USA,1993,indie,False,America
7860,無限オーリーゲームズ,USA,2004,indie,False,America
7861,熊窝dodox,Poland,2015,indie,False,Europe
7862,狐放遊戲工作室,USA,2014,indie,False,America
7863,猫猫虫,UK,1982,indie,False,Europe
7864,王小波,Russia,1989,indie,False,Europe
7865,琉璃花糖制作组,USA,2018,mid,False,America
7866,甲山林娛樂股份有限公司,USA,1999,indie,False,America
7867,白日梦,Sweden,1983,indie,False,Europe
7868,白玉京工作室,UK,1995,indie,False,Europe
7869,目之辨 MuZhiBian,USA,1993,indie,False,America
7870,石家庄龙游科技有限公司,USA,2005,indie,False,America
7871,硬石工作室,UK,1981,indie,False,Europe
7872,确实是起名苦手,Germany,1996,indie,False,Europe
7873,神探饭店制作组,Russia,2010,indie,False,Europe
7874,禾晨工作室,Canada,2009,indie,False,America
7875,糯米集团工作室,Sweden,1989,indie,False,Europe
7876,純白花園WeissGarden,Poland,1993,indie,False,Europe
7877,"红尘滚滚,滚滚红尘",France,2013,indie,False,Europe
7878,红尘背包客,Poland,1979,indie,False,Europe
7879,织女星,UK,1997,indie,False,Europe
7880,织女星游戏,France,2013,indie,False,Europe
7881,续梦科技工作室,USA,2010,indie,False,America
7882,羲和工作室,France,1995,indie,False,Europe
7883,老K666 Studio,Australia,2011,indie,False,Oceania
7884,老乌贼工作室,USA,1980,indie,False,America
7885,自由愉悦小黄猫(Free pleasure little yellow cat),UK,2011,indie,False,Europe
7886,致意,Russia,1982,indie,False,Europe
7887,艺龙游戏,Sweden,2002,indie,False,Europe
7888,艾斯尼斯,Japan,1976,indie,False,Asia
7889,芒果互娱,France,1981,indie,False,Europe
7890,苦柚Games,USA,2017,indie,True,America
7891,英特衛多媒體股份有限公司,Canada,1995,indie,False,America
7892,茅焱杰,UK,1981,indie,False,Europe
7893,莓夜工作室,Japan,2016,indie,False,Asia
7894,蒹葭工作室,USA,2020,indie,False,America
7895,蔡嘉伟,Japan,2008,indie,False,Asia
7896,虚拟宇宙,Sweden,1993,indie,False,Europe
7897,血色双眸,Canada,1985,indie,False,America
7898,西安乐趣软件科技有限公司,Canada,1985,indie,True,America
7899,诡道,Japan,1993,indie,False,Asia
7900,豆米工作室,Sweden,1986,indie,False,Europe
7901,贰点捌,Sweden,2001,indie,False,Europe
7902,赚大钱工作室,Germany,2004,indie,False,Europe
7903,赤いトンボ,USA,1996,indie,True,America
7904,这是生活,UK,1982,indie,False,Europe
7905,迷糊的安安,Sweden,2013,mid,True,Europe
7906,追风的鱼,USA,1998,indie,False,America
7907,遇见咖啡厅,Russia,1975,indie,False,Europe
7908,那卜佬作坊,Poland,2012,indie,False,Europe
7909,金戈兄,France,1976,indie,False,Europe
7910,錯落交織 Interweave,Canada,1980,indie,False,America
7911,钻石工艺,Japan,1992,indie,False,Asia
7912,阿屁,Russia,1981,indie,False,Europe
7913,陈 世杰,Germany,2010,indie,False,Europe
7914,陈文龙,Poland,1995,indie,False,Europe
7915,雨天工作室,Russia,2012,indie,False,Europe
7916,雷克斯的游戏,Germany,1985,indie,False,Europe
7917,青度互娱,Canada,2019,indie,False,America
7918,青春18金魚,France,1983,indie,False,Europe
7919,韦渡文化网络有限公司,UK,2017,indie,False,Europe
7920,響雨@OSAKA,UK,2011,indie,False,Europe
7921,飞天大胖喵,Sweden,2013,indie,True,Europe
7922,飞鹰互娱,Sweden,2008,indie,False,Europe
7923,香山AI,Japan,1982,indie,True,Asia
7924,香蜂草,USA,1989,indie,False,America
7925,魔书科技,USA,1983,indie,True,America
7926,魔力猫,France,1991,indie,False,Europe
7927,魔导力科技,Germany,1999,indie,False,Europe
7928,黄金炫游科技有限公司,UK,2005,indie,False,Europe
7929,黎羽科技,USA,1991,mid,False,America
7930,齐盛科技,Germany,2015,indie,False,Europe
7931,龙门FG,USA,2005,indie,False,America
7932,나대는나,Poland,2019,indie,False,Europe
7933,루(Roux),Germany,1980,indie,False,Europe
7934,룰루랄라,Germany,2005,indie,False,Europe
7935,애옹랩스 MeowLabs,Germany,1975,indie,False,Europe
7936,유진게임즈,Japan,2015,indie,False,Asia
7937,처음 만든 게임회사,Canada,2020,indie,False,America
7938,티민이,USA,1989,mid,False,America
7939,팀 디미디움,Japan,1995,indie,False,Asia
